[      63ms] [INFO] %cDownload the React DevTools for a better development experience: https://react.dev/link/react-devtools font-weight:bold @ http://localhost:3000/_next/static/chunks/node_modules_next_dist_1ybzpk2._.js:2489
[      71ms] [LOG] [HMR] connected @ http://localhost:3000/_next/static/chunks/node_modules_next_dist_1ybzpk2._.js:2489
[     376ms] [WARNING] THREE.Clock: This module has been deprecated. Please use THREE.Timer instead. @ http://localhost:3000/_next/static/chunks/node_modules_next_dist_1ybzpk2._.js:2489
[     420ms] [WARNING] THREE.WebGLShadowMap: PCFSoftShadowMap has been deprecated. Using PCFShadowMap instead. @ http://localhost:3000/_next/static/chunks/node_modules_next_dist_1ybzpk2._.js:2489
[     792ms] [ERROR] Failed to load resource: the server responded with a status of 404 (Not Found) @ http://localhost:3000/video/ch4-intro.mp4:0
[     810ms] [ERROR] Failed to load resource: the server responded with a status of 404 (Not Found) @ http://localhost:3000/video/ch5-intro.mp4:0
[    9537ms] [WARNING] THREE.WebGLShadowMap: PCFSoftShadowMap has been deprecated. Using PCFShadowMap instead. @ http://localhost:3000/_next/static/chunks/node_modules_next_dist_1ybzpk2._.js:2489
[   64847ms] [ERROR] Failed to load resource: the server responded with a status of 502 (Bad Gateway) @ http://localhost:3000/api/tts:0
[  254132ms] [INFO] %cDownload the React DevTools for a better development experience: https://react.dev/link/react-devtools font-weight:bold @ http://localhost:3000/_next/static/chunks/node_modules_next_dist_1ybzpk2._.js:2489
[  254140ms] [LOG] [HMR] connected @ http://localhost:3000/_next/static/chunks/node_modules_next_dist_1ybzpk2._.js:2489
[  254390ms] [WARNING] THREE.Clock: This module has been deprecated. Please use THREE.Timer instead. @ http://localhost:3000/_next/static/chunks/node_modules_next_dist_1ybzpk2._.js:2489
[  254415ms] [WARNING] THREE.WebGLShadowMap: PCFSoftShadowMap has been deprecated. Using PCFShadowMap instead. @ http://localhost:3000/_next/static/chunks/node_modules_next_dist_1ybzpk2._.js:2489
[  254547ms] [ERROR] Failed to load resource: the server responded with a status of 404 (Not Found) @ http://localhost:3000/video/ch4-intro.mp4:0
[  254563ms] [ERROR] Failed to load resource: the server responded with a status of 404 (Not Found) @ http://localhost:3000/video/ch5-intro.mp4:0
[  256130ms] [WARNING] THREE.WebGLShadowMap: PCFSoftShadowMap has been deprecated. Using PCFShadowMap instead. @ http://localhost:3000/_next/static/chunks/node_modules_next_dist_1ybzpk2._.js:2489
[  350184ms] [INFO] %cDownload the React DevTools for a better development experience: https://react.dev/link/react-devtools font-weight:bold @ http://localhost:3000/_next/static/chunks/node_modules_next_dist_1ybzpk2._.js:2489
[  350189ms] [LOG] [HMR] connected @ http://localhost:3000/_next/static/chunks/node_modules_next_dist_1ybzpk2._.js:2489
[  350449ms] [WARNING] THREE.Clock: This module has been deprecated. Please use THREE.Timer instead. @ http://localhost:3000/_next/static/chunks/node_modules_next_dist_1ybzpk2._.js:2489
[  350474ms] [WARNING] THREE.WebGLShadowMap: PCFSoftShadowMap has been deprecated. Using PCFShadowMap instead. @ http://localhost:3000/_next/static/chunks/node_modules_next_dist_1ybzpk2._.js:2489
[  350630ms] [ERROR] Failed to load resource: the server responded with a status of 404 (Not Found) @ http://localhost:3000/video/ch4-intro.mp4:0
[  350647ms] [ERROR] Failed to load resource: the server responded with a status of 404 (Not Found) @ http://localhost:3000/video/ch5-intro.mp4:0
[  351820ms] [WARNING] THREE.WebGLShadowMap: PCFSoftShadowMap has been deprecated. Using PCFShadowMap instead. @ http://localhost:3000/_next/static/chunks/node_modules_next_dist_1ybzpk2._.js:2489
[  355031ms] [INFO] %cDownload the React DevTools for a better development experience: https://react.dev/link/react-devtools font-weight:bold @ http://localhost:3000/_next/static/chunks/node_modules_next_dist_1ybzpk2._.js:2489
[  355037ms] [LOG] [HMR] connected @ http://localhost:3000/_next/static/chunks/node_modules_next_dist_1ybzpk2._.js:2489
[  355304ms] [WARNING] THREE.Clock: This module has been deprecated. Please use THREE.Timer instead. @ http://localhost:3000/_next/static/chunks/node_modules_next_dist_1ybzpk2._.js:2489
[  355315ms] [ERROR] Failed to load resource: the server responded with a status of 404 (Not Found) @ http://localhost:3000/video/ch4-intro.mp4:0
[  355323ms] [WARNING] THREE.WebGLShadowMap: PCFSoftShadowMap has been deprecated. Using PCFShadowMap instead. @ http://localhost:3000/_next/static/chunks/node_modules_next_dist_1ybzpk2._.js:2489
[  355369ms] [ERROR] Failed to load resource: the server responded with a status of 404 (Not Found) @ http://localhost:3000/video/ch5-intro.mp4:0
[  356637ms] [WARNING] THREE.WebGLShadowMap: PCFSoftShadowMap has been deprecated. Using PCFShadowMap instead. @ http://localhost:3000/_next/static/chunks/node_modules_next_dist_1ybzpk2._.js:2489
[  359831ms] [INFO] %cDownload the React DevTools for a better development experience: https://react.dev/link/react-devtools font-weight:bold @ http://localhost:3000/_next/static/chunks/node_modules_next_dist_1ybzpk2._.js:2489
[  359836ms] [LOG] [HMR] connected @ http://localhost:3000/_next/static/chunks/node_modules_next_dist_1ybzpk2._.js:2489
[  360114ms] [WARNING] THREE.Clock: This module has been deprecated. Please use THREE.Timer instead. @ http://localhost:3000/_next/static/chunks/node_modules_next_dist_1ybzpk2._.js:2489
[  360134ms] [ERROR] Failed to load resource: the server responded with a status of 404 (Not Found) @ http://localhost:3000/video/ch4-intro.mp4:0
[  360135ms] [WARNING] THREE.WebGLShadowMap: PCFSoftShadowMap has been deprecated. Using PCFShadowMap instead. @ http://localhost:3000/_next/static/chunks/node_modules_next_dist_1ybzpk2._.js:2489
[  360196ms] [ERROR] Failed to load resource: the server responded with a status of 404 (Not Found) @ http://localhost:3000/video/ch5-intro.mp4:0
[  361435ms] [WARNING] THREE.WebGLShadowMap: PCFSoftShadowMap has been deprecated. Using PCFShadowMap instead. @ http://localhost:3000/_next/static/chunks/node_modules_next_dist_1ybzpk2._.js:2489
[  364631ms] [INFO] %cDownload the React DevTools for a better development experience: https://react.dev/link/react-devtools font-weight:bold @ http://localhost:3000/_next/static/chunks/node_modules_next_dist_1ybzpk2._.js:2489
[  364637ms] [LOG] [HMR] connected @ http://localhost:3000/_next/static/chunks/node_modules_next_dist_1ybzpk2._.js:2489
[  364915ms] [WARNING] THREE.Clock: This module has been deprecated. Please use THREE.Timer instead. @ http://localhost:3000/_next/static/chunks/node_modules_next_dist_1ybzpk2._.js:2489
[  364934ms] [WARNING] THREE.WebGLShadowMap: PCFSoftShadowMap has been deprecated. Using PCFShadowMap instead. @ http://localhost:3000/_next/static/chunks/node_modules_next_dist_1ybzpk2._.js:2489
[  364938ms] [ERROR] Failed to load resource: the server responded with a status of 404 (Not Found) @ http://localhost:3000/video/ch4-intro.mp4:0
[  364983ms] [ERROR] Failed to load resource: the server responded with a status of 404 (Not Found) @ http://localhost:3000/video/ch5-intro.mp4:0
[  366235ms] [WARNING] THREE.WebGLShadowMap: PCFSoftShadowMap has been deprecated. Using PCFShadowMap instead. @ http://localhost:3000/_next/static/chunks/node_modules_next_dist_1ybzpk2._.js:2489
[  369428ms] [INFO] %cDownload the React DevTools for a better development experience: https://react.dev/link/react-devtools font-weight:bold @ http://localhost:3000/_next/static/chunks/node_modules_next_dist_1ybzpk2._.js:2489
[  369435ms] [LOG] [HMR] connected @ http://localhost:3000/_next/static/chunks/node_modules_next_dist_1ybzpk2._.js:2489
[  369715ms] [WARNING] THREE.Clock: This module has been deprecated. Please use THREE.Timer instead. @ http://localhost:3000/_next/static/chunks/node_modules_next_dist_1ybzpk2._.js:2489
[  369738ms] [WARNING] THREE.WebGLShadowMap: PCFSoftShadowMap has been deprecated. Using PCFShadowMap instead. @ http://localhost:3000/_next/static/chunks/node_modules_next_dist_1ybzpk2._.js:2489
[  369791ms] [ERROR] Failed to load resource: the server responded with a status of 404 (Not Found) @ http://localhost:3000/video/ch4-intro.mp4:0
[  369809ms] [ERROR] Failed to load resource: the server responded with a status of 404 (Not Found) @ http://localhost:3000/video/ch5-intro.mp4:0
[  371021ms] [WARNING] THREE.WebGLShadowMap: PCFSoftShadowMap has been deprecated. Using PCFShadowMap instead. @ http://localhost:3000/_next/static/chunks/node_modules_next_dist_1ybzpk2._.js:2489
[  374226ms] [INFO] %cDownload the React DevTools for a better development experience: https://react.dev/link/react-devtools font-weight:bold @ http://localhost:3000/_next/static/chunks/node_modules_next_dist_1ybzpk2._.js:2489
[  374232ms] [LOG] [HMR] connected @ http://localhost:3000/_next/static/chunks/node_modules_next_dist_1ybzpk2._.js:2489
[  374512ms] [WARNING] THREE.Clock: This module has been deprecated. Please use THREE.Timer instead. @ http://localhost:3000/_next/static/chunks/node_modules_next_dist_1ybzpk2._.js:2489
[  374527ms] [ERROR] Failed to load resource: the server responded with a status of 404 (Not Found) @ http://localhost:3000/video/ch4-intro.mp4:0
[  374540ms] [WARNING] THREE.WebGLShadowMap: PCFSoftShadowMap has been deprecated. Using PCFShadowMap instead. @ http://localhost:3000/_next/static/chunks/node_modules_next_dist_1ybzpk2._.js:2489
[  374596ms] [ERROR] Failed to load resource: the server responded with a status of 404 (Not Found) @ http://localhost:3000/video/ch5-intro.mp4:0
[  375499ms] [WARNING] THREE.WebGLShadowMap: PCFSoftShadowMap has been deprecated. Using PCFShadowMap instead. @ http://localhost:3000/_next/static/chunks/node_modules_next_dist_1ybzpk2._.js:2489
[  379030ms] [INFO] %cDownload the React DevTools for a better development experience: https://react.dev/link/react-devtools font-weight:bold @ http://localhost:3000/_next/static/chunks/node_modules_next_dist_1ybzpk2._.js:2489
[  379035ms] [LOG] [HMR] connected @ http://localhost:3000/_next/static/chunks/node_modules_next_dist_1ybzpk2._.js:2489
[  379312ms] [WARNING] THREE.Clock: This module has been deprecated. Please use THREE.Timer instead. @ http://localhost:3000/_next/static/chunks/node_modules_next_dist_1ybzpk2._.js:2489
[  379324ms] [ERROR] Failed to load resource: the server responded with a status of 404 (Not Found) @ http://localhost:3000/video/ch4-intro.mp4:0
[  379333ms] [WARNING] THREE.WebGLShadowMap: PCFSoftShadowMap has been deprecated. Using PCFShadowMap instead. @ http://localhost:3000/_next/static/chunks/node_modules_next_dist_1ybzpk2._.js:2489
[  379386ms] [ERROR] Failed to load resource: the server responded with a status of 404 (Not Found) @ http://localhost:3000/video/ch5-intro.mp4:0
[  380633ms] [WARNING] THREE.WebGLShadowMap: PCFSoftShadowMap has been deprecated. Using PCFShadowMap instead. @ http://localhost:3000/_next/static/chunks/node_modules_next_dist_1ybzpk2._.js:2489
[  383836ms] [INFO] %cDownload the React DevTools for a better development experience: https://react.dev/link/react-devtools font-weight:bold @ http://localhost:3000/_next/static/chunks/node_modules_next_dist_1ybzpk2._.js:2489
[  383842ms] [LOG] [HMR] connected @ http://localhost:3000/_next/static/chunks/node_modules_next_dist_1ybzpk2._.js:2489
[  384112ms] [WARNING] THREE.Clock: This module has been deprecated. Please use THREE.Timer instead. @ http://localhost:3000/_next/static/chunks/node_modules_next_dist_1ybzpk2._.js:2489
[  384124ms] [ERROR] Failed to load resource: the server responded with a status of 404 (Not Found) @ http://localhost:3000/video/ch4-intro.mp4:0
[  384132ms] [WARNING] THREE.WebGLShadowMap: PCFSoftShadowMap has been deprecated. Using PCFShadowMap instead. @ http://localhost:3000/_next/static/chunks/node_modules_next_dist_1ybzpk2._.js:2489
[  384176ms] [ERROR] Failed to load resource: the server responded with a status of 404 (Not Found) @ http://localhost:3000/video/ch5-intro.mp4:0
[  385465ms] [WARNING] THREE.WebGLShadowMap: PCFSoftShadowMap has been deprecated. Using PCFShadowMap instead. @ http://localhost:3000/_next/static/chunks/node_modules_next_dist_1ybzpk2._.js:2489
[  388661ms] [INFO] %cDownload the React DevTools for a better development experience: https://react.dev/link/react-devtools font-weight:bold @ http://localhost:3000/_next/static/chunks/node_modules_next_dist_1ybzpk2._.js:2489
[  388666ms] [LOG] [HMR] connected @ http://localhost:3000/_next/static/chunks/node_modules_next_dist_1ybzpk2._.js:2489
[  388949ms] [WARNING] THREE.Clock: This module has been deprecated. Please use THREE.Timer instead. @ http://localhost:3000/_next/static/chunks/node_modules_next_dist_1ybzpk2._.js:2489
[  388967ms] [WARNING] THREE.WebGLShadowMap: PCFSoftShadowMap has been deprecated. Using PCFShadowMap instead. @ http://localhost:3000/_next/static/chunks/node_modules_next_dist_1ybzpk2._.js:2489
[  389022ms] [ERROR] Failed to load resource: the server responded with a status of 404 (Not Found) @ http://localhost:3000/video/ch4-intro.mp4:0
[  389051ms] [ERROR] Failed to load resource: the server responded with a status of 404 (Not Found) @ http://localhost:3000/video/ch5-intro.mp4:0
[  390279ms] [WARNING] THREE.WebGLShadowMap: PCFSoftShadowMap has been deprecated. Using PCFShadowMap instead. @ http://localhost:3000/_next/static/chunks/node_modules_next_dist_1ybzpk2._.js:2489
[  393487ms] [INFO] %cDownload the React DevTools for a better development experience: https://react.dev/link/react-devtools font-weight:bold @ http://localhost:3000/_next/static/chunks/node_modules_next_dist_1ybzpk2._.js:2489
[  393493ms] [LOG] [HMR] connected @ http://localhost:3000/_next/static/chunks/node_modules_next_dist_1ybzpk2._.js:2489
[  393769ms] [WARNING] THREE.Clock: This module has been deprecated. Please use THREE.Timer instead. @ http://localhost:3000/_next/static/chunks/node_modules_next_dist_1ybzpk2._.js:2489
[  393781ms] [ERROR] Failed to load resource: the server responded with a status of 404 (Not Found) @ http://localhost:3000/video/ch4-intro.mp4:0
[  393789ms] [WARNING] THREE.WebGLShadowMap: PCFSoftShadowMap has been deprecated. Using PCFShadowMap instead. @ http://localhost:3000/_next/static/chunks/node_modules_next_dist_1ybzpk2._.js:2489
[  393846ms] [ERROR] Failed to load resource: the server responded with a status of 404 (Not Found) @ http://localhost:3000/video/ch5-intro.mp4:0
[  395089ms] [WARNING] THREE.WebGLShadowMap: PCFSoftShadowMap has been deprecated. Using PCFShadowMap instead. @ http://localhost:3000/_next/static/chunks/node_modules_next_dist_1ybzpk2._.js:2489
[  421789ms] [INFO] %cDownload the React DevTools for a better development experience: https://react.dev/link/react-devtools font-weight:bold @ http://localhost:3000/_next/static/chunks/node_modules_next_dist_1ybzpk2._.js:2489
[  421795ms] [LOG] [HMR] connected @ http://localhost:3000/_next/static/chunks/node_modules_next_dist_1ybzpk2._.js:2489
[  422069ms] [WARNING] THREE.Clock: This module has been deprecated. Please use THREE.Timer instead. @ http://localhost:3000/_next/static/chunks/node_modules_next_dist_1ybzpk2._.js:2489
[  422088ms] [WARNING] THREE.WebGLShadowMap: PCFSoftShadowMap has been deprecated. Using PCFShadowMap instead. @ http://localhost:3000/_next/static/chunks/node_modules_next_dist_1ybzpk2._.js:2489
[  422209ms] [ERROR] Failed to load resource: the server responded with a status of 404 (Not Found) @ http://localhost:3000/video/ch4-intro.mp4:0
[  422225ms] [ERROR] Failed to load resource: the server responded with a status of 404 (Not Found) @ http://localhost:3000/video/ch5-intro.mp4:0
[  423392ms] [WARNING] THREE.WebGLShadowMap: PCFSoftShadowMap has been deprecated. Using PCFShadowMap instead. @ http://localhost:3000/_next/static/chunks/node_modules_next_dist_1ybzpk2._.js:2489
[  426388ms] [INFO] %cDownload the React DevTools for a better development experience: https://react.dev/link/react-devtools font-weight:bold @ http://localhost:3000/_next/static/chunks/node_modules_next_dist_1ybzpk2._.js:2489
[  426394ms] [LOG] [HMR] connected @ http://localhost:3000/_next/static/chunks/node_modules_next_dist_1ybzpk2._.js:2489
[  426673ms] [WARNING] THREE.Clock: This module has been deprecated. Please use THREE.Timer instead. @ http://localhost:3000/_next/static/chunks/node_modules_next_dist_1ybzpk2._.js:2489
[  426686ms] [ERROR] Failed to load resource: the server responded with a status of 404 (Not Found) @ http://localhost:3000/video/ch4-intro.mp4:0
[  426693ms] [WARNING] THREE.WebGLShadowMap: PCFSoftShadowMap has been deprecated. Using PCFShadowMap instead. @ http://localhost:3000/_next/static/chunks/node_modules_next_dist_1ybzpk2._.js:2489
[  426767ms] [ERROR] Failed to load resource: the server responded with a status of 404 (Not Found) @ http://localhost:3000/video/ch5-intro.mp4:0
[  427990ms] [WARNING] THREE.WebGLShadowMap: PCFSoftShadowMap has been deprecated. Using PCFShadowMap instead. @ http://localhost:3000/_next/static/chunks/node_modules_next_dist_1ybzpk2._.js:2489
[  430987ms] [INFO] %cDownload the React DevTools for a better development experience: https://react.dev/link/react-devtools font-weight:bold @ http://localhost:3000/_next/static/chunks/node_modules_next_dist_1ybzpk2._.js:2489
[  430993ms] [LOG] [HMR] connected @ http://localhost:3000/_next/static/chunks/node_modules_next_dist_1ybzpk2._.js:2489
[  431270ms] [WARNING] THREE.Clock: This module has been deprecated. Please use THREE.Timer instead. @ http://localhost:3000/_next/static/chunks/node_modules_next_dist_1ybzpk2._.js:2489
[  431287ms] [ERROR] Failed to load resource: the server responded with a status of 404 (Not Found) @ http://localhost:3000/video/ch4-intro.mp4:0
[  431294ms] [WARNING] THREE.WebGLShadowMap: PCFSoftShadowMap has been deprecated. Using PCFShadowMap instead. @ http://localhost:3000/_next/static/chunks/node_modules_next_dist_1ybzpk2._.js:2489
[  431340ms] [ERROR] Failed to load resource: the server responded with a status of 404 (Not Found) @ http://localhost:3000/video/ch5-intro.mp4:0
[  432584ms] [WARNING] THREE.WebGLShadowMap: PCFSoftShadowMap has been deprecated. Using PCFShadowMap instead. @ http://localhost:3000/_next/static/chunks/node_modules_next_dist_1ybzpk2._.js:2489
[  435594ms] [INFO] %cDownload the React DevTools for a better development experience: https://react.dev/link/react-devtools font-weight:bold @ http://localhost:3000/_next/static/chunks/node_modules_next_dist_1ybzpk2._.js:2489
[  435600ms] [LOG] [HMR] connected @ http://localhost:3000/_next/static/chunks/node_modules_next_dist_1ybzpk2._.js:2489
[  435875ms] [WARNING] THREE.Clock: This module has been deprecated. Please use THREE.Timer instead. @ http://localhost:3000/_next/static/chunks/node_modules_next_dist_1ybzpk2._.js:2489
[  435896ms] [ERROR] Failed to load resource: the server responded with a status of 404 (Not Found) @ http://localhost:3000/video/ch4-intro.mp4:0
[  435898ms] [WARNING] THREE.WebGLShadowMap: PCFSoftShadowMap has been deprecated. Using PCFShadowMap instead. @ http://localhost:3000/_next/static/chunks/node_modules_next_dist_1ybzpk2._.js:2489
[  435931ms] [ERROR] Failed to load resource: the server responded with a status of 404 (Not Found) @ http://localhost:3000/video/ch5-intro.mp4:0
[  437197ms] [WARNING] THREE.WebGLShadowMap: PCFSoftShadowMap has been deprecated. Using PCFShadowMap instead. @ http://localhost:3000/_next/static/chunks/node_modules_next_dist_1ybzpk2._.js:2489
[  440293ms] [INFO] %cDownload the React DevTools for a better development experience: https://react.dev/link/react-devtools font-weight:bold @ http://localhost:3000/_next/static/chunks/node_modules_next_dist_1ybzpk2._.js:2489
[  440300ms] [LOG] [HMR] connected @ http://localhost:3000/_next/static/chunks/node_modules_next_dist_1ybzpk2._.js:2489
[  440478ms] [WARNING] THREE.Clock: This module has been deprecated. Please use THREE.Timer instead. @ http://localhost:3000/_next/static/chunks/node_modules_next_dist_1ybzpk2._.js:2489
[  440502ms] [WARNING] THREE.WebGLShadowMap: PCFSoftShadowMap has been deprecated. Using PCFShadowMap instead. @ http://localhost:3000/_next/static/chunks/node_modules_next_dist_1ybzpk2._.js:2489
[  440650ms] [ERROR] Failed to load resource: the server responded with a status of 404 (Not Found) @ http://localhost:3000/video/ch4-intro.mp4:0
[  440687ms] [ERROR] Failed to load resource: the server responded with a status of 404 (Not Found) @ http://localhost:3000/video/ch5-intro.mp4:0
[  441943ms] [WARNING] THREE.WebGLShadowMap: PCFSoftShadowMap has been deprecated. Using PCFShadowMap instead. @ http://localhost:3000/_next/static/chunks/node_modules_next_dist_1ybzpk2._.js:2489
[  445064ms] [INFO] %cDownload the React DevTools for a better development experience: https://react.dev/link/react-devtools font-weight:bold @ http://localhost:3000/_next/static/chunks/node_modules_next_dist_1ybzpk2._.js:2489
[  445071ms] [LOG] [HMR] connected @ http://localhost:3000/_next/static/chunks/node_modules_next_dist_1ybzpk2._.js:2489
[  445227ms] [WARNING] THREE.Clock: This module has been deprecated. Please use THREE.Timer instead. @ http://localhost:3000/_next/static/chunks/node_modules_next_dist_1ybzpk2._.js:2489
[  445242ms] [ERROR] Failed to load resource: the server responded with a status of 404 (Not Found) @ http://localhost:3000/video/ch4-intro.mp4:0
[  445250ms] [WARNING] THREE.WebGLShadowMap: PCFSoftShadowMap has been deprecated. Using PCFShadowMap instead. @ http://localhost:3000/_next/static/chunks/node_modules_next_dist_1ybzpk2._.js:2489
[  445339ms] [ERROR] Failed to load resource: the server responded with a status of 404 (Not Found) @ http://localhost:3000/video/ch5-intro.mp4:0
[  446687ms] [WARNING] THREE.WebGLShadowMap: PCFSoftShadowMap has been deprecated. Using PCFShadowMap instead. @ http://localhost:3000/_next/static/chunks/node_modules_next_dist_1ybzpk2._.js:2489
[  471720ms] [INFO] %cDownload the React DevTools for a better development experience: https://react.dev/link/react-devtools font-weight:bold @ http://localhost:3000/_next/static/chunks/node_modules_next_dist_1ybzpk2._.js:2489
[  471727ms] [LOG] [HMR] connected @ http://localhost:3000/_next/static/chunks/node_modules_next_dist_1ybzpk2._.js:2489
[  471965ms] [WARNING] THREE.Clock: This module has been deprecated. Please use THREE.Timer instead. @ http://localhost:3000/_next/static/chunks/node_modules_next_dist_1ybzpk2._.js:2489
[  472030ms] [WARNING] THREE.WebGLShadowMap: PCFSoftShadowMap has been deprecated. Using PCFShadowMap instead. @ http://localhost:3000/_next/static/chunks/node_modules_next_dist_1ybzpk2._.js:2489
[  472124ms] [ERROR] Failed to load resource: the server responded with a status of 404 (Not Found) @ http://localhost:3000/video/ch4-intro.mp4:0
[  472141ms] [ERROR] Failed to load resource: the server responded with a status of 404 (Not Found) @ http://localhost:3000/video/ch5-intro.mp4:0
[  473325ms] [WARNING] THREE.WebGLShadowMap: PCFSoftShadowMap has been deprecated. Using PCFShadowMap instead. @ http://localhost:3000/_next/static/chunks/node_modules_next_dist_1ybzpk2._.js:2489
[  522095ms] [INFO] %cDownload the React DevTools for a better development experience: https://react.dev/link/react-devtools font-weight:bold @ http://localhost:3000/_next/static/chunks/node_modules_next_dist_1ybzpk2._.js:2489
[  522101ms] [LOG] [HMR] connected @ http://localhost:3000/_next/static/chunks/node_modules_next_dist_1ybzpk2._.js:2489
[  522379ms] [WARNING] THREE.Clock: This module has been deprecated. Please use THREE.Timer instead. @ http://localhost:3000/_next/static/chunks/node_modules_next_dist_1ybzpk2._.js:2489
[  522413ms] [WARNING] THREE.WebGLShadowMap: PCFSoftShadowMap has been deprecated. Using PCFShadowMap instead. @ http://localhost:3000/_next/static/chunks/node_modules_next_dist_1ybzpk2._.js:2489
[  522521ms] [ERROR] Failed to load resource: the server responded with a status of 404 (Not Found) @ http://localhost:3000/video/ch4-intro.mp4:0
[  522538ms] [ERROR] Failed to load resource: the server responded with a status of 404 (Not Found) @ http://localhost:3000/video/ch5-intro.mp4:0
[  523373ms] [WARNING] THREE.WebGLShadowMap: PCFSoftShadowMap has been deprecated. Using PCFShadowMap instead. @ http://localhost:3000/_next/static/chunks/node_modules_next_dist_1ybzpk2._.js:2489
[  527654ms] [WARNING] THREE.WebGLShadowMap: PCFSoftShadowMap has been deprecated. Using PCFShadowMap instead. @ http://localhost:3000/_next/static/chunks/node_modules_next_dist_1ybzpk2._.js:2489
[  532421ms] [WARNING] THREE.WebGLShadowMap: PCFSoftShadowMap has been deprecated. Using PCFShadowMap instead. @ http://localhost:3000/_next/static/chunks/node_modules_next_dist_1ybzpk2._.js:2489
[  534514ms] [ERROR] Failed to load resource: the server responded with a status of 502 (Bad Gateway) @ http://localhost:3000/api/tts:0
[  534676ms] [ERROR] Failed to load resource: the server responded with a status of 502 (Bad Gateway) @ http://localhost:3000/api/tts:0
[  571224ms] [WARNING] THREE.WebGLShadowMap: PCFSoftShadowMap has been deprecated. Using PCFShadowMap instead. @ http://localhost:3000/_next/static/chunks/node_modules_next_dist_1ybzpk2._.js:2489
[  636891ms] [LOG] [Fast Refresh] rebuilding @ http://localhost:3000/_next/static/chunks/node_modules_next_dist_1ybzpk2._.js:2489
[  637176ms] [LOG] [Fast Refresh] done in 387ms @ http://localhost:3000/_next/static/chunks/node_modules_next_dist_1ybzpk2._.js:2489
[  672733ms] [LOG] [Fast Refresh] rebuilding @ http://localhost:3000/_next/static/chunks/node_modules_next_dist_1ybzpk2._.js:2489
[  672791ms] [LOG] [Fast Refresh] done in 97ms @ http://localhost:3000/_next/static/chunks/node_modules_next_dist_1ybzpk2._.js:2489
[  681096ms] [LOG] [Fast Refresh] rebuilding @ http://localhost:3000/_next/static/chunks/node_modules_next_dist_1ybzpk2._.js:2489
[  681139ms] [LOG] [Fast Refresh] done in 47ms @ http://localhost:3000/_next/static/chunks/node_modules_next_dist_1ybzpk2._.js:2489
[  690574ms] [LOG] [Fast Refresh] rebuilding @ http://localhost:3000/_next/static/chunks/node_modules_next_dist_1ybzpk2._.js:2489
[  690615ms] [LOG] [Fast Refresh] done in 37ms @ http://localhost:3000/_next/static/chunks/node_modules_next_dist_1ybzpk2._.js:2489
[  696794ms] [LOG] [Fast Refresh] rebuilding @ http://localhost:3000/_next/static/chunks/node_modules_next_dist_1ybzpk2._.js:2489
[  696821ms] ReferenceError: PIN_LABEL is not defined
    at useLabelProjection.useFrame [as current] (http://localhost:3000/_next/static/chunks/src_1aak4l9._.js?id=%255Bproject%255D%252Fsrc%252Fchapters%252Fch5%252FShowOrHideScene.tsx+%255Bapp-client%255D+%2528ecmascript%2529:1497:36)
    at update (http://localhost:3000/_next/static/chunks/node_modules_%40react-three_fiber_dist_10swxn6._.js:15260:26)
    at loop (http://localhost:3000/_next/static/chunks/node_modules_%40react-three_fiber_dist_10swxn6._.js:15286:23)
[  696822ms] ReferenceError: PIN_LABEL is not defined
    at useLabelProjection.useFrame [as current] (http://localhost:3000/_next/static/chunks/src_1aak4l9._.js?id=%255Bproject%255D%252Fsrc%252Fchapters%252Fch5%252FShowOrHideScene.tsx+%255Bapp-client%255D+%2528ecmascript%2529:1497:36)
    at update (http://localhost:3000/_next/static/chunks/node_modules_%40react-three_fiber_dist_10swxn6._.js:15260:26)
    at loop (http://localhost:3000/_next/static/chunks/node_modules_%40react-three_fiber_dist_10swxn6._.js:15286:23)
[  696821ms] [LOG] [Fast Refresh] done in 39ms @ http://localhost:3000/_next/static/chunks/node_modules_next_dist_1ybzpk2._.js:2489
[  696824ms] ReferenceError: PIN_LABEL is not defined
    at useLabelProjection.useFrame [as current] (http://localhost:3000/_next/static/chunks/src_1aak4l9._.js?id=%255Bproject%255D%252Fsrc%252Fchapters%252Fch5%252FShowOrHideScene.tsx+%255Bapp-client%255D+%2528ecmascript%2529:1497:36)
    at update (http://localhost:3000/_next/static/chunks/node_modules_%40react-three_fiber_dist_10swxn6._.js:15260:26)
    at loop (http://localhost:3000/_next/static/chunks/node_modules_%40react-three_fiber_dist_10swxn6._.js:15286:23)
[  696831ms] ReferenceError: PIN_LABEL is not defined
    at useLabelProjection.useFrame [as current] (http://localhost:3000/_next/static/chunks/src_1aak4l9._.js?id=%255Bproject%255D%252Fsrc%252Fchapters%252Fch5%252FShowOrHideScene.tsx+%255Bapp-client%255D+%2528ecmascript%2529:1497:36)
    at update (http://localhost:3000/_next/static/chunks/node_modules_%40react-three_fiber_dist_10swxn6._.js:15260:26)
    at loop (http://localhost:3000/_next/static/chunks/node_modules_%40react-three_fiber_dist_10swxn6._.js:15286:23)
[  696840ms] ReferenceError: PIN_LABEL is not defined
    at useLabelProjection.useFrame [as current] (http://localhost:3000/_next/static/chunks/src_1aak4l9._.js?id=%255Bproject%255D%252Fsrc%252Fchapters%252Fch5%252FShowOrHideScene.tsx+%255Bapp-client%255D+%2528ecmascript%2529:1497:36)
    at update (http://localhost:3000/_next/static/chunks/node_modules_%40react-three_fiber_dist_10swxn6._.js:15260:26)
    at loop (http://localhost:3000/_next/static/chunks/node_modules_%40react-three_fiber_dist_10swxn6._.js:15286:23)
[  696848ms] ReferenceError: PIN_LABEL is not defined
    at useLabelProjection.useFrame [as current] (http://localhost:3000/_next/static/chunks/src_1aak4l9._.js?id=%255Bproject%255D%252Fsrc%252Fchapters%252Fch5%252FShowOrHideScene.tsx+%255Bapp-client%255D+%2528ecmascript%2529:1497:36)
    at update (http://localhost:3000/_next/static/chunks/node_modules_%40react-three_fiber_dist_10swxn6._.js:15260:26)
    at loop (http://localhost:3000/_next/static/chunks/node_modules_%40react-three_fiber_dist_10swxn6._.js:15286:23)
[  696856ms] ReferenceError: PIN_LABEL is not defined
    at useLabelProjection.useFrame [as current] (http://localhost:3000/_next/static/chunks/src_1aak4l9._.js?id=%255Bproject%255D%252Fsrc%252Fchapters%252Fch5%252FShowOrHideScene.tsx+%255Bapp-client%255D+%2528ecmascript%2529:1497:36)
    at update (http://localhost:3000/_next/static/chunks/node_modules_%40react-three_fiber_dist_10swxn6._.js:15260:26)
    at loop (http://localhost:3000/_next/static/chunks/node_modules_%40react-three_fiber_dist_10swxn6._.js:15286:23)
[  696929ms] [LOG] [Fast Refresh] rebuilding @ http://localhost:3000/_next/static/chunks/node_modules_next_dist_1ybzpk2._.js:2489
[  696932ms] [LOG] [Fast Refresh] done in 105ms @ http://localhost:3000/_next/static/chunks/node_modules_next_dist_1ybzpk2._.js:2489
[  697306ms] ReferenceError: PIN_LABEL is not defined
    at useLabelProjection.useFrame [as current] (http://localhost:3000/_next/static/chunks/src_1aak4l9._.js?id=%255Bproject%255D%252Fsrc%252Fchapters%252Fch5%252FShowOrHideScene.tsx+%255Bapp-client%255D+%2528ecmascript%2529:1497:36)
    at update (http://localhost:3000/_next/static/chunks/node_modules_%40react-three_fiber_dist_10swxn6._.js:15260:26)
    at loop (http://localhost:3000/_next/static/chunks/node_modules_%40react-three_fiber_dist_10swxn6._.js:15286:23)
[  697306ms] ReferenceError: PIN_LABEL is not defined
    at useLabelProjection.useFrame [as current] (http://localhost:3000/_next/static/chunks/src_1aak4l9._.js?id=%255Bproject%255D%252Fsrc%252Fchapters%252Fch5%252FShowOrHideScene.tsx+%255Bapp-client%255D+%2528ecmascript%2529:1497:36)
    at update (http://localhost:3000/_next/static/chunks/node_modules_%40react-three_fiber_dist_10swxn6._.js:15260:26)
    at loop (http://localhost:3000/_next/static/chunks/node_modules_%40react-three_fiber_dist_10swxn6._.js:15286:23)
[  697314ms] ReferenceError: PIN_LABEL is not defined
    at useLabelProjection.useFrame [as current] (http://localhost:3000/_next/static/chunks/src_1aak4l9._.js?id=%255Bproject%255D%252Fsrc%252Fchapters%252Fch5%252FShowOrHideScene.tsx+%255Bapp-client%255D+%2528ecmascript%2529:1497:36)
    at update (http://localhost:3000/_next/static/chunks/node_modules_%40react-three_fiber_dist_10swxn6._.js:15260:26)
    at loop (http://localhost:3000/_next/static/chunks/node_modules_%40react-three_fiber_dist_10swxn6._.js:15286:23)
[  697322ms] ReferenceError: PIN_LABEL is not defined
    at useLabelProjection.useFrame [as current] (http://localhost:3000/_next/static/chunks/src_1aak4l9._.js?id=%255Bproject%255D%252Fsrc%252Fchapters%252Fch5%252FShowOrHideScene.tsx+%255Bapp-client%255D+%2528ecmascript%2529:1497:36)
    at update (http://localhost:3000/_next/static/chunks/node_modules_%40react-three_fiber_dist_10swxn6._.js:15260:26)
    at loop (http://localhost:3000/_next/static/chunks/node_modules_%40react-three_fiber_dist_10swxn6._.js:15286:23)
[  697330ms] ReferenceError: PIN_LABEL is not defined
    at useLabelProjection.useFrame [as current] (http://localhost:3000/_next/static/chunks/src_1aak4l9._.js?id=%255Bproject%255D%252Fsrc%252Fchapters%252Fch5%252FShowOrHideScene.tsx+%255Bapp-client%255D+%2528ecmascript%2529:1497:36)
    at update (http://localhost:3000/_next/static/chunks/node_modules_%40react-three_fiber_dist_10swxn6._.js:15260:26)
    at loop (http://localhost:3000/_next/static/chunks/node_modules_%40react-three_fiber_dist_10swxn6._.js:15286:23)
[  697339ms] ReferenceError: PIN_LABEL is not defined
    at useLabelProjection.useFrame [as current] (http://localhost:3000/_next/static/chunks/src_1aak4l9._.js?id=%255Bproject%255D%252Fsrc%252Fchapters%252Fch5%252FShowOrHideScene.tsx+%255Bapp-client%255D+%2528ecmascript%2529:1497:36)
    at update (http://localhost:3000/_next/static/chunks/node_modules_%40react-three_fiber_dist_10swxn6._.js:15260:26)
    at loop (http://localhost:3000/_next/static/chunks/node_modules_%40react-three_fiber_dist_10swxn6._.js:15286:23)
[  697347ms] ReferenceError: PIN_LABEL is not defined
    at useLabelProjection.useFrame [as current] (http://localhost:3000/_next/static/chunks/src_1aak4l9._.js?id=%255Bproject%255D%252Fsrc%252Fchapters%252Fch5%252FShowOrHideScene.tsx+%255Bapp-client%255D+%2528ecmascript%2529:1497:36)
    at update (http://localhost:3000/_next/static/chunks/node_modules_%40react-three_fiber_dist_10swxn6._.js:15260:26)
    at loop (http://localhost:3000/_next/static/chunks/node_modules_%40react-three_fiber_dist_10swxn6._.js:15286:23)
[  697356ms] ReferenceError: PIN_LABEL is not defined
    at useLabelProjection.useFrame [as current] (http://localhost:3000/_next/static/chunks/src_1aak4l9._.js?id=%255Bproject%255D%252Fsrc%252Fchapters%252Fch5%252FShowOrHideScene.tsx+%255Bapp-client%255D+%2528ecmascript%2529:1497:36)
    at update (http://localhost:3000/_next/static/chunks/node_modules_%40react-three_fiber_dist_10swxn6._.js:15260:26)
    at loop (http://localhost:3000/_next/static/chunks/node_modules_%40react-three_fiber_dist_10swxn6._.js:15286:23)
[  697364ms] ReferenceError: PIN_LABEL is not defined
    at useLabelProjection.useFrame [as current] (http://localhost:3000/_next/static/chunks/src_1aak4l9._.js?id=%255Bproject%255D%252Fsrc%252Fchapters%252Fch5%252FShowOrHideScene.tsx+%255Bapp-client%255D+%2528ecmascript%2529:1497:36)
    at update (http://localhost:3000/_next/static/chunks/node_modules_%40react-three_fiber_dist_10swxn6._.js:15260:26)
    at loop (http://localhost:3000/_next/static/chunks/node_modules_%40react-three_fiber_dist_10swxn6._.js:15286:23)
[  697373ms] ReferenceError: PIN_LABEL is not defined
    at useLabelProjection.useFrame [as current] (http://localhost:3000/_next/static/chunks/src_1aak4l9._.js?id=%255Bproject%255D%252Fsrc%252Fchapters%252Fch5%252FShowOrHideScene.tsx+%255Bapp-client%255D+%2528ecmascript%2529:1497:36)
    at update (http://localhost:3000/_next/static/chunks/node_modules_%40react-three_fiber_dist_10swxn6._.js:15260:26)
    at loop (http://localhost:3000/_next/static/chunks/node_modules_%40react-three_fiber_dist_10swxn6._.js:15286:23)
[  697380ms] ReferenceError: PIN_LABEL is not defined
    at useLabelProjection.useFrame [as current] (http://localhost:3000/_next/static/chunks/src_1aak4l9._.js?id=%255Bproject%255D%252Fsrc%252Fchapters%252Fch5%252FShowOrHideScene.tsx+%255Bapp-client%255D+%2528ecmascript%2529:1497:36)
    at update (http://localhost:3000/_next/static/chunks/node_modules_%40react-three_fiber_dist_10swxn6._.js:15260:26)
    at loop (http://localhost:3000/_next/static/chunks/node_modules_%40react-three_fiber_dist_10swxn6._.js:15286:23)
[  697389ms] ReferenceError: PIN_LABEL is not defined
    at useLabelProjection.useFrame [as current] (http://localhost:3000/_next/static/chunks/src_1aak4l9._.js?id=%255Bproject%255D%252Fsrc%252Fchapters%252Fch5%252FShowOrHideScene.tsx+%255Bapp-client%255D+%2528ecmascript%2529:1497:36)
    at update (http://localhost:3000/_next/static/chunks/node_modules_%40react-three_fiber_dist_10swxn6._.js:15260:26)
    at loop (http://localhost:3000/_next/static/chunks/node_modules_%40react-three_fiber_dist_10swxn6._.js:15286:23)
[  697397ms] ReferenceError: PIN_LABEL is not defined
    at useLabelProjection.useFrame [as current] (http://localhost:3000/_next/static/chunks/src_1aak4l9._.js?id=%255Bproject%255D%252Fsrc%252Fchapters%252Fch5%252FShowOrHideScene.tsx+%255Bapp-client%255D+%2528ecmascript%2529:1497:36)
    at update (http://localhost:3000/_next/static/chunks/node_modules_%40react-three_fiber_dist_10swxn6._.js:15260:26)
    at loop (http://localhost:3000/_next/static/chunks/node_modules_%40react-three_fiber_dist_10swxn6._.js:15286:23)
[  697405ms] ReferenceError: PIN_LABEL is not defined
    at useLabelProjection.useFrame [as current] (http://localhost:3000/_next/static/chunks/src_1aak4l9._.js?id=%255Bproject%255D%252Fsrc%252Fchapters%252Fch5%252FShowOrHideScene.tsx+%255Bapp-client%255D+%2528ecmascript%2529:1497:36)
    at update (http://localhost:3000/_next/static/chunks/node_modules_%40react-three_fiber_dist_10swxn6._.js:15260:26)
    at loop (http://localhost:3000/_next/static/chunks/node_modules_%40react-three_fiber_dist_10swxn6._.js:15286:23)
[  697414ms] ReferenceError: PIN_LABEL is not defined
    at useLabelProjection.useFrame [as current] (http://localhost:3000/_next/static/chunks/src_1aak4l9._.js?id=%255Bproject%255D%252Fsrc%252Fchapters%252Fch5%252FShowOrHideScene.tsx+%255Bapp-client%255D+%2528ecmascript%2529:1497:36)
    at update (http://localhost:3000/_next/static/chunks/node_modules_%40react-three_fiber_dist_10swxn6._.js:15260:26)
    at loop (http://localhost:3000/_next/static/chunks/node_modules_%40react-three_fiber_dist_10swxn6._.js:15286:23)
[  697422ms] ReferenceError: PIN_LABEL is not defined
    at useLabelProjection.useFrame [as current] (http://localhost:3000/_next/static/chunks/src_1aak4l9._.js?id=%255Bproject%255D%252Fsrc%252Fchapters%252Fch5%252FShowOrHideScene.tsx+%255Bapp-client%255D+%2528ecmascript%2529:1497:36)
    at update (http://localhost:3000/_next/static/chunks/node_modules_%40react-three_fiber_dist_10swxn6._.js:15260:26)
    at loop (http://localhost:3000/_next/static/chunks/node_modules_%40react-three_fiber_dist_10swxn6._.js:15286:23)
[  697430ms] ReferenceError: PIN_LABEL is not defined
    at useLabelProjection.useFrame [as current] (http://localhost:3000/_next/static/chunks/src_1aak4l9._.js?id=%255Bproject%255D%252Fsrc%252Fchapters%252Fch5%252FShowOrHideScene.tsx+%255Bapp-client%255D+%2528ecmascript%2529:1497:36)
    at update (http://localhost:3000/_next/static/chunks/node_modules_%40react-three_fiber_dist_10swxn6._.js:15260:26)
    at loop (http://localhost:3000/_next/static/chunks/node_modules_%40react-three_fiber_dist_10swxn6._.js:15286:23)
[  697439ms] ReferenceError: PIN_LABEL is not defined
    at useLabelProjection.useFrame [as current] (http://localhost:3000/_next/static/chunks/src_1aak4l9._.js?id=%255Bproject%255D%252Fsrc%252Fchapters%252Fch5%252FShowOrHideScene.tsx+%255Bapp-client%255D+%2528ecmascript%2529:1497:36)
    at update (http://localhost:3000/_next/static/chunks/node_modules_%40react-three_fiber_dist_10swxn6._.js:15260:26)
    at loop (http://localhost:3000/_next/static/chunks/node_modules_%40react-three_fiber_dist_10swxn6._.js:15286:23)
[  697447ms] ReferenceError: PIN_LABEL is not defined
    at useLabelProjection.useFrame [as current] (http://localhost:3000/_next/static/chunks/src_1aak4l9._.js?id=%255Bproject%255D%252Fsrc%252Fchapters%252Fch5%252FShowOrHideScene.tsx+%255Bapp-client%255D+%2528ecmascript%2529:1497:36)
    at update (http://localhost:3000/_next/static/chunks/node_modules_%40react-three_fiber_dist_10swxn6._.js:15260:26)
    at loop (http://localhost:3000/_next/static/chunks/node_modules_%40react-three_fiber_dist_10swxn6._.js:15286:23)
[  697455ms] ReferenceError: PIN_LABEL is not defined
    at useLabelProjection.useFrame [as current] (http://localhost:3000/_next/static/chunks/src_1aak4l9._.js?id=%255Bproject%255D%252Fsrc%252Fchapters%252Fch5%252FShowOrHideScene.tsx+%255Bapp-client%255D+%2528ecmascript%2529:1497:36)
    at update (http://localhost:3000/_next/static/chunks/node_modules_%40react-three_fiber_dist_10swxn6._.js:15260:26)
    at loop (http://localhost:3000/_next/static/chunks/node_modules_%40react-three_fiber_dist_10swxn6._.js:15286:23)
[  697464ms] ReferenceError: PIN_LABEL is not defined
    at useLabelProjection.useFrame [as current] (http://localhost:3000/_next/static/chunks/src_1aak4l9._.js?id=%255Bproject%255D%252Fsrc%252Fchapters%252Fch5%252FShowOrHideScene.tsx+%255Bapp-client%255D+%2528ecmascript%2529:1497:36)
    at update (http://localhost:3000/_next/static/chunks/node_modules_%40react-three_fiber_dist_10swxn6._.js:15260:26)
    at loop (http://localhost:3000/_next/static/chunks/node_modules_%40react-three_fiber_dist_10swxn6._.js:15286:23)
[  697472ms] ReferenceError: PIN_LABEL is not defined
    at useLabelProjection.useFrame [as current] (http://localhost:3000/_next/static/chunks/src_1aak4l9._.js?id=%255Bproject%255D%252Fsrc%252Fchapters%252Fch5%252FShowOrHideScene.tsx+%255Bapp-client%255D+%2528ecmascript%2529:1497:36)
    at update (http://localhost:3000/_next/static/chunks/node_modules_%40react-three_fiber_dist_10swxn6._.js:15260:26)
    at loop (http://localhost:3000/_next/static/chunks/node_modules_%40react-three_fiber_dist_10swxn6._.js:15286:23)
[  697481ms] ReferenceError: PIN_LABEL is not defined
    at useLabelProjection.useFrame [as current] (http://localhost:3000/_next/static/chunks/src_1aak4l9._.js?id=%255Bproject%255D%252Fsrc%252Fchapters%252Fch5%252FShowOrHideScene.tsx+%255Bapp-client%255D+%2528ecmascript%2529:1497:36)
    at update (http://localhost:3000/_next/static/chunks/node_modules_%40react-three_fiber_dist_10swxn6._.js:15260:26)
    at loop (http://localhost:3000/_next/static/chunks/node_modules_%40react-three_fiber_dist_10swxn6._.js:15286:23)
[  697489ms] ReferenceError: PIN_LABEL is not defined
    at useLabelProjection.useFrame [as current] (http://localhost:3000/_next/static/chunks/src_1aak4l9._.js?id=%255Bproject%255D%252Fsrc%252Fchapters%252Fch5%252FShowOrHideScene.tsx+%255Bapp-client%255D+%2528ecmascript%2529:1497:36)
    at update (http://localhost:3000/_next/static/chunks/node_modules_%40react-three_fiber_dist_10swxn6._.js:15260:26)
    at loop (http://localhost:3000/_next/static/chunks/node_modules_%40react-three_fiber_dist_10swxn6._.js:15286:23)
[  697498ms] ReferenceError: PIN_LABEL is not defined
    at useLabelProjection.useFrame [as current] (http://localhost:3000/_next/static/chunks/src_1aak4l9._.js?id=%255Bproject%255D%252Fsrc%252Fchapters%252Fch5%252FShowOrHideScene.tsx+%255Bapp-client%255D+%2528ecmascript%2529:1497:36)
    at update (http://localhost:3000/_next/static/chunks/node_modules_%40react-three_fiber_dist_10swxn6._.js:15260:26)
    at loop (http://localhost:3000/_next/static/chunks/node_modules_%40react-three_fiber_dist_10swxn6._.js:15286:23)
[  697505ms] ReferenceError: PIN_LABEL is not defined
    at useLabelProjection.useFrame [as current] (http://localhost:3000/_next/static/chunks/src_1aak4l9._.js?id=%255Bproject%255D%252Fsrc%252Fchapters%252Fch5%252FShowOrHideScene.tsx+%255Bapp-client%255D+%2528ecmascript%2529:1497:36)
    at update (http://localhost:3000/_next/static/chunks/node_modules_%40react-three_fiber_dist_10swxn6._.js:15260:26)
    at loop (http://localhost:3000/_next/static/chunks/node_modules_%40react-three_fiber_dist_10swxn6._.js:15286:23)
[  697515ms] ReferenceError: PIN_LABEL is not defined
    at useLabelProjection.useFrame [as current] (http://localhost:3000/_next/static/chunks/src_1aak4l9._.js?id=%255Bproject%255D%252Fsrc%252Fchapters%252Fch5%252FShowOrHideScene.tsx+%255Bapp-client%255D+%2528ecmascript%2529:1497:36)
    at update (http://localhost:3000/_next/static/chunks/node_modules_%40react-three_fiber_dist_10swxn6._.js:15260:26)
    at loop (http://localhost:3000/_next/static/chunks/node_modules_%40react-three_fiber_dist_10swxn6._.js:15286:23)
[  697523ms] ReferenceError: PIN_LABEL is not defined
    at useLabelProjection.useFrame [as current] (http://localhost:3000/_next/static/chunks/src_1aak4l9._.js?id=%255Bproject%255D%252Fsrc%252Fchapters%252Fch5%252FShowOrHideScene.tsx+%255Bapp-client%255D+%2528ecmascript%2529:1497:36)
    at update (http://localhost:3000/_next/static/chunks/node_modules_%40react-three_fiber_dist_10swxn6._.js:15260:26)
    at loop (http://localhost:3000/_next/static/chunks/node_modules_%40react-three_fiber_dist_10swxn6._.js:15286:23)
[  697531ms] ReferenceError: PIN_LABEL is not defined
    at useLabelProjection.useFrame [as current] (http://localhost:3000/_next/static/chunks/src_1aak4l9._.js?id=%255Bproject%255D%252Fsrc%252Fchapters%252Fch5%252FShowOrHideScene.tsx+%255Bapp-client%255D+%2528ecmascript%2529:1497:36)
    at update (http://localhost:3000/_next/static/chunks/node_modules_%40react-three_fiber_dist_10swxn6._.js:15260:26)
    at loop (http://localhost:3000/_next/static/chunks/node_modules_%40react-three_fiber_dist_10swxn6._.js:15286:23)
[  697539ms] ReferenceError: PIN_LABEL is not defined
    at useLabelProjection.useFrame [as current] (http://localhost:3000/_next/static/chunks/src_1aak4l9._.js?id=%255Bproject%255D%252Fsrc%252Fchapters%252Fch5%252FShowOrHideScene.tsx+%255Bapp-client%255D+%2528ecmascript%2529:1497:36)
    at update (http://localhost:3000/_next/static/chunks/node_modules_%40react-three_fiber_dist_10swxn6._.js:15260:26)
    at loop (http://localhost:3000/_next/static/chunks/node_modules_%40react-three_fiber_dist_10swxn6._.js:15286:23)
[  697548ms] ReferenceError: PIN_LABEL is not defined
    at useLabelProjection.useFrame [as current] (http://localhost:3000/_next/static/chunks/src_1aak4l9._.js?id=%255Bproject%255D%252Fsrc%252Fchapters%252Fch5%252FShowOrHideScene.tsx+%255Bapp-client%255D+%2528ecmascript%2529:1497:36)
    at update (http://localhost:3000/_next/static/chunks/node_modules_%40react-three_fiber_dist_10swxn6._.js:15260:26)
    at loop (http://localhost:3000/_next/static/chunks/node_modules_%40react-three_fiber_dist_10swxn6._.js:15286:23)
[  697556ms] ReferenceError: PIN_LABEL is not defined
    at useLabelProjection.useFrame [as current] (http://localhost:3000/_next/static/chunks/src_1aak4l9._.js?id=%255Bproject%255D%252Fsrc%252Fchapters%252Fch5%252FShowOrHideScene.tsx+%255Bapp-client%255D+%2528ecmascript%2529:1497:36)
    at update (http://localhost:3000/_next/static/chunks/node_modules_%40react-three_fiber_dist_10swxn6._.js:15260:26)
    at loop (http://localhost:3000/_next/static/chunks/node_modules_%40react-three_fiber_dist_10swxn6._.js:15286:23)
[  697564ms] ReferenceError: PIN_LABEL is not defined
    at useLabelProjection.useFrame [as current] (http://localhost:3000/_next/static/chunks/src_1aak4l9._.js?id=%255Bproject%255D%252Fsrc%252Fchapters%252Fch5%252FShowOrHideScene.tsx+%255Bapp-client%255D+%2528ecmascript%2529:1497:36)
    at update (http://localhost:3000/_next/static/chunks/node_modules_%40react-three_fiber_dist_10swxn6._.js:15260:26)
    at loop (http://localhost:3000/_next/static/chunks/node_modules_%40react-three_fiber_dist_10swxn6._.js:15286:23)
[  697572ms] ReferenceError: PIN_LABEL is not defined
    at useLabelProjection.useFrame [as current] (http://localhost:3000/_next/static/chunks/src_1aak4l9._.js?id=%255Bproject%255D%252Fsrc%252Fchapters%252Fch5%252FShowOrHideScene.tsx+%255Bapp-client%255D+%2528ecmascript%2529:1497:36)
    at update (http://localhost:3000/_next/static/chunks/node_modules_%40react-three_fiber_dist_10swxn6._.js:15260:26)
    at loop (http://localhost:3000/_next/static/chunks/node_modules_%40react-three_fiber_dist_10swxn6._.js:15286:23)
[  697581ms] ReferenceError: PIN_LABEL is not defined
    at useLabelProjection.useFrame [as current] (http://localhost:3000/_next/static/chunks/src_1aak4l9._.js?id=%255Bproject%255D%252Fsrc%252Fchapters%252Fch5%252FShowOrHideScene.tsx+%255Bapp-client%255D+%2528ecmascript%2529:1497:36)
    at update (http://localhost:3000/_next/static/chunks/node_modules_%40react-three_fiber_dist_10swxn6._.js:15260:26)
    at loop (http://localhost:3000/_next/static/chunks/node_modules_%40react-three_fiber_dist_10swxn6._.js:15286:23)
[  697589ms] ReferenceError: PIN_LABEL is not defined
    at useLabelProjection.useFrame [as current] (http://localhost:3000/_next/static/chunks/src_1aak4l9._.js?id=%255Bproject%255D%252Fsrc%252Fchapters%252Fch5%252FShowOrHideScene.tsx+%255Bapp-client%255D+%2528ecmascript%2529:1497:36)
    at update (http://localhost:3000/_next/static/chunks/node_modules_%40react-three_fiber_dist_10swxn6._.js:15260:26)
    at loop (http://localhost:3000/_next/static/chunks/node_modules_%40react-three_fiber_dist_10swxn6._.js:15286:23)
[  697598ms] ReferenceError: PIN_LABEL is not defined
    at useLabelProjection.useFrame [as current] (http://localhost:3000/_next/static/chunks/src_1aak4l9._.js?id=%255Bproject%255D%252Fsrc%252Fchapters%252Fch5%252FShowOrHideScene.tsx+%255Bapp-client%255D+%2528ecmascript%2529:1497:36)
    at update (http://localhost:3000/_next/static/chunks/node_modules_%40react-three_fiber_dist_10swxn6._.js:15260:26)
    at loop (http://localhost:3000/_next/static/chunks/node_modules_%40react-three_fiber_dist_10swxn6._.js:15286:23)
[  697606ms] ReferenceError: PIN_LABEL is not defined
    at useLabelProjection.useFrame [as current] (http://localhost:3000/_next/static/chunks/src_1aak4l9._.js?id=%255Bproject%255D%252Fsrc%252Fchapters%252Fch5%252FShowOrHideScene.tsx+%255Bapp-client%255D+%2528ecmascript%2529:1497:36)
    at update (http://localhost:3000/_next/static/chunks/node_modules_%40react-three_fiber_dist_10swxn6._.js:15260:26)
    at loop (http://localhost:3000/_next/static/chunks/node_modules_%40react-three_fiber_dist_10swxn6._.js:15286:23)
[  697615ms] ReferenceError: PIN_LABEL is not defined
    at useLabelProjection.useFrame [as current] (http://localhost:3000/_next/static/chunks/src_1aak4l9._.js?id=%255Bproject%255D%252Fsrc%252Fchapters%252Fch5%252FShowOrHideScene.tsx+%255Bapp-client%255D+%2528ecmascript%2529:1497:36)
    at update (http://localhost:3000/_next/static/chunks/node_modules_%40react-three_fiber_dist_10swxn6._.js:15260:26)
    at loop (http://localhost:3000/_next/static/chunks/node_modules_%40react-three_fiber_dist_10swxn6._.js:15286:23)
[  697622ms] ReferenceError: PIN_LABEL is not defined
    at useLabelProjection.useFrame [as current] (http://localhost:3000/_next/static/chunks/src_1aak4l9._.js?id=%255Bproject%255D%252Fsrc%252Fchapters%252Fch5%252FShowOrHideScene.tsx+%255Bapp-client%255D+%2528ecmascript%2529:1497:36)
    at update (http://localhost:3000/_next/static/chunks/node_modules_%40react-three_fiber_dist_10swxn6._.js:15260:26)
    at loop (http://localhost:3000/_next/static/chunks/node_modules_%40react-three_fiber_dist_10swxn6._.js:15286:23)
[  697631ms] ReferenceError: PIN_LABEL is not defined
    at useLabelProjection.useFrame [as current] (http://localhost:3000/_next/static/chunks/src_1aak4l9._.js?id=%255Bproject%255D%252Fsrc%252Fchapters%252Fch5%252FShowOrHideScene.tsx+%255Bapp-client%255D+%2528ecmascript%2529:1497:36)
    at update (http://localhost:3000/_next/static/chunks/node_modules_%40react-three_fiber_dist_10swxn6._.js:15260:26)
    at loop (http://localhost:3000/_next/static/chunks/node_modules_%40react-three_fiber_dist_10swxn6._.js:15286:23)
[  697640ms] ReferenceError: PIN_LABEL is not defined
    at useLabelProjection.useFrame [as current] (http://localhost:3000/_next/static/chunks/src_1aak4l9._.js?id=%255Bproject%255D%252Fsrc%252Fchapters%252Fch5%252FShowOrHideScene.tsx+%255Bapp-client%255D+%2528ecmascript%2529:1497:36)
    at update (http://localhost:3000/_next/static/chunks/node_modules_%40react-three_fiber_dist_10swxn6._.js:15260:26)
    at loop (http://localhost:3000/_next/static/chunks/node_modules_%40react-three_fiber_dist_10swxn6._.js:15286:23)
[  697648ms] ReferenceError: PIN_LABEL is not defined
    at useLabelProjection.useFrame [as current] (http://localhost:3000/_next/static/chunks/src_1aak4l9._.js?id=%255Bproject%255D%252Fsrc%252Fchapters%252Fch5%252FShowOrHideScene.tsx+%255Bapp-client%255D+%2528ecmascript%2529:1497:36)
    at update (http://localhost:3000/_next/static/chunks/node_modules_%40react-three_fiber_dist_10swxn6._.js:15260:26)
    at loop (http://localhost:3000/_next/static/chunks/node_modules_%40react-three_fiber_dist_10swxn6._.js:15286:23)
[  697657ms] ReferenceError: PIN_LABEL is not defined
    at useLabelProjection.useFrame [as current] (http://localhost:3000/_next/static/chunks/src_1aak4l9._.js?id=%255Bproject%255D%252Fsrc%252Fchapters%252Fch5%252FShowOrHideScene.tsx+%255Bapp-client%255D+%2528ecmascript%2529:1497:36)
    at update (http://localhost:3000/_next/static/chunks/node_modules_%40react-three_fiber_dist_10swxn6._.js:15260:26)
    at loop (http://localhost:3000/_next/static/chunks/node_modules_%40react-three_fiber_dist_10swxn6._.js:15286:23)
[  697665ms] ReferenceError: PIN_LABEL is not defined
    at useLabelProjection.useFrame [as current] (http://localhost:3000/_next/static/chunks/src_1aak4l9._.js?id=%255Bproject%255D%252Fsrc%252Fchapters%252Fch5%252FShowOrHideScene.tsx+%255Bapp-client%255D+%2528ecmascript%2529:1497:36)
    at update (http://localhost:3000/_next/static/chunks/node_modules_%40react-three_fiber_dist_10swxn6._.js:15260:26)
    at loop (http://localhost:3000/_next/static/chunks/node_modules_%40react-three_fiber_dist_10swxn6._.js:15286:23)
[  697673ms] ReferenceError: PIN_LABEL is not defined
    at useLabelProjection.useFrame [as current] (http://localhost:3000/_next/static/chunks/src_1aak4l9._.js?id=%255Bproject%255D%252Fsrc%252Fchapters%252Fch5%252FShowOrHideScene.tsx+%255Bapp-client%255D+%2528ecmascript%2529:1497:36)
    at update (http://localhost:3000/_next/static/chunks/node_modules_%40react-three_fiber_dist_10swxn6._.js:15260:26)
    at loop (http://localhost:3000/_next/static/chunks/node_modules_%40react-three_fiber_dist_10swxn6._.js:15286:23)
[  697681ms] ReferenceError: PIN_LABEL is not defined
    at useLabelProjection.useFrame [as current] (http://localhost:3000/_next/static/chunks/src_1aak4l9._.js?id=%255Bproject%255D%252Fsrc%252Fchapters%252Fch5%252FShowOrHideScene.tsx+%255Bapp-client%255D+%2528ecmascript%2529:1497:36)
    at update (http://localhost:3000/_next/static/chunks/node_modules_%40react-three_fiber_dist_10swxn6._.js:15260:26)
    at loop (http://localhost:3000/_next/static/chunks/node_modules_%40react-three_fiber_dist_10swxn6._.js:15286:23)
[  697690ms] ReferenceError: PIN_LABEL is not defined
    at useLabelProjection.useFrame [as current] (http://localhost:3000/_next/static/chunks/src_1aak4l9._.js?id=%255Bproject%255D%252Fsrc%252Fchapters%252Fch5%252FShowOrHideScene.tsx+%255Bapp-client%255D+%2528ecmascript%2529:1497:36)
    at update (http://localhost:3000/_next/static/chunks/node_modules_%40react-three_fiber_dist_10swxn6._.js:15260:26)
    at loop (http://localhost:3000/_next/static/chunks/node_modules_%40react-three_fiber_dist_10swxn6._.js:15286:23)
[  697698ms] ReferenceError: PIN_LABEL is not defined
    at useLabelProjection.useFrame [as current] (http://localhost:3000/_next/static/chunks/src_1aak4l9._.js?id=%255Bproject%255D%252Fsrc%252Fchapters%252Fch5%252FShowOrHideScene.tsx+%255Bapp-client%255D+%2528ecmascript%2529:1497:36)
    at update (http://localhost:3000/_next/static/chunks/node_modules_%40react-three_fiber_dist_10swxn6._.js:15260:26)
    at loop (http://localhost:3000/_next/static/chunks/node_modules_%40react-three_fiber_dist_10swxn6._.js:15286:23)
[  697706ms] ReferenceError: PIN_LABEL is not defined
    at useLabelProjection.useFrame [as current] (http://localhost:3000/_next/static/chunks/src_1aak4l9._.js?id=%255Bproject%255D%252Fsrc%252Fchapters%252Fch5%252FShowOrHideScene.tsx+%255Bapp-client%255D+%2528ecmascript%2529:1497:36)
    at update (http://localhost:3000/_next/static/chunks/node_modules_%40react-three_fiber_dist_10swxn6._.js:15260:26)
    at loop (http://localhost:3000/_next/static/chunks/node_modules_%40react-three_fiber_dist_10swxn6._.js:15286:23)
[  697714ms] ReferenceError: PIN_LABEL is not defined
    at useLabelProjection.useFrame [as current] (http://localhost:3000/_next/static/chunks/src_1aak4l9._.js?id=%255Bproject%255D%252Fsrc%252Fchapters%252Fch5%252FShowOrHideScene.tsx+%255Bapp-client%255D+%2528ecmascript%2529:1497:36)
    at update (http://localhost:3000/_next/static/chunks/node_modules_%40react-three_fiber_dist_10swxn6._.js:15260:26)
    at loop (http://localhost:3000/_next/static/chunks/node_modules_%40react-three_fiber_dist_10swxn6._.js:15286:23)
[  697723ms] ReferenceError: PIN_LABEL is not defined
    at useLabelProjection.useFrame [as current] (http://localhost:3000/_next/static/chunks/src_1aak4l9._.js?id=%255Bproject%255D%252Fsrc%252Fchapters%252Fch5%252FShowOrHideScene.tsx+%255Bapp-client%255D+%2528ecmascript%2529:1497:36)
    at update (http://localhost:3000/_next/static/chunks/node_modules_%40react-three_fiber_dist_10swxn6._.js:15260:26)
    at loop (http://localhost:3000/_next/static/chunks/node_modules_%40react-three_fiber_dist_10swxn6._.js:15286:23)
[  697731ms] ReferenceError: PIN_LABEL is not defined
    at useLabelProjection.useFrame [as current] (http://localhost:3000/_next/static/chunks/src_1aak4l9._.js?id=%255Bproject%255D%252Fsrc%252Fchapters%252Fch5%252FShowOrHideScene.tsx+%255Bapp-client%255D+%2528ecmascript%2529:1497:36)
    at update (http://localhost:3000/_next/static/chunks/node_modules_%40react-three_fiber_dist_10swxn6._.js:15260:26)
    at loop (http://localhost:3000/_next/static/chunks/node_modules_%40react-three_fiber_dist_10swxn6._.js:15286:23)
[  697739ms] ReferenceError: PIN_LABEL is not defined
    at useLabelProjection.useFrame [as current] (http://localhost:3000/_next/static/chunks/src_1aak4l9._.js?id=%255Bproject%255D%252Fsrc%252Fchapters%252Fch5%252FShowOrHideScene.tsx+%255Bapp-client%255D+%2528ecmascript%2529:1497:36)
    at update (http://localhost:3000/_next/static/chunks/node_modules_%40react-three_fiber_dist_10swxn6._.js:15260:26)
    at loop (http://localhost:3000/_next/static/chunks/node_modules_%40react-three_fiber_dist_10swxn6._.js:15286:23)
[  697748ms] ReferenceError: PIN_LABEL is not defined
    at useLabelProjection.useFrame [as current] (http://localhost:3000/_next/static/chunks/src_1aak4l9._.js?id=%255Bproject%255D%252Fsrc%252Fchapters%252Fch5%252FShowOrHideScene.tsx+%255Bapp-client%255D+%2528ecmascript%2529:1497:36)
    at update (http://localhost:3000/_next/static/chunks/node_modules_%40react-three_fiber_dist_10swxn6._.js:15260:26)
    at loop (http://localhost:3000/_next/static/chunks/node_modules_%40react-three_fiber_dist_10swxn6._.js:15286:23)
[  697757ms] ReferenceError: PIN_LABEL is not defined
    at useLabelProjection.useFrame [as current] (http://localhost:3000/_next/static/chunks/src_1aak4l9._.js?id=%255Bproject%255D%252Fsrc%252Fchapters%252Fch5%252FShowOrHideScene.tsx+%255Bapp-client%255D+%2528ecmascript%2529:1497:36)
    at update (http://localhost:3000/_next/static/chunks/node_modules_%40react-three_fiber_dist_10swxn6._.js:15260:26)
    at loop (http://localhost:3000/_next/static/chunks/node_modules_%40react-three_fiber_dist_10swxn6._.js:15286:23)
[  697765ms] ReferenceError: PIN_LABEL is not defined
    at useLabelProjection.useFrame [as current] (http://localhost:3000/_next/static/chunks/src_1aak4l9._.js?id=%255Bproject%255D%252Fsrc%252Fchapters%252Fch5%252FShowOrHideScene.tsx+%255Bapp-client%255D+%2528ecmascript%2529:1497:36)
    at update (http://localhost:3000/_next/static/chunks/node_modules_%40react-three_fiber_dist_10swxn6._.js:15260:26)
    at loop (http://localhost:3000/_next/static/chunks/node_modules_%40react-three_fiber_dist_10swxn6._.js:15286:23)
[  697773ms] ReferenceError: PIN_LABEL is not defined
    at useLabelProjection.useFrame [as current] (http://localhost:3000/_next/static/chunks/src_1aak4l9._.js?id=%255Bproject%255D%252Fsrc%252Fchapters%252Fch5%252FShowOrHideScene.tsx+%255Bapp-client%255D+%2528ecmascript%2529:1497:36)
    at update (http://localhost:3000/_next/static/chunks/node_modules_%40react-three_fiber_dist_10swxn6._.js:15260:26)
    at loop (http://localhost:3000/_next/static/chunks/node_modules_%40react-three_fiber_dist_10swxn6._.js:15286:23)
[  697781ms] ReferenceError: PIN_LABEL is not defined
    at useLabelProjection.useFrame [as current] (http://localhost:3000/_next/static/chunks/src_1aak4l9._.js?id=%255Bproject%255D%252Fsrc%252Fchapters%252Fch5%252FShowOrHideScene.tsx+%255Bapp-client%255D+%2528ecmascript%2529:1497:36)
    at update (http://localhost:3000/_next/static/chunks/node_modules_%40react-three_fiber_dist_10swxn6._.js:15260:26)
    at loop (http://localhost:3000/_next/static/chunks/node_modules_%40react-three_fiber_dist_10swxn6._.js:15286:23)
[  697789ms] ReferenceError: PIN_LABEL is not defined
    at useLabelProjection.useFrame [as current] (http://localhost:3000/_next/static/chunks/src_1aak4l9._.js?id=%255Bproject%255D%252Fsrc%252Fchapters%252Fch5%252FShowOrHideScene.tsx+%255Bapp-client%255D+%2528ecmascript%2529:1497:36)
    at update (http://localhost:3000/_next/static/chunks/node_modules_%40react-three_fiber_dist_10swxn6._.js:15260:26)
    at loop (http://localhost:3000/_next/static/chunks/node_modules_%40react-three_fiber_dist_10swxn6._.js:15286:23)
[  697797ms] ReferenceError: PIN_LABEL is not defined
    at useLabelProjection.useFrame [as current] (http://localhost:3000/_next/static/chunks/src_1aak4l9._.js?id=%255Bproject%255D%252Fsrc%252Fchapters%252Fch5%252FShowOrHideScene.tsx+%255Bapp-client%255D+%2528ecmascript%2529:1497:36)
    at update (http://localhost:3000/_next/static/chunks/node_modules_%40react-three_fiber_dist_10swxn6._.js:15260:26)
    at loop (http://localhost:3000/_next/static/chunks/node_modules_%40react-three_fiber_dist_10swxn6._.js:15286:23)
[  697805ms] ReferenceError: PIN_LABEL is not defined
    at useLabelProjection.useFrame [as current] (http://localhost:3000/_next/static/chunks/src_1aak4l9._.js?id=%255Bproject%255D%252Fsrc%252Fchapters%252Fch5%252FShowOrHideScene.tsx+%255Bapp-client%255D+%2528ecmascript%2529:1497:36)
    at update (http://localhost:3000/_next/static/chunks/node_modules_%40react-three_fiber_dist_10swxn6._.js:15260:26)
    at loop (http://localhost:3000/_next/static/chunks/node_modules_%40react-three_fiber_dist_10swxn6._.js:15286:23)
[  697814ms] ReferenceError: PIN_LABEL is not defined
    at useLabelProjection.useFrame [as current] (http://localhost:3000/_next/static/chunks/src_1aak4l9._.js?id=%255Bproject%255D%252Fsrc%252Fchapters%252Fch5%252FShowOrHideScene.tsx+%255Bapp-client%255D+%2528ecmascript%2529:1497:36)
    at update (http://localhost:3000/_next/static/chunks/node_modules_%40react-three_fiber_dist_10swxn6._.js:15260:26)
    at loop (http://localhost:3000/_next/static/chunks/node_modules_%40react-three_fiber_dist_10swxn6._.js:15286:23)
[  697822ms] ReferenceError: PIN_LABEL is not defined
    at useLabelProjection.useFrame [as current] (http://localhost:3000/_next/static/chunks/src_1aak4l9._.js?id=%255Bproject%255D%252Fsrc%252Fchapters%252Fch5%252FShowOrHideScene.tsx+%255Bapp-client%255D+%2528ecmascript%2529:1497:36)
    at update (http://localhost:3000/_next/static/chunks/node_modules_%40react-three_fiber_dist_10swxn6._.js:15260:26)
    at loop (http://localhost:3000/_next/static/chunks/node_modules_%40react-three_fiber_dist_10swxn6._.js:15286:23)
[  697830ms] ReferenceError: PIN_LABEL is not defined
    at useLabelProjection.useFrame [as current] (http://localhost:3000/_next/static/chunks/src_1aak4l9._.js?id=%255Bproject%255D%252Fsrc%252Fchapters%252Fch5%252FShowOrHideScene.tsx+%255Bapp-client%255D+%2528ecmascript%2529:1497:36)
    at update (http://localhost:3000/_next/static/chunks/node_modules_%40react-three_fiber_dist_10swxn6._.js:15260:26)
    at loop (http://localhost:3000/_next/static/chunks/node_modules_%40react-three_fiber_dist_10swxn6._.js:15286:23)
[  697839ms] ReferenceError: PIN_LABEL is not defined
    at useLabelProjection.useFrame [as current] (http://localhost:3000/_next/static/chunks/src_1aak4l9._.js?id=%255Bproject%255D%252Fsrc%252Fchapters%252Fch5%252FShowOrHideScene.tsx+%255Bapp-client%255D+%2528ecmascript%2529:1497:36)
    at update (http://localhost:3000/_next/static/chunks/node_modules_%40react-three_fiber_dist_10swxn6._.js:15260:26)
    at loop (http://localhost:3000/_next/static/chunks/node_modules_%40react-three_fiber_dist_10swxn6._.js:15286:23)
[  697847ms] ReferenceError: PIN_LABEL is not defined
    at useLabelProjection.useFrame [as current] (http://localhost:3000/_next/static/chunks/src_1aak4l9._.js?id=%255Bproject%255D%252Fsrc%252Fchapters%252Fch5%252FShowOrHideScene.tsx+%255Bapp-client%255D+%2528ecmascript%2529:1497:36)
    at update (http://localhost:3000/_next/static/chunks/node_modules_%40react-three_fiber_dist_10swxn6._.js:15260:26)
    at loop (http://localhost:3000/_next/static/chunks/node_modules_%40react-three_fiber_dist_10swxn6._.js:15286:23)
[  697857ms] ReferenceError: PIN_LABEL is not defined
    at useLabelProjection.useFrame [as current] (http://localhost:3000/_next/static/chunks/src_1aak4l9._.js?id=%255Bproject%255D%252Fsrc%252Fchapters%252Fch5%252FShowOrHideScene.tsx+%255Bapp-client%255D+%2528ecmascript%2529:1497:36)
    at update (http://localhost:3000/_next/static/chunks/node_modules_%40react-three_fiber_dist_10swxn6._.js:15260:26)
    at loop (http://localhost:3000/_next/static/chunks/node_modules_%40react-three_fiber_dist_10swxn6._.js:15286:23)
[  697864ms] ReferenceError: PIN_LABEL is not defined
    at useLabelProjection.useFrame [as current] (http://localhost:3000/_next/static/chunks/src_1aak4l9._.js?id=%255Bproject%255D%252Fsrc%252Fchapters%252Fch5%252FShowOrHideScene.tsx+%255Bapp-client%255D+%2528ecmascript%2529:1497:36)
    at update (http://localhost:3000/_next/static/chunks/node_modules_%40react-three_fiber_dist_10swxn6._.js:15260:26)
    at loop (http://localhost:3000/_next/static/chunks/node_modules_%40react-three_fiber_dist_10swxn6._.js:15286:23)
[  697873ms] ReferenceError: PIN_LABEL is not defined
    at useLabelProjection.useFrame [as current] (http://localhost:3000/_next/static/chunks/src_1aak4l9._.js?id=%255Bproject%255D%252Fsrc%252Fchapters%252Fch5%252FShowOrHideScene.tsx+%255Bapp-client%255D+%2528ecmascript%2529:1497:36)
    at update (http://localhost:3000/_next/static/chunks/node_modules_%40react-three_fiber_dist_10swxn6._.js:15260:26)
    at loop (http://localhost:3000/_next/static/chunks/node_modules_%40react-three_fiber_dist_10swxn6._.js:15286:23)
[  697881ms] ReferenceError: PIN_LABEL is not defined
    at useLabelProjection.useFrame [as current] (http://localhost:3000/_next/static/chunks/src_1aak4l9._.js?id=%255Bproject%255D%252Fsrc%252Fchapters%252Fch5%252FShowOrHideScene.tsx+%255Bapp-client%255D+%2528ecmascript%2529:1497:36)
    at update (http://localhost:3000/_next/static/chunks/node_modules_%40react-three_fiber_dist_10swxn6._.js:15260:26)
    at loop (http://localhost:3000/_next/static/chunks/node_modules_%40react-three_fiber_dist_10swxn6._.js:15286:23)
[  697889ms] ReferenceError: PIN_LABEL is not defined
    at useLabelProjection.useFrame [as current] (http://localhost:3000/_next/static/chunks/src_1aak4l9._.js?id=%255Bproject%255D%252Fsrc%252Fchapters%252Fch5%252FShowOrHideScene.tsx+%255Bapp-client%255D+%2528ecmascript%2529:1497:36)
    at update (http://localhost:3000/_next/static/chunks/node_modules_%40react-three_fiber_dist_10swxn6._.js:15260:26)
    at loop (http://localhost:3000/_next/static/chunks/node_modules_%40react-three_fiber_dist_10swxn6._.js:15286:23)
[  697897ms] ReferenceError: PIN_LABEL is not defined
    at useLabelProjection.useFrame [as current] (http://localhost:3000/_next/static/chunks/src_1aak4l9._.js?id=%255Bproject%255D%252Fsrc%252Fchapters%252Fch5%252FShowOrHideScene.tsx+%255Bapp-client%255D+%2528ecmascript%2529:1497:36)
    at update (http://localhost:3000/_next/static/chunks/node_modules_%40react-three_fiber_dist_10swxn6._.js:15260:26)
    at loop (http://localhost:3000/_next/static/chunks/node_modules_%40react-three_fiber_dist_10swxn6._.js:15286:23)
[  697905ms] ReferenceError: PIN_LABEL is not defined
    at useLabelProjection.useFrame [as current] (http://localhost:3000/_next/static/chunks/src_1aak4l9._.js?id=%255Bproject%255D%252Fsrc%252Fchapters%252Fch5%252FShowOrHideScene.tsx+%255Bapp-client%255D+%2528ecmascript%2529:1497:36)
    at update (http://localhost:3000/_next/static/chunks/node_modules_%40react-three_fiber_dist_10swxn6._.js:15260:26)
    at loop (http://localhost:3000/_next/static/chunks/node_modules_%40react-three_fiber_dist_10swxn6._.js:15286:23)
[  697914ms] ReferenceError: PIN_LABEL is not defined
    at useLabelProjection.useFrame [as current] (http://localhost:3000/_next/static/chunks/src_1aak4l9._.js?id=%255Bproject%255D%252Fsrc%252Fchapters%252Fch5%252FShowOrHideScene.tsx+%255Bapp-client%255D+%2528ecmascript%2529:1497:36)
    at update (http://localhost:3000/_next/static/chunks/node_modules_%40react-three_fiber_dist_10swxn6._.js:15260:26)
    at loop (http://localhost:3000/_next/static/chunks/node_modules_%40react-three_fiber_dist_10swxn6._.js:15286:23)
[  697923ms] ReferenceError: PIN_LABEL is not defined
    at useLabelProjection.useFrame [as current] (http://localhost:3000/_next/static/chunks/src_1aak4l9._.js?id=%255Bproject%255D%252Fsrc%252Fchapters%252Fch5%252FShowOrHideScene.tsx+%255Bapp-client%255D+%2528ecmascript%2529:1497:36)
    at update (http://localhost:3000/_next/static/chunks/node_modules_%40react-three_fiber_dist_10swxn6._.js:15260:26)
    at loop (http://localhost:3000/_next/static/chunks/node_modules_%40react-three_fiber_dist_10swxn6._.js:15286:23)
[  697931ms] ReferenceError: PIN_LABEL is not defined
    at useLabelProjection.useFrame [as current] (http://localhost:3000/_next/static/chunks/src_1aak4l9._.js?id=%255Bproject%255D%252Fsrc%252Fchapters%252Fch5%252FShowOrHideScene.tsx+%255Bapp-client%255D+%2528ecmascript%2529:1497:36)
    at update (http://localhost:3000/_next/static/chunks/node_modules_%40react-three_fiber_dist_10swxn6._.js:15260:26)
    at loop (http://localhost:3000/_next/static/chunks/node_modules_%40react-three_fiber_dist_10swxn6._.js:15286:23)
[  697940ms] ReferenceError: PIN_LABEL is not defined
    at useLabelProjection.useFrame [as current] (http://localhost:3000/_next/static/chunks/src_1aak4l9._.js?id=%255Bproject%255D%252Fsrc%252Fchapters%252Fch5%252FShowOrHideScene.tsx+%255Bapp-client%255D+%2528ecmascript%2529:1497:36)
    at update (http://localhost:3000/_next/static/chunks/node_modules_%40react-three_fiber_dist_10swxn6._.js:15260:26)
    at loop (http://localhost:3000/_next/static/chunks/node_modules_%40react-three_fiber_dist_10swxn6._.js:15286:23)
[  697947ms] ReferenceError: PIN_LABEL is not defined
    at useLabelProjection.useFrame [as current] (http://localhost:3000/_next/static/chunks/src_1aak4l9._.js?id=%255Bproject%255D%252Fsrc%252Fchapters%252Fch5%252FShowOrHideScene.tsx+%255Bapp-client%255D+%2528ecmascript%2529:1497:36)
    at update (http://localhost:3000/_next/static/chunks/node_modules_%40react-three_fiber_dist_10swxn6._.js:15260:26)
    at loop (http://localhost:3000/_next/static/chunks/node_modules_%40react-three_fiber_dist_10swxn6._.js:15286:23)
[  697956ms] ReferenceError: PIN_LABEL is not defined
    at useLabelProjection.useFrame [as current] (http://localhost:3000/_next/static/chunks/src_1aak4l9._.js?id=%255Bproject%255D%252Fsrc%252Fchapters%252Fch5%252FShowOrHideScene.tsx+%255Bapp-client%255D+%2528ecmascript%2529:1497:36)
    at update (http://localhost:3000/_next/static/chunks/node_modules_%40react-three_fiber_dist_10swxn6._.js:15260:26)
    at loop (http://localhost:3000/_next/static/chunks/node_modules_%40react-three_fiber_dist_10swxn6._.js:15286:23)
[  697964ms] ReferenceError: PIN_LABEL is not defined
    at useLabelProjection.useFrame [as current] (http://localhost:3000/_next/static/chunks/src_1aak4l9._.js?id=%255Bproject%255D%252Fsrc%252Fchapters%252Fch5%252FShowOrHideScene.tsx+%255Bapp-client%255D+%2528ecmascript%2529:1497:36)
    at update (http://localhost:3000/_next/static/chunks/node_modules_%40react-three_fiber_dist_10swxn6._.js:15260:26)
    at loop (http://localhost:3000/_next/static/chunks/node_modules_%40react-three_fiber_dist_10swxn6._.js:15286:23)
[  697972ms] ReferenceError: PIN_LABEL is not defined
    at useLabelProjection.useFrame [as current] (http://localhost:3000/_next/static/chunks/src_1aak4l9._.js?id=%255Bproject%255D%252Fsrc%252Fchapters%252Fch5%252FShowOrHideScene.tsx+%255Bapp-client%255D+%2528ecmascript%2529:1497:36)
    at update (http://localhost:3000/_next/static/chunks/node_modules_%40react-three_fiber_dist_10swxn6._.js:15260:26)
    at loop (http://localhost:3000/_next/static/chunks/node_modules_%40react-three_fiber_dist_10swxn6._.js:15286:23)
[  697980ms] ReferenceError: PIN_LABEL is not defined
    at useLabelProjection.useFrame [as current] (http://localhost:3000/_next/static/chunks/src_1aak4l9._.js?id=%255Bproject%255D%252Fsrc%252Fchapters%252Fch5%252FShowOrHideScene.tsx+%255Bapp-client%255D+%2528ecmascript%2529:1497:36)
    at update (http://localhost:3000/_next/static/chunks/node_modules_%40react-three_fiber_dist_10swxn6._.js:15260:26)
    at loop (http://localhost:3000/_next/static/chunks/node_modules_%40react-three_fiber_dist_10swxn6._.js:15286:23)
[  697989ms] ReferenceError: PIN_LABEL is not defined
    at useLabelProjection.useFrame [as current] (http://localhost:3000/_next/static/chunks/src_1aak4l9._.js?id=%255Bproject%255D%252Fsrc%252Fchapters%252Fch5%252FShowOrHideScene.tsx+%255Bapp-client%255D+%2528ecmascript%2529:1497:36)
    at update (http://localhost:3000/_next/static/chunks/node_modules_%40react-three_fiber_dist_10swxn6._.js:15260:26)
    at loop (http://localhost:3000/_next/static/chunks/node_modules_%40react-three_fiber_dist_10swxn6._.js:15286:23)
[  697997ms] ReferenceError: PIN_LABEL is not defined
    at useLabelProjection.useFrame [as current] (http://localhost:3000/_next/static/chunks/src_1aak4l9._.js?id=%255Bproject%255D%252Fsrc%252Fchapters%252Fch5%252FShowOrHideScene.tsx+%255Bapp-client%255D+%2528ecmascript%2529:1497:36)
    at update (http://localhost:3000/_next/static/chunks/node_modules_%40react-three_fiber_dist_10swxn6._.js:15260:26)
    at loop (http://localhost:3000/_next/static/chunks/node_modules_%40react-three_fiber_dist_10swxn6._.js:15286:23)
[  698006ms] ReferenceError: PIN_LABEL is not defined
    at useLabelProjection.useFrame [as current] (http://localhost:3000/_next/static/chunks/src_1aak4l9._.js?id=%255Bproject%255D%252Fsrc%252Fchapters%252Fch5%252FShowOrHideScene.tsx+%255Bapp-client%255D+%2528ecmascript%2529:1497:36)
    at update (http://localhost:3000/_next/static/chunks/node_modules_%40react-three_fiber_dist_10swxn6._.js:15260:26)
    at loop (http://localhost:3000/_next/static/chunks/node_modules_%40react-three_fiber_dist_10swxn6._.js:15286:23)
[  698014ms] ReferenceError: PIN_LABEL is not defined
    at useLabelProjection.useFrame [as current] (http://localhost:3000/_next/static/chunks/src_1aak4l9._.js?id=%255Bproject%255D%252Fsrc%252Fchapters%252Fch5%252FShowOrHideScene.tsx+%255Bapp-client%255D+%2528ecmascript%2529:1497:36)
    at update (http://localhost:3000/_next/static/chunks/node_modules_%40react-three_fiber_dist_10swxn6._.js:15260:26)
    at loop (http://localhost:3000/_next/static/chunks/node_modules_%40react-three_fiber_dist_10swxn6._.js:15286:23)
[  698022ms] ReferenceError: PIN_LABEL is not defined
    at useLabelProjection.useFrame [as current] (http://localhost:3000/_next/static/chunks/src_1aak4l9._.js?id=%255Bproject%255D%252Fsrc%252Fchapters%252Fch5%252FShowOrHideScene.tsx+%255Bapp-client%255D+%2528ecmascript%2529:1497:36)
    at update (http://localhost:3000/_next/static/chunks/node_modules_%40react-three_fiber_dist_10swxn6._.js:15260:26)
    at loop (http://localhost:3000/_next/static/chunks/node_modules_%40react-three_fiber_dist_10swxn6._.js:15286:23)
[  698030ms] ReferenceError: PIN_LABEL is not defined
    at useLabelProjection.useFrame [as current] (http://localhost:3000/_next/static/chunks/src_1aak4l9._.js?id=%255Bproject%255D%252Fsrc%252Fchapters%252Fch5%252FShowOrHideScene.tsx+%255Bapp-client%255D+%2528ecmascript%2529:1497:36)
    at update (http://localhost:3000/_next/static/chunks/node_modules_%40react-three_fiber_dist_10swxn6._.js:15260:26)
    at loop (http://localhost:3000/_next/static/chunks/node_modules_%40react-three_fiber_dist_10swxn6._.js:15286:23)
[  698039ms] ReferenceError: PIN_LABEL is not defined
    at useLabelProjection.useFrame [as current] (http://localhost:3000/_next/static/chunks/src_1aak4l9._.js?id=%255Bproject%255D%252Fsrc%252Fchapters%252Fch5%252FShowOrHideScene.tsx+%255Bapp-client%255D+%2528ecmascript%2529:1497:36)
    at update (http://localhost:3000/_next/static/chunks/node_modules_%40react-three_fiber_dist_10swxn6._.js:15260:26)
    at loop (http://localhost:3000/_next/static/chunks/node_modules_%40react-three_fiber_dist_10swxn6._.js:15286:23)
[  698047ms] ReferenceError: PIN_LABEL is not defined
    at useLabelProjection.useFrame [as current] (http://localhost:3000/_next/static/chunks/src_1aak4l9._.js?id=%255Bproject%255D%252Fsrc%252Fchapters%252Fch5%252FShowOrHideScene.tsx+%255Bapp-client%255D+%2528ecmascript%2529:1497:36)
    at update (http://localhost:3000/_next/static/chunks/node_modules_%40react-three_fiber_dist_10swxn6._.js:15260:26)
    at loop (http://localhost:3000/_next/static/chunks/node_modules_%40react-three_fiber_dist_10swxn6._.js:15286:23)
[  698056ms] ReferenceError: PIN_LABEL is not defined
    at useLabelProjection.useFrame [as current] (http://localhost:3000/_next/static/chunks/src_1aak4l9._.js?id=%255Bproject%255D%252Fsrc%252Fchapters%252Fch5%252FShowOrHideScene.tsx+%255Bapp-client%255D+%2528ecmascript%2529:1497:36)
    at update (http://localhost:3000/_next/static/chunks/node_modules_%40react-three_fiber_dist_10swxn6._.js:15260:26)
    at loop (http://localhost:3000/_next/static/chunks/node_modules_%40react-three_fiber_dist_10swxn6._.js:15286:23)
[  698064ms] ReferenceError: PIN_LABEL is not defined
    at useLabelProjection.useFrame [as current] (http://localhost:3000/_next/static/chunks/src_1aak4l9._.js?id=%255Bproject%255D%252Fsrc%252Fchapters%252Fch5%252FShowOrHideScene.tsx+%255Bapp-client%255D+%2528ecmascript%2529:1497:36)
    at update (http://localhost:3000/_next/static/chunks/node_modules_%40react-three_fiber_dist_10swxn6._.js:15260:26)
    at loop (http://localhost:3000/_next/static/chunks/node_modules_%40react-three_fiber_dist_10swxn6._.js:15286:23)
[  698072ms] ReferenceError: PIN_LABEL is not defined
    at useLabelProjection.useFrame [as current] (http://localhost:3000/_next/static/chunks/src_1aak4l9._.js?id=%255Bproject%255D%252Fsrc%252Fchapters%252Fch5%252FShowOrHideScene.tsx+%255Bapp-client%255D+%2528ecmascript%2529:1497:36)
    at update (http://localhost:3000/_next/static/chunks/node_modules_%40react-three_fiber_dist_10swxn6._.js:15260:26)
    at loop (http://localhost:3000/_next/static/chunks/node_modules_%40react-three_fiber_dist_10swxn6._.js:15286:23)
[  698080ms] ReferenceError: PIN_LABEL is not defined
    at useLabelProjection.useFrame [as current] (http://localhost:3000/_next/static/chunks/src_1aak4l9._.js?id=%255Bproject%255D%252Fsrc%252Fchapters%252Fch5%252FShowOrHideScene.tsx+%255Bapp-client%255D+%2528ecmascript%2529:1497:36)
    at update (http://localhost:3000/_next/static/chunks/node_modules_%40react-three_fiber_dist_10swxn6._.js:15260:26)
    at loop (http://localhost:3000/_next/static/chunks/node_modules_%40react-three_fiber_dist_10swxn6._.js:15286:23)
[  698090ms] ReferenceError: PIN_LABEL is not defined
    at useLabelProjection.useFrame [as current] (http://localhost:3000/_next/static/chunks/src_1aak4l9._.js?id=%255Bproject%255D%252Fsrc%252Fchapters%252Fch5%252FShowOrHideScene.tsx+%255Bapp-client%255D+%2528ecmascript%2529:1497:36)
    at update (http://localhost:3000/_next/static/chunks/node_modules_%40react-three_fiber_dist_10swxn6._.js:15260:26)
    at loop (http://localhost:3000/_next/static/chunks/node_modules_%40react-three_fiber_dist_10swxn6._.js:15286:23)
[  698098ms] ReferenceError: PIN_LABEL is not defined
    at useLabelProjection.useFrame [as current] (http://localhost:3000/_next/static/chunks/src_1aak4l9._.js?id=%255Bproject%255D%252Fsrc%252Fchapters%252Fch5%252FShowOrHideScene.tsx+%255Bapp-client%255D+%2528ecmascript%2529:1497:36)
    at update (http://localhost:3000/_next/static/chunks/node_modules_%40react-three_fiber_dist_10swxn6._.js:15260:26)
    at loop (http://localhost:3000/_next/static/chunks/node_modules_%40react-three_fiber_dist_10swxn6._.js:15286:23)
[  698106ms] ReferenceError: PIN_LABEL is not defined
    at useLabelProjection.useFrame [as current] (http://localhost:3000/_next/static/chunks/src_1aak4l9._.js?id=%255Bproject%255D%252Fsrc%252Fchapters%252Fch5%252FShowOrHideScene.tsx+%255Bapp-client%255D+%2528ecmascript%2529:1497:36)
    at update (http://localhost:3000/_next/static/chunks/node_modules_%40react-three_fiber_dist_10swxn6._.js:15260:26)
    at loop (http://localhost:3000/_next/static/chunks/node_modules_%40react-three_fiber_dist_10swxn6._.js:15286:23)
[  698114ms] ReferenceError: PIN_LABEL is not defined
    at useLabelProjection.useFrame [as current] (http://localhost:3000/_next/static/chunks/src_1aak4l9._.js?id=%255Bproject%255D%252Fsrc%252Fchapters%252Fch5%252FShowOrHideScene.tsx+%255Bapp-client%255D+%2528ecmascript%2529:1497:36)
    at update (http://localhost:3000/_next/static/chunks/node_modules_%40react-three_fiber_dist_10swxn6._.js:15260:26)
    at loop (http://localhost:3000/_next/static/chunks/node_modules_%40react-three_fiber_dist_10swxn6._.js:15286:23)
[  698123ms] ReferenceError: PIN_LABEL is not defined
    at useLabelProjection.useFrame [as current] (http://localhost:3000/_next/static/chunks/src_1aak4l9._.js?id=%255Bproject%255D%252Fsrc%252Fchapters%252Fch5%252FShowOrHideScene.tsx+%255Bapp-client%255D+%2528ecmascript%2529:1497:36)
    at update (http://localhost:3000/_next/static/chunks/node_modules_%40react-three_fiber_dist_10swxn6._.js:15260:26)
    at loop (http://localhost:3000/_next/static/chunks/node_modules_%40react-three_fiber_dist_10swxn6._.js:15286:23)
[  698131ms] ReferenceError: PIN_LABEL is not defined
    at useLabelProjection.useFrame [as current] (http://localhost:3000/_next/static/chunks/src_1aak4l9._.js?id=%255Bproject%255D%252Fsrc%252Fchapters%252Fch5%252FShowOrHideScene.tsx+%255Bapp-client%255D+%2528ecmascript%2529:1497:36)
    at update (http://localhost:3000/_next/static/chunks/node_modules_%40react-three_fiber_dist_10swxn6._.js:15260:26)
    at loop (http://localhost:3000/_next/static/chunks/node_modules_%40react-three_fiber_dist_10swxn6._.js:15286:23)
[  698139ms] ReferenceError: PIN_LABEL is not defined
    at useLabelProjection.useFrame [as current] (http://localhost:3000/_next/static/chunks/src_1aak4l9._.js?id=%255Bproject%255D%252Fsrc%252Fchapters%252Fch5%252FShowOrHideScene.tsx+%255Bapp-client%255D+%2528ecmascript%2529:1497:36)
    at update (http://localhost:3000/_next/static/chunks/node_modules_%40react-three_fiber_dist_10swxn6._.js:15260:26)
    at loop (http://localhost:3000/_next/static/chunks/node_modules_%40react-three_fiber_dist_10swxn6._.js:15286:23)
[  698148ms] ReferenceError: PIN_LABEL is not defined
    at useLabelProjection.useFrame [as current] (http://localhost:3000/_next/static/chunks/src_1aak4l9._.js?id=%255Bproject%255D%252Fsrc%252Fchapters%252Fch5%252FShowOrHideScene.tsx+%255Bapp-client%255D+%2528ecmascript%2529:1497:36)
    at update (http://localhost:3000/_next/static/chunks/node_modules_%40react-three_fiber_dist_10swxn6._.js:15260:26)
    at loop (http://localhost:3000/_next/static/chunks/node_modules_%40react-three_fiber_dist_10swxn6._.js:15286:23)
[  698156ms] ReferenceError: PIN_LABEL is not defined
    at useLabelProjection.useFrame [as current] (http://localhost:3000/_next/static/chunks/src_1aak4l9._.js?id=%255Bproject%255D%252Fsrc%252Fchapters%252Fch5%252FShowOrHideScene.tsx+%255Bapp-client%255D+%2528ecmascript%2529:1497:36)
    at update (http://localhost:3000/_next/static/chunks/node_modules_%40react-three_fiber_dist_10swxn6._.js:15260:26)
    at loop (http://localhost:3000/_next/static/chunks/node_modules_%40react-three_fiber_dist_10swxn6._.js:15286:23)
[  698165ms] ReferenceError: PIN_LABEL is not defined
    at useLabelProjection.useFrame [as current] (http://localhost:3000/_next/static/chunks/src_1aak4l9._.js?id=%255Bproject%255D%252Fsrc%252Fchapters%252Fch5%252FShowOrHideScene.tsx+%255Bapp-client%255D+%2528ecmascript%2529:1497:36)
    at update (http://localhost:3000/_next/static/chunks/node_modules_%40react-three_fiber_dist_10swxn6._.js:15260:26)
    at loop (http://localhost:3000/_next/static/chunks/node_modules_%40react-three_fiber_dist_10swxn6._.js:15286:23)
[  698173ms] ReferenceError: PIN_LABEL is not defined
    at useLabelProjection.useFrame [as current] (http://localhost:3000/_next/static/chunks/src_1aak4l9._.js?id=%255Bproject%255D%252Fsrc%252Fchapters%252Fch5%252FShowOrHideScene.tsx+%255Bapp-client%255D+%2528ecmascript%2529:1497:36)
    at update (http://localhost:3000/_next/static/chunks/node_modules_%40react-three_fiber_dist_10swxn6._.js:15260:26)
    at loop (http://localhost:3000/_next/static/chunks/node_modules_%40react-three_fiber_dist_10swxn6._.js:15286:23)
[  698181ms] ReferenceError: PIN_LABEL is not defined
    at useLabelProjection.useFrame [as current] (http://localhost:3000/_next/static/chunks/src_1aak4l9._.js?id=%255Bproject%255D%252Fsrc%252Fchapters%252Fch5%252FShowOrHideScene.tsx+%255Bapp-client%255D+%2528ecmascript%2529:1497:36)
    at update (http://localhost:3000/_next/static/chunks/node_modules_%40react-three_fiber_dist_10swxn6._.js:15260:26)
    at loop (http://localhost:3000/_next/static/chunks/node_modules_%40react-three_fiber_dist_10swxn6._.js:15286:23)
[  698190ms] ReferenceError: PIN_LABEL is not defined
    at useLabelProjection.useFrame [as current] (http://localhost:3000/_next/static/chunks/src_1aak4l9._.js?id=%255Bproject%255D%252Fsrc%252Fchapters%252Fch5%252FShowOrHideScene.tsx+%255Bapp-client%255D+%2528ecmascript%2529:1497:36)
    at update (http://localhost:3000/_next/static/chunks/node_modules_%40react-three_fiber_dist_10swxn6._.js:15260:26)
    at loop (http://localhost:3000/_next/static/chunks/node_modules_%40react-three_fiber_dist_10swxn6._.js:15286:23)
[  698198ms] ReferenceError: PIN_LABEL is not defined
    at useLabelProjection.useFrame [as current] (http://localhost:3000/_next/static/chunks/src_1aak4l9._.js?id=%255Bproject%255D%252Fsrc%252Fchapters%252Fch5%252FShowOrHideScene.tsx+%255Bapp-client%255D+%2528ecmascript%2529:1497:36)
    at update (http://localhost:3000/_next/static/chunks/node_modules_%40react-three_fiber_dist_10swxn6._.js:15260:26)
    at loop (http://localhost:3000/_next/static/chunks/node_modules_%40react-three_fiber_dist_10swxn6._.js:15286:23)
[  698206ms] ReferenceError: PIN_LABEL is not defined
    at useLabelProjection.useFrame [as current] (http://localhost:3000/_next/static/chunks/src_1aak4l9._.js?id=%255Bproject%255D%252Fsrc%252Fchapters%252Fch5%252FShowOrHideScene.tsx+%255Bapp-client%255D+%2528ecmascript%2529:1497:36)
    at update (http://localhost:3000/_next/static/chunks/node_modules_%40react-three_fiber_dist_10swxn6._.js:15260:26)
    at loop (http://localhost:3000/_next/static/chunks/node_modules_%40react-three_fiber_dist_10swxn6._.js:15286:23)
[  698215ms] ReferenceError: PIN_LABEL is not defined
    at useLabelProjection.useFrame [as current] (http://localhost:3000/_next/static/chunks/src_1aak4l9._.js?id=%255Bproject%255D%252Fsrc%252Fchapters%252Fch5%252FShowOrHideScene.tsx+%255Bapp-client%255D+%2528ecmascript%2529:1497:36)
    at update (http://localhost:3000/_next/static/chunks/node_modules_%40react-three_fiber_dist_10swxn6._.js:15260:26)
    at loop (http://localhost:3000/_next/static/chunks/node_modules_%40react-three_fiber_dist_10swxn6._.js:15286:23)
[  698223ms] ReferenceError: PIN_LABEL is not defined
    at useLabelProjection.useFrame [as current] (http://localhost:3000/_next/static/chunks/src_1aak4l9._.js?id=%255Bproject%255D%252Fsrc%252Fchapters%252Fch5%252FShowOrHideScene.tsx+%255Bapp-client%255D+%2528ecmascript%2529:1497:36)
    at update (http://localhost:3000/_next/static/chunks/node_modules_%40react-three_fiber_dist_10swxn6._.js:15260:26)
    at loop (http://localhost:3000/_next/static/chunks/node_modules_%40react-three_fiber_dist_10swxn6._.js:15286:23)
[  698232ms] ReferenceError: PIN_LABEL is not defined
    at useLabelProjection.useFrame [as current] (http://localhost:3000/_next/static/chunks/src_1aak4l9._.js?id=%255Bproject%255D%252Fsrc%252Fchapters%252Fch5%252FShowOrHideScene.tsx+%255Bapp-client%255D+%2528ecmascript%2529:1497:36)
    at update (http://localhost:3000/_next/static/chunks/node_modules_%40react-three_fiber_dist_10swxn6._.js:15260:26)
    at loop (http://localhost:3000/_next/static/chunks/node_modules_%40react-three_fiber_dist_10swxn6._.js:15286:23)
[  698239ms] ReferenceError: PIN_LABEL is not defined
    at useLabelProjection.useFrame [as current] (http://localhost:3000/_next/static/chunks/src_1aak4l9._.js?id=%255Bproject%255D%252Fsrc%252Fchapters%252Fch5%252FShowOrHideScene.tsx+%255Bapp-client%255D+%2528ecmascript%2529:1497:36)
    at update (http://localhost:3000/_next/static/chunks/node_modules_%40react-three_fiber_dist_10swxn6._.js:15260:26)
    at loop (http://localhost:3000/_next/static/chunks/node_modules_%40react-three_fiber_dist_10swxn6._.js:15286:23)
[  698248ms] ReferenceError: PIN_LABEL is not defined
    at useLabelProjection.useFrame [as current] (http://localhost:3000/_next/static/chunks/src_1aak4l9._.js?id=%255Bproject%255D%252Fsrc%252Fchapters%252Fch5%252FShowOrHideScene.tsx+%255Bapp-client%255D+%2528ecmascript%2529:1497:36)
    at update (http://localhost:3000/_next/static/chunks/node_modules_%40react-three_fiber_dist_10swxn6._.js:15260:26)
    at loop (http://localhost:3000/_next/static/chunks/node_modules_%40react-three_fiber_dist_10swxn6._.js:15286:23)
[  698256ms] ReferenceError: PIN_LABEL is not defined
    at useLabelProjection.useFrame [as current] (http://localhost:3000/_next/static/chunks/src_1aak4l9._.js?id=%255Bproject%255D%252Fsrc%252Fchapters%252Fch5%252FShowOrHideScene.tsx+%255Bapp-client%255D+%2528ecmascript%2529:1497:36)
    at update (http://localhost:3000/_next/static/chunks/node_modules_%40react-three_fiber_dist_10swxn6._.js:15260:26)
    at loop (http://localhost:3000/_next/static/chunks/node_modules_%40react-three_fiber_dist_10swxn6._.js:15286:23)
[  698264ms] ReferenceError: PIN_LABEL is not defined
    at useLabelProjection.useFrame [as current] (http://localhost:3000/_next/static/chunks/src_1aak4l9._.js?id=%255Bproject%255D%252Fsrc%252Fchapters%252Fch5%252FShowOrHideScene.tsx+%255Bapp-client%255D+%2528ecmascript%2529:1497:36)
    at update (http://localhost:3000/_next/static/chunks/node_modules_%40react-three_fiber_dist_10swxn6._.js:15260:26)
    at loop (http://localhost:3000/_next/static/chunks/node_modules_%40react-three_fiber_dist_10swxn6._.js:15286:23)
[  698274ms] ReferenceError: PIN_LABEL is not defined
    at useLabelProjection.useFrame [as current] (http://localhost:3000/_next/static/chunks/src_1aak4l9._.js?id=%255Bproject%255D%252Fsrc%252Fchapters%252Fch5%252FShowOrHideScene.tsx+%255Bapp-client%255D+%2528ecmascript%2529:1497:36)
    at update (http://localhost:3000/_next/static/chunks/node_modules_%40react-three_fiber_dist_10swxn6._.js:15260:26)
    at loop (http://localhost:3000/_next/static/chunks/node_modules_%40react-three_fiber_dist_10swxn6._.js:15286:23)
[  698282ms] ReferenceError: PIN_LABEL is not defined
    at useLabelProjection.useFrame [as current] (http://localhost:3000/_next/static/chunks/src_1aak4l9._.js?id=%255Bproject%255D%252Fsrc%252Fchapters%252Fch5%252FShowOrHideScene.tsx+%255Bapp-client%255D+%2528ecmascript%2529:1497:36)
    at update (http://localhost:3000/_next/static/chunks/node_modules_%40react-three_fiber_dist_10swxn6._.js:15260:26)
    at loop (http://localhost:3000/_next/static/chunks/node_modules_%40react-three_fiber_dist_10swxn6._.js:15286:23)
[  698289ms] ReferenceError: PIN_LABEL is not defined
    at useLabelProjection.useFrame [as current] (http://localhost:3000/_next/static/chunks/src_1aak4l9._.js?id=%255Bproject%255D%252Fsrc%252Fchapters%252Fch5%252FShowOrHideScene.tsx+%255Bapp-client%255D+%2528ecmascript%2529:1497:36)
    at update (http://localhost:3000/_next/static/chunks/node_modules_%40react-three_fiber_dist_10swxn6._.js:15260:26)
    at loop (http://localhost:3000/_next/static/chunks/node_modules_%40react-three_fiber_dist_10swxn6._.js:15286:23)
[  698298ms] ReferenceError: PIN_LABEL is not defined
    at useLabelProjection.useFrame [as current] (http://localhost:3000/_next/static/chunks/src_1aak4l9._.js?id=%255Bproject%255D%252Fsrc%252Fchapters%252Fch5%252FShowOrHideScene.tsx+%255Bapp-client%255D+%2528ecmascript%2529:1497:36)
    at update (http://localhost:3000/_next/static/chunks/node_modules_%40react-three_fiber_dist_10swxn6._.js:15260:26)
    at loop (http://localhost:3000/_next/static/chunks/node_modules_%40react-three_fiber_dist_10swxn6._.js:15286:23)
[  698306ms] ReferenceError: PIN_LABEL is not defined
    at useLabelProjection.useFrame [as current] (http://localhost:3000/_next/static/chunks/src_1aak4l9._.js?id=%255Bproject%255D%252Fsrc%252Fchapters%252Fch5%252FShowOrHideScene.tsx+%255Bapp-client%255D+%2528ecmascript%2529:1497:36)
    at update (http://localhost:3000/_next/static/chunks/node_modules_%40react-three_fiber_dist_10swxn6._.js:15260:26)
    at loop (http://localhost:3000/_next/static/chunks/node_modules_%40react-three_fiber_dist_10swxn6._.js:15286:23)
[  698314ms] ReferenceError: PIN_LABEL is not defined
    at useLabelProjection.useFrame [as current] (http://localhost:3000/_next/static/chunks/src_1aak4l9._.js?id=%255Bproject%255D%252Fsrc%252Fchapters%252Fch5%252FShowOrHideScene.tsx+%255Bapp-client%255D+%2528ecmascript%2529:1497:36)
    at update (http://localhost:3000/_next/static/chunks/node_modules_%40react-three_fiber_dist_10swxn6._.js:15260:26)
    at loop (http://localhost:3000/_next/static/chunks/node_modules_%40react-three_fiber_dist_10swxn6._.js:15286:23)
[  698323ms] ReferenceError: PIN_LABEL is not defined
    at useLabelProjection.useFrame [as current] (http://localhost:3000/_next/static/chunks/src_1aak4l9._.js?id=%255Bproject%255D%252Fsrc%252Fchapters%252Fch5%252FShowOrHideScene.tsx+%255Bapp-client%255D+%2528ecmascript%2529:1497:36)
    at update (http://localhost:3000/_next/static/chunks/node_modules_%40react-three_fiber_dist_10swxn6._.js:15260:26)
    at loop (http://localhost:3000/_next/static/chunks/node_modules_%40react-three_fiber_dist_10swxn6._.js:15286:23)
[  698331ms] ReferenceError: PIN_LABEL is not defined
    at useLabelProjection.useFrame [as current] (http://localhost:3000/_next/static/chunks/src_1aak4l9._.js?id=%255Bproject%255D%252Fsrc%252Fchapters%252Fch5%252FShowOrHideScene.tsx+%255Bapp-client%255D+%2528ecmascript%2529:1497:36)
    at update (http://localhost:3000/_next/static/chunks/node_modules_%40react-three_fiber_dist_10swxn6._.js:15260:26)
    at loop (http://localhost:3000/_next/static/chunks/node_modules_%40react-three_fiber_dist_10swxn6._.js:15286:23)
[  698339ms] ReferenceError: PIN_LABEL is not defined
    at useLabelProjection.useFrame [as current] (http://localhost:3000/_next/static/chunks/src_1aak4l9._.js?id=%255Bproject%255D%252Fsrc%252Fchapters%252Fch5%252FShowOrHideScene.tsx+%255Bapp-client%255D+%2528ecmascript%2529:1497:36)
    at update (http://localhost:3000/_next/static/chunks/node_modules_%40react-three_fiber_dist_10swxn6._.js:15260:26)
    at loop (http://localhost:3000/_next/static/chunks/node_modules_%40react-three_fiber_dist_10swxn6._.js:15286:23)
[  698347ms] ReferenceError: PIN_LABEL is not defined
    at useLabelProjection.useFrame [as current] (http://localhost:3000/_next/static/chunks/src_1aak4l9._.js?id=%255Bproject%255D%252Fsrc%252Fchapters%252Fch5%252FShowOrHideScene.tsx+%255Bapp-client%255D+%2528ecmascript%2529:1497:36)
    at update (http://localhost:3000/_next/static/chunks/node_modules_%40react-three_fiber_dist_10swxn6._.js:15260:26)
    at loop (http://localhost:3000/_next/static/chunks/node_modules_%40react-three_fiber_dist_10swxn6._.js:15286:23)
[  698356ms] ReferenceError: PIN_LABEL is not defined
    at useLabelProjection.useFrame [as current] (http://localhost:3000/_next/static/chunks/src_1aak4l9._.js?id=%255Bproject%255D%252Fsrc%252Fchapters%252Fch5%252FShowOrHideScene.tsx+%255Bapp-client%255D+%2528ecmascript%2529:1497:36)
    at update (http://localhost:3000/_next/static/chunks/node_modules_%40react-three_fiber_dist_10swxn6._.js:15260:26)
    at loop (http://localhost:3000/_next/static/chunks/node_modules_%40react-three_fiber_dist_10swxn6._.js:15286:23)
[  698365ms] ReferenceError: PIN_LABEL is not defined
    at useLabelProjection.useFrame [as current] (http://localhost:3000/_next/static/chunks/src_1aak4l9._.js?id=%255Bproject%255D%252Fsrc%252Fchapters%252Fch5%252FShowOrHideScene.tsx+%255Bapp-client%255D+%2528ecmascript%2529:1497:36)
    at update (http://localhost:3000/_next/static/chunks/node_modules_%40react-three_fiber_dist_10swxn6._.js:15260:26)
    at loop (http://localhost:3000/_next/static/chunks/node_modules_%40react-three_fiber_dist_10swxn6._.js:15286:23)
[  698372ms] ReferenceError: PIN_LABEL is not defined
    at useLabelProjection.useFrame [as current] (http://localhost:3000/_next/static/chunks/src_1aak4l9._.js?id=%255Bproject%255D%252Fsrc%252Fchapters%252Fch5%252FShowOrHideScene.tsx+%255Bapp-client%255D+%2528ecmascript%2529:1497:36)
    at update (http://localhost:3000/_next/static/chunks/node_modules_%40react-three_fiber_dist_10swxn6._.js:15260:26)
    at loop (http://localhost:3000/_next/static/chunks/node_modules_%40react-three_fiber_dist_10swxn6._.js:15286:23)
[  698381ms] ReferenceError: PIN_LABEL is not defined
    at useLabelProjection.useFrame [as current] (http://localhost:3000/_next/static/chunks/src_1aak4l9._.js?id=%255Bproject%255D%252Fsrc%252Fchapters%252Fch5%252FShowOrHideScene.tsx+%255Bapp-client%255D+%2528ecmascript%2529:1497:36)
    at update (http://localhost:3000/_next/static/chunks/node_modules_%40react-three_fiber_dist_10swxn6._.js:15260:26)
    at loop (http://localhost:3000/_next/static/chunks/node_modules_%40react-three_fiber_dist_10swxn6._.js:15286:23)
[  698389ms] ReferenceError: PIN_LABEL is not defined
    at useLabelProjection.useFrame [as current] (http://localhost:3000/_next/static/chunks/src_1aak4l9._.js?id=%255Bproject%255D%252Fsrc%252Fchapters%252Fch5%252FShowOrHideScene.tsx+%255Bapp-client%255D+%2528ecmascript%2529:1497:36)
    at update (http://localhost:3000/_next/static/chunks/node_modules_%40react-three_fiber_dist_10swxn6._.js:15260:26)
    at loop (http://localhost:3000/_next/static/chunks/node_modules_%40react-three_fiber_dist_10swxn6._.js:15286:23)
[  698398ms] ReferenceError: PIN_LABEL is not defined
    at useLabelProjection.useFrame [as current] (http://localhost:3000/_next/static/chunks/src_1aak4l9._.js?id=%255Bproject%255D%252Fsrc%252Fchapters%252Fch5%252FShowOrHideScene.tsx+%255Bapp-client%255D+%2528ecmascript%2529:1497:36)
    at update (http://localhost:3000/_next/static/chunks/node_modules_%40react-three_fiber_dist_10swxn6._.js:15260:26)
    at loop (http://localhost:3000/_next/static/chunks/node_modules_%40react-three_fiber_dist_10swxn6._.js:15286:23)
[  698408ms] ReferenceError: PIN_LABEL is not defined
    at useLabelProjection.useFrame [as current] (http://localhost:3000/_next/static/chunks/src_1aak4l9._.js?id=%255Bproject%255D%252Fsrc%252Fchapters%252Fch5%252FShowOrHideScene.tsx+%255Bapp-client%255D+%2528ecmascript%2529:1497:36)
    at update (http://localhost:3000/_next/static/chunks/node_modules_%40react-three_fiber_dist_10swxn6._.js:15260:26)
    at loop (http://localhost:3000/_next/static/chunks/node_modules_%40react-three_fiber_dist_10swxn6._.js:15286:23)
[  698414ms] ReferenceError: PIN_LABEL is not defined
    at useLabelProjection.useFrame [as current] (http://localhost:3000/_next/static/chunks/src_1aak4l9._.js?id=%255Bproject%255D%252Fsrc%252Fchapters%252Fch5%252FShowOrHideScene.tsx+%255Bapp-client%255D+%2528ecmascript%2529:1497:36)
    at update (http://localhost:3000/_next/static/chunks/node_modules_%40react-three_fiber_dist_10swxn6._.js:15260:26)
    at loop (http://localhost:3000/_next/static/chunks/node_modules_%40react-three_fiber_dist_10swxn6._.js:15286:23)
[  698422ms] ReferenceError: PIN_LABEL is not defined
    at useLabelProjection.useFrame [as current] (http://localhost:3000/_next/static/chunks/src_1aak4l9._.js?id=%255Bproject%255D%252Fsrc%252Fchapters%252Fch5%252FShowOrHideScene.tsx+%255Bapp-client%255D+%2528ecmascript%2529:1497:36)
    at update (http://localhost:3000/_next/static/chunks/node_modules_%40react-three_fiber_dist_10swxn6._.js:15260:26)
    at loop (http://localhost:3000/_next/static/chunks/node_modules_%40react-three_fiber_dist_10swxn6._.js:15286:23)
[  698431ms] ReferenceError: PIN_LABEL is not defined
    at useLabelProjection.useFrame [as current] (http://localhost:3000/_next/static/chunks/src_1aak4l9._.js?id=%255Bproject%255D%252Fsrc%252Fchapters%252Fch5%252FShowOrHideScene.tsx+%255Bapp-client%255D+%2528ecmascript%2529:1497:36)
    at update (http://localhost:3000/_next/static/chunks/node_modules_%40react-three_fiber_dist_10swxn6._.js:15260:26)
    at loop (http://localhost:3000/_next/static/chunks/node_modules_%40react-three_fiber_dist_10swxn6._.js:15286:23)
[  698439ms] ReferenceError: PIN_LABEL is not defined
    at useLabelProjection.useFrame [as current] (http://localhost:3000/_next/static/chunks/src_1aak4l9._.js?id=%255Bproject%255D%252Fsrc%252Fchapters%252Fch5%252FShowOrHideScene.tsx+%255Bapp-client%255D+%2528ecmascript%2529:1497:36)
    at update (http://localhost:3000/_next/static/chunks/node_modules_%40react-three_fiber_dist_10swxn6._.js:15260:26)
    at loop (http://localhost:3000/_next/static/chunks/node_modules_%40react-three_fiber_dist_10swxn6._.js:15286:23)
[  698448ms] ReferenceError: PIN_LABEL is not defined
    at useLabelProjection.useFrame [as current] (http://localhost:3000/_next/static/chunks/src_1aak4l9._.js?id=%255Bproject%255D%252Fsrc%252Fchapters%252Fch5%252FShowOrHideScene.tsx+%255Bapp-client%255D+%2528ecmascript%2529:1497:36)
    at update (http://localhost:3000/_next/static/chunks/node_modules_%40react-three_fiber_dist_10swxn6._.js:15260:26)
    at loop (http://localhost:3000/_next/static/chunks/node_modules_%40react-three_fiber_dist_10swxn6._.js:15286:23)
[  698456ms] ReferenceError: PIN_LABEL is not defined
    at useLabelProjection.useFrame [as current] (http://localhost:3000/_next/static/chunks/src_1aak4l9._.js?id=%255Bproject%255D%252Fsrc%252Fchapters%252Fch5%252FShowOrHideScene.tsx+%255Bapp-client%255D+%2528ecmascript%2529:1497:36)
    at update (http://localhost:3000/_next/static/chunks/node_modules_%40react-three_fiber_dist_10swxn6._.js:15260:26)
    at loop (http://localhost:3000/_next/static/chunks/node_modules_%40react-three_fiber_dist_10swxn6._.js:15286:23)
[  698464ms] ReferenceError: PIN_LABEL is not defined
    at useLabelProjection.useFrame [as current] (http://localhost:3000/_next/static/chunks/src_1aak4l9._.js?id=%255Bproject%255D%252Fsrc%252Fchapters%252Fch5%252FShowOrHideScene.tsx+%255Bapp-client%255D+%2528ecmascript%2529:1497:36)
    at update (http://localhost:3000/_next/static/chunks/node_modules_%40react-three_fiber_dist_10swxn6._.js:15260:26)
    at loop (http://localhost:3000/_next/static/chunks/node_modules_%40react-three_fiber_dist_10swxn6._.js:15286:23)
[  698473ms] ReferenceError: PIN_LABEL is not defined
    at useLabelProjection.useFrame [as current] (http://localhost:3000/_next/static/chunks/src_1aak4l9._.js?id=%255Bproject%255D%252Fsrc%252Fchapters%252Fch5%252FShowOrHideScene.tsx+%255Bapp-client%255D+%2528ecmascript%2529:1497:36)
    at update (http://localhost:3000/_next/static/chunks/node_modules_%40react-three_fiber_dist_10swxn6._.js:15260:26)
    at loop (http://localhost:3000/_next/static/chunks/node_modules_%40react-three_fiber_dist_10swxn6._.js:15286:23)
[  698481ms] ReferenceError: PIN_LABEL is not defined
    at useLabelProjection.useFrame [as current] (http://localhost:3000/_next/static/chunks/src_1aak4l9._.js?id=%255Bproject%255D%252Fsrc%252Fchapters%252Fch5%252FShowOrHideScene.tsx+%255Bapp-client%255D+%2528ecmascript%2529:1497:36)
    at update (http://localhost:3000/_next/static/chunks/node_modules_%40react-three_fiber_dist_10swxn6._.js:15260:26)
    at loop (http://localhost:3000/_next/static/chunks/node_modules_%40react-three_fiber_dist_10swxn6._.js:15286:23)
[  698490ms] ReferenceError: PIN_LABEL is not defined
    at useLabelProjection.useFrame [as current] (http://localhost:3000/_next/static/chunks/src_1aak4l9._.js?id=%255Bproject%255D%252Fsrc%252Fchapters%252Fch5%252FShowOrHideScene.tsx+%255Bapp-client%255D+%2528ecmascript%2529:1497:36)
    at update (http://localhost:3000/_next/static/chunks/node_modules_%40react-three_fiber_dist_10swxn6._.js:15260:26)
    at loop (http://localhost:3000/_next/static/chunks/node_modules_%40react-three_fiber_dist_10swxn6._.js:15286:23)
[  698498ms] ReferenceError: PIN_LABEL is not defined
    at useLabelProjection.useFrame [as current] (http://localhost:3000/_next/static/chunks/src_1aak4l9._.js?id=%255Bproject%255D%252Fsrc%252Fchapters%252Fch5%252FShowOrHideScene.tsx+%255Bapp-client%255D+%2528ecmascript%2529:1497:36)
    at update (http://localhost:3000/_next/static/chunks/node_modules_%40react-three_fiber_dist_10swxn6._.js:15260:26)
    at loop (http://localhost:3000/_next/static/chunks/node_modules_%40react-three_fiber_dist_10swxn6._.js:15286:23)
[  698506ms] ReferenceError: PIN_LABEL is not defined
    at useLabelProjection.useFrame [as current] (http://localhost:3000/_next/static/chunks/src_1aak4l9._.js?id=%255Bproject%255D%252Fsrc%252Fchapters%252Fch5%252FShowOrHideScene.tsx+%255Bapp-client%255D+%2528ecmascript%2529:1497:36)
    at update (http://localhost:3000/_next/static/chunks/node_modules_%40react-three_fiber_dist_10swxn6._.js:15260:26)
    at loop (http://localhost:3000/_next/static/chunks/node_modules_%40react-three_fiber_dist_10swxn6._.js:15286:23)
[  698514ms] ReferenceError: PIN_LABEL is not defined
    at useLabelProjection.useFrame [as current] (http://localhost:3000/_next/static/chunks/src_1aak4l9._.js?id=%255Bproject%255D%252Fsrc%252Fchapters%252Fch5%252FShowOrHideScene.tsx+%255Bapp-client%255D+%2528ecmascript%2529:1497:36)
    at update (http://localhost:3000/_next/static/chunks/node_modules_%40react-three_fiber_dist_10swxn6._.js:15260:26)
    at loop (http://localhost:3000/_next/static/chunks/node_modules_%40react-three_fiber_dist_10swxn6._.js:15286:23)
[  698523ms] ReferenceError: PIN_LABEL is not defined
    at useLabelProjection.useFrame [as current] (http://localhost:3000/_next/static/chunks/src_1aak4l9._.js?id=%255Bproject%255D%252Fsrc%252Fchapters%252Fch5%252FShowOrHideScene.tsx+%255Bapp-client%255D+%2528ecmascript%2529:1497:36)
    at update (http://localhost:3000/_next/static/chunks/node_modules_%40react-three_fiber_dist_10swxn6._.js:15260:26)
    at loop (http://localhost:3000/_next/static/chunks/node_modules_%40react-three_fiber_dist_10swxn6._.js:15286:23)
[  698530ms] ReferenceError: PIN_LABEL is not defined
    at useLabelProjection.useFrame [as current] (http://localhost:3000/_next/static/chunks/src_1aak4l9._.js?id=%255Bproject%255D%252Fsrc%252Fchapters%252Fch5%252FShowOrHideScene.tsx+%255Bapp-client%255D+%2528ecmascript%2529:1497:36)
    at update (http://localhost:3000/_next/static/chunks/node_modules_%40react-three_fiber_dist_10swxn6._.js:15260:26)
    at loop (http://localhost:3000/_next/static/chunks/node_modules_%40react-three_fiber_dist_10swxn6._.js:15286:23)
[  698540ms] ReferenceError: PIN_LABEL is not defined
    at useLabelProjection.useFrame [as current] (http://localhost:3000/_next/static/chunks/src_1aak4l9._.js?id=%255Bproject%255D%252Fsrc%252Fchapters%252Fch5%252FShowOrHideScene.tsx+%255Bapp-client%255D+%2528ecmascript%2529:1497:36)
    at update (http://localhost:3000/_next/static/chunks/node_modules_%40react-three_fiber_dist_10swxn6._.js:15260:26)
    at loop (http://localhost:3000/_next/static/chunks/node_modules_%40react-three_fiber_dist_10swxn6._.js:15286:23)
[  698548ms] ReferenceError: PIN_LABEL is not defined
    at useLabelProjection.useFrame [as current] (http://localhost:3000/_next/static/chunks/src_1aak4l9._.js?id=%255Bproject%255D%252Fsrc%252Fchapters%252Fch5%252FShowOrHideScene.tsx+%255Bapp-client%255D+%2528ecmascript%2529:1497:36)
    at update (http://localhost:3000/_next/static/chunks/node_modules_%40react-three_fiber_dist_10swxn6._.js:15260:26)
    at loop (http://localhost:3000/_next/static/chunks/node_modules_%40react-three_fiber_dist_10swxn6._.js:15286:23)
[  698556ms] ReferenceError: PIN_LABEL is not defined
    at useLabelProjection.useFrame [as current] (http://localhost:3000/_next/static/chunks/src_1aak4l9._.js?id=%255Bproject%255D%252Fsrc%252Fchapters%252Fch5%252FShowOrHideScene.tsx+%255Bapp-client%255D+%2528ecmascript%2529:1497:36)
    at update (http://localhost:3000/_next/static/chunks/node_modules_%40react-three_fiber_dist_10swxn6._.js:15260:26)
    at loop (http://localhost:3000/_next/static/chunks/node_modules_%40react-three_fiber_dist_10swxn6._.js:15286:23)
[  698564ms] ReferenceError: PIN_LABEL is not defined
    at useLabelProjection.useFrame [as current] (http://localhost:3000/_next/static/chunks/src_1aak4l9._.js?id=%255Bproject%255D%252Fsrc%252Fchapters%252Fch5%252FShowOrHideScene.tsx+%255Bapp-client%255D+%2528ecmascript%2529:1497:36)
    at update (http://localhost:3000/_next/static/chunks/node_modules_%40react-three_fiber_dist_10swxn6._.js:15260:26)
    at loop (http://localhost:3000/_next/static/chunks/node_modules_%40react-three_fiber_dist_10swxn6._.js:15286:23)
[  698573ms] ReferenceError: PIN_LABEL is not defined
    at useLabelProjection.useFrame [as current] (http://localhost:3000/_next/static/chunks/src_1aak4l9._.js?id=%255Bproject%255D%252Fsrc%252Fchapters%252Fch5%252FShowOrHideScene.tsx+%255Bapp-client%255D+%2528ecmascript%2529:1497:36)
    at update (http://localhost:3000/_next/static/chunks/node_modules_%40react-three_fiber_dist_10swxn6._.js:15260:26)
    at loop (http://localhost:3000/_next/static/chunks/node_modules_%40react-three_fiber_dist_10swxn6._.js:15286:23)
[  698582ms] ReferenceError: PIN_LABEL is not defined
    at useLabelProjection.useFrame [as current] (http://localhost:3000/_next/static/chunks/src_1aak4l9._.js?id=%255Bproject%255D%252Fsrc%252Fchapters%252Fch5%252FShowOrHideScene.tsx+%255Bapp-client%255D+%2528ecmascript%2529:1497:36)
    at update (http://localhost:3000/_next/static/chunks/node_modules_%40react-three_fiber_dist_10swxn6._.js:15260:26)
    at loop (http://localhost:3000/_next/static/chunks/node_modules_%40react-three_fiber_dist_10swxn6._.js:15286:23)
[  698590ms] ReferenceError: PIN_LABEL is not defined
    at useLabelProjection.useFrame [as current] (http://localhost:3000/_next/static/chunks/src_1aak4l9._.js?id=%255Bproject%255D%252Fsrc%252Fchapters%252Fch5%252FShowOrHideScene.tsx+%255Bapp-client%255D+%2528ecmascript%2529:1497:36)
    at update (http://localhost:3000/_next/static/chunks/node_modules_%40react-three_fiber_dist_10swxn6._.js:15260:26)
    at loop (http://localhost:3000/_next/static/chunks/node_modules_%40react-three_fiber_dist_10swxn6._.js:15286:23)
[  698598ms] ReferenceError: PIN_LABEL is not defined
    at useLabelProjection.useFrame [as current] (http://localhost:3000/_next/static/chunks/src_1aak4l9._.js?id=%255Bproject%255D%252Fsrc%252Fchapters%252Fch5%252FShowOrHideScene.tsx+%255Bapp-client%255D+%2528ecmascript%2529:1497:36)
    at update (http://localhost:3000/_next/static/chunks/node_modules_%40react-three_fiber_dist_10swxn6._.js:15260:26)
    at loop (http://localhost:3000/_next/static/chunks/node_modules_%40react-three_fiber_dist_10swxn6._.js:15286:23)
[  698606ms] ReferenceError: PIN_LABEL is not defined
    at useLabelProjection.useFrame [as current] (http://localhost:3000/_next/static/chunks/src_1aak4l9._.js?id=%255Bproject%255D%252Fsrc%252Fchapters%252Fch5%252FShowOrHideScene.tsx+%255Bapp-client%255D+%2528ecmascript%2529:1497:36)
    at update (http://localhost:3000/_next/static/chunks/node_modules_%40react-three_fiber_dist_10swxn6._.js:15260:26)
    at loop (http://localhost:3000/_next/static/chunks/node_modules_%40react-three_fiber_dist_10swxn6._.js:15286:23)
[  698614ms] ReferenceError: PIN_LABEL is not defined
    at useLabelProjection.useFrame [as current] (http://localhost:3000/_next/static/chunks/src_1aak4l9._.js?id=%255Bproject%255D%252Fsrc%252Fchapters%252Fch5%252FShowOrHideScene.tsx+%255Bapp-client%255D+%2528ecmascript%2529:1497:36)
    at update (http://localhost:3000/_next/static/chunks/node_modules_%40react-three_fiber_dist_10swxn6._.js:15260:26)
    at loop (http://localhost:3000/_next/static/chunks/node_modules_%40react-three_fiber_dist_10swxn6._.js:15286:23)
[  698623ms] ReferenceError: PIN_LABEL is not defined
    at useLabelProjection.useFrame [as current] (http://localhost:3000/_next/static/chunks/src_1aak4l9._.js?id=%255Bproject%255D%252Fsrc%252Fchapters%252Fch5%252FShowOrHideScene.tsx+%255Bapp-client%255D+%2528ecmascript%2529:1497:36)
    at update (http://localhost:3000/_next/static/chunks/node_modules_%40react-three_fiber_dist_10swxn6._.js:15260:26)
    at loop (http://localhost:3000/_next/static/chunks/node_modules_%40react-three_fiber_dist_10swxn6._.js:15286:23)
[  698631ms] ReferenceError: PIN_LABEL is not defined
    at useLabelProjection.useFrame [as current] (http://localhost:3000/_next/static/chunks/src_1aak4l9._.js?id=%255Bproject%255D%252Fsrc%252Fchapters%252Fch5%252FShowOrHideScene.tsx+%255Bapp-client%255D+%2528ecmascript%2529:1497:36)
    at update (http://localhost:3000/_next/static/chunks/node_modules_%40react-three_fiber_dist_10swxn6._.js:15260:26)
    at loop (http://localhost:3000/_next/static/chunks/node_modules_%40react-three_fiber_dist_10swxn6._.js:15286:23)
[  698639ms] ReferenceError: PIN_LABEL is not defined
    at useLabelProjection.useFrame [as current] (http://localhost:3000/_next/static/chunks/src_1aak4l9._.js?id=%255Bproject%255D%252Fsrc%252Fchapters%252Fch5%252FShowOrHideScene.tsx+%255Bapp-client%255D+%2528ecmascript%2529:1497:36)
    at update (http://localhost:3000/_next/static/chunks/node_modules_%40react-three_fiber_dist_10swxn6._.js:15260:26)
    at loop (http://localhost:3000/_next/static/chunks/node_modules_%40react-three_fiber_dist_10swxn6._.js:15286:23)
[  698648ms] ReferenceError: PIN_LABEL is not defined
    at useLabelProjection.useFrame [as current] (http://localhost:3000/_next/static/chunks/src_1aak4l9._.js?id=%255Bproject%255D%252Fsrc%252Fchapters%252Fch5%252FShowOrHideScene.tsx+%255Bapp-client%255D+%2528ecmascript%2529:1497:36)
    at update (http://localhost:3000/_next/static/chunks/node_modules_%40react-three_fiber_dist_10swxn6._.js:15260:26)
    at loop (http://localhost:3000/_next/static/chunks/node_modules_%40react-three_fiber_dist_10swxn6._.js:15286:23)
[  698656ms] ReferenceError: PIN_LABEL is not defined
    at useLabelProjection.useFrame [as current] (http://localhost:3000/_next/static/chunks/src_1aak4l9._.js?id=%255Bproject%255D%252Fsrc%252Fchapters%252Fch5%252FShowOrHideScene.tsx+%255Bapp-client%255D+%2528ecmascript%2529:1497:36)
    at update (http://localhost:3000/_next/static/chunks/node_modules_%40react-three_fiber_dist_10swxn6._.js:15260:26)
    at loop (http://localhost:3000/_next/static/chunks/node_modules_%40react-three_fiber_dist_10swxn6._.js:15286:23)
[  698665ms] ReferenceError: PIN_LABEL is not defined
    at useLabelProjection.useFrame [as current] (http://localhost:3000/_next/static/chunks/src_1aak4l9._.js?id=%255Bproject%255D%252Fsrc%252Fchapters%252Fch5%252FShowOrHideScene.tsx+%255Bapp-client%255D+%2528ecmascript%2529:1497:36)
    at update (http://localhost:3000/_next/static/chunks/node_modules_%40react-three_fiber_dist_10swxn6._.js:15260:26)
    at loop (http://localhost:3000/_next/static/chunks/node_modules_%40react-three_fiber_dist_10swxn6._.js:15286:23)
[  698673ms] ReferenceError: PIN_LABEL is not defined
    at useLabelProjection.useFrame [as current] (http://localhost:3000/_next/static/chunks/src_1aak4l9._.js?id=%255Bproject%255D%252Fsrc%252Fchapters%252Fch5%252FShowOrHideScene.tsx+%255Bapp-client%255D+%2528ecmascript%2529:1497:36)
    at update (http://localhost:3000/_next/static/chunks/node_modules_%40react-three_fiber_dist_10swxn6._.js:15260:26)
    at loop (http://localhost:3000/_next/static/chunks/node_modules_%40react-three_fiber_dist_10swxn6._.js:15286:23)
[  698682ms] ReferenceError: PIN_LABEL is not defined
    at useLabelProjection.useFrame [as current] (http://localhost:3000/_next/static/chunks/src_1aak4l9._.js?id=%255Bproject%255D%252Fsrc%252Fchapters%252Fch5%252FShowOrHideScene.tsx+%255Bapp-client%255D+%2528ecmascript%2529:1497:36)
    at update (http://localhost:3000/_next/static/chunks/node_modules_%40react-three_fiber_dist_10swxn6._.js:15260:26)
    at loop (http://localhost:3000/_next/static/chunks/node_modules_%40react-three_fiber_dist_10swxn6._.js:15286:23)
[  698690ms] ReferenceError: PIN_LABEL is not defined
    at useLabelProjection.useFrame [as current] (http://localhost:3000/_next/static/chunks/src_1aak4l9._.js?id=%255Bproject%255D%252Fsrc%252Fchapters%252Fch5%252FShowOrHideScene.tsx+%255Bapp-client%255D+%2528ecmascript%2529:1497:36)
    at update (http://localhost:3000/_next/static/chunks/node_modules_%40react-three_fiber_dist_10swxn6._.js:15260:26)
    at loop (http://localhost:3000/_next/static/chunks/node_modules_%40react-three_fiber_dist_10swxn6._.js:15286:23)
[  698699ms] ReferenceError: PIN_LABEL is not defined
    at useLabelProjection.useFrame [as current] (http://localhost:3000/_next/static/chunks/src_1aak4l9._.js?id=%255Bproject%255D%252Fsrc%252Fchapters%252Fch5%252FShowOrHideScene.tsx+%255Bapp-client%255D+%2528ecmascript%2529:1497:36)
    at update (http://localhost:3000/_next/static/chunks/node_modules_%40react-three_fiber_dist_10swxn6._.js:15260:26)
    at loop (http://localhost:3000/_next/static/chunks/node_modules_%40react-three_fiber_dist_10swxn6._.js:15286:23)
[  698706ms] ReferenceError: PIN_LABEL is not defined
    at useLabelProjection.useFrame [as current] (http://localhost:3000/_next/static/chunks/src_1aak4l9._.js?id=%255Bproject%255D%252Fsrc%252Fchapters%252Fch5%252FShowOrHideScene.tsx+%255Bapp-client%255D+%2528ecmascript%2529:1497:36)
    at update (http://localhost:3000/_next/static/chunks/node_modules_%40react-three_fiber_dist_10swxn6._.js:15260:26)
    at loop (http://localhost:3000/_next/static/chunks/node_modules_%40react-three_fiber_dist_10swxn6._.js:15286:23)
[  698714ms] ReferenceError: PIN_LABEL is not defined
    at useLabelProjection.useFrame [as current] (http://localhost:3000/_next/static/chunks/src_1aak4l9._.js?id=%255Bproject%255D%252Fsrc%252Fchapters%252Fch5%252FShowOrHideScene.tsx+%255Bapp-client%255D+%2528ecmascript%2529:1497:36)
    at update (http://localhost:3000/_next/static/chunks/node_modules_%40react-three_fiber_dist_10swxn6._.js:15260:26)
    at loop (http://localhost:3000/_next/static/chunks/node_modules_%40react-three_fiber_dist_10swxn6._.js:15286:23)
[  698724ms] ReferenceError: PIN_LABEL is not defined
    at useLabelProjection.useFrame [as current] (http://localhost:3000/_next/static/chunks/src_1aak4l9._.js?id=%255Bproject%255D%252Fsrc%252Fchapters%252Fch5%252FShowOrHideScene.tsx+%255Bapp-client%255D+%2528ecmascript%2529:1497:36)
    at update (http://localhost:3000/_next/static/chunks/node_modules_%40react-three_fiber_dist_10swxn6._.js:15260:26)
    at loop (http://localhost:3000/_next/static/chunks/node_modules_%40react-three_fiber_dist_10swxn6._.js:15286:23)
[  698731ms] ReferenceError: PIN_LABEL is not defined
    at useLabelProjection.useFrame [as current] (http://localhost:3000/_next/static/chunks/src_1aak4l9._.js?id=%255Bproject%255D%252Fsrc%252Fchapters%252Fch5%252FShowOrHideScene.tsx+%255Bapp-client%255D+%2528ecmascript%2529:1497:36)
    at update (http://localhost:3000/_next/static/chunks/node_modules_%40react-three_fiber_dist_10swxn6._.js:15260:26)
    at loop (http://localhost:3000/_next/static/chunks/node_modules_%40react-three_fiber_dist_10swxn6._.js:15286:23)
[  698739ms] ReferenceError: PIN_LABEL is not defined
    at useLabelProjection.useFrame [as current] (http://localhost:3000/_next/static/chunks/src_1aak4l9._.js?id=%255Bproject%255D%252Fsrc%252Fchapters%252Fch5%252FShowOrHideScene.tsx+%255Bapp-client%255D+%2528ecmascript%2529:1497:36)
    at update (http://localhost:3000/_next/static/chunks/node_modules_%40react-three_fiber_dist_10swxn6._.js:15260:26)
    at loop (http://localhost:3000/_next/static/chunks/node_modules_%40react-three_fiber_dist_10swxn6._.js:15286:23)
[  698748ms] ReferenceError: PIN_LABEL is not defined
    at useLabelProjection.useFrame [as current] (http://localhost:3000/_next/static/chunks/src_1aak4l9._.js?id=%255Bproject%255D%252Fsrc%252Fchapters%252Fch5%252FShowOrHideScene.tsx+%255Bapp-client%255D+%2528ecmascript%2529:1497:36)
    at update (http://localhost:3000/_next/static/chunks/node_modules_%40react-three_fiber_dist_10swxn6._.js:15260:26)
    at loop (http://localhost:3000/_next/static/chunks/node_modules_%40react-three_fiber_dist_10swxn6._.js:15286:23)
[  698757ms] ReferenceError: PIN_LABEL is not defined
    at useLabelProjection.useFrame [as current] (http://localhost:3000/_next/static/chunks/src_1aak4l9._.js?id=%255Bproject%255D%252Fsrc%252Fchapters%252Fch5%252FShowOrHideScene.tsx+%255Bapp-client%255D+%2528ecmascript%2529:1497:36)
    at update (http://localhost:3000/_next/static/chunks/node_modules_%40react-three_fiber_dist_10swxn6._.js:15260:26)
    at loop (http://localhost:3000/_next/static/chunks/node_modules_%40react-three_fiber_dist_10swxn6._.js:15286:23)
[  698764ms] ReferenceError: PIN_LABEL is not defined
    at useLabelProjection.useFrame [as current] (http://localhost:3000/_next/static/chunks/src_1aak4l9._.js?id=%255Bproject%255D%252Fsrc%252Fchapters%252Fch5%252FShowOrHideScene.tsx+%255Bapp-client%255D+%2528ecmascript%2529:1497:36)
    at update (http://localhost:3000/_next/static/chunks/node_modules_%40react-three_fiber_dist_10swxn6._.js:15260:26)
    at loop (http://localhost:3000/_next/static/chunks/node_modules_%40react-three_fiber_dist_10swxn6._.js:15286:23)
[  698772ms] ReferenceError: PIN_LABEL is not defined
    at useLabelProjection.useFrame [as current] (http://localhost:3000/_next/static/chunks/src_1aak4l9._.js?id=%255Bproject%255D%252Fsrc%252Fchapters%252Fch5%252FShowOrHideScene.tsx+%255Bapp-client%255D+%2528ecmascript%2529:1497:36)
    at update (http://localhost:3000/_next/static/chunks/node_modules_%40react-three_fiber_dist_10swxn6._.js:15260:26)
    at loop (http://localhost:3000/_next/static/chunks/node_modules_%40react-three_fiber_dist_10swxn6._.js:15286:23)
[  698781ms] ReferenceError: PIN_LABEL is not defined
    at useLabelProjection.useFrame [as current] (http://localhost:3000/_next/static/chunks/src_1aak4l9._.js?id=%255Bproject%255D%252Fsrc%252Fchapters%252Fch5%252FShowOrHideScene.tsx+%255Bapp-client%255D+%2528ecmascript%2529:1497:36)
    at update (http://localhost:3000/_next/static/chunks/node_modules_%40react-three_fiber_dist_10swxn6._.js:15260:26)
    at loop (http://localhost:3000/_next/static/chunks/node_modules_%40react-three_fiber_dist_10swxn6._.js:15286:23)
[  698789ms] ReferenceError: PIN_LABEL is not defined
    at useLabelProjection.useFrame [as current] (http://localhost:3000/_next/static/chunks/src_1aak4l9._.js?id=%255Bproject%255D%252Fsrc%252Fchapters%252Fch5%252FShowOrHideScene.tsx+%255Bapp-client%255D+%2528ecmascript%2529:1497:36)
    at update (http://localhost:3000/_next/static/chunks/node_modules_%40react-three_fiber_dist_10swxn6._.js:15260:26)
    at loop (http://localhost:3000/_next/static/chunks/node_modules_%40react-three_fiber_dist_10swxn6._.js:15286:23)
[  698798ms] ReferenceError: PIN_LABEL is not defined
    at useLabelProjection.useFrame [as current] (http://localhost:3000/_next/static/chunks/src_1aak4l9._.js?id=%255Bproject%255D%252Fsrc%252Fchapters%252Fch5%252FShowOrHideScene.tsx+%255Bapp-client%255D+%2528ecmascript%2529:1497:36)
    at update (http://localhost:3000/_next/static/chunks/node_modules_%40react-three_fiber_dist_10swxn6._.js:15260:26)
    at loop (http://localhost:3000/_next/static/chunks/node_modules_%40react-three_fiber_dist_10swxn6._.js:15286:23)
[  698806ms] ReferenceError: PIN_LABEL is not defined
    at useLabelProjection.useFrame [as current] (http://localhost:3000/_next/static/chunks/src_1aak4l9._.js?id=%255Bproject%255D%252Fsrc%252Fchapters%252Fch5%252FShowOrHideScene.tsx+%255Bapp-client%255D+%2528ecmascript%2529:1497:36)
    at update (http://localhost:3000/_next/static/chunks/node_modules_%40react-three_fiber_dist_10swxn6._.js:15260:26)
    at loop (http://localhost:3000/_next/static/chunks/node_modules_%40react-three_fiber_dist_10swxn6._.js:15286:23)
[  698815ms] ReferenceError: PIN_LABEL is not defined
    at useLabelProjection.useFrame [as current] (http://localhost:3000/_next/static/chunks/src_1aak4l9._.js?id=%255Bproject%255D%252Fsrc%252Fchapters%252Fch5%252FShowOrHideScene.tsx+%255Bapp-client%255D+%2528ecmascript%2529:1497:36)
    at update (http://localhost:3000/_next/static/chunks/node_modules_%40react-three_fiber_dist_10swxn6._.js:15260:26)
    at loop (http://localhost:3000/_next/static/chunks/node_modules_%40react-three_fiber_dist_10swxn6._.js:15286:23)
[  698823ms] ReferenceError: PIN_LABEL is not defined
    at useLabelProjection.useFrame [as current] (http://localhost:3000/_next/static/chunks/src_1aak4l9._.js?id=%255Bproject%255D%252Fsrc%252Fchapters%252Fch5%252FShowOrHideScene.tsx+%255Bapp-client%255D+%2528ecmascript%2529:1497:36)
    at update (http://localhost:3000/_next/static/chunks/node_modules_%40react-three_fiber_dist_10swxn6._.js:15260:26)
    at loop (http://localhost:3000/_next/static/chunks/node_modules_%40react-three_fiber_dist_10swxn6._.js:15286:23)
[  698832ms] ReferenceError: PIN_LABEL is not defined
    at useLabelProjection.useFrame [as current] (http://localhost:3000/_next/static/chunks/src_1aak4l9._.js?id=%255Bproject%255D%252Fsrc%252Fchapters%252Fch5%252FShowOrHideScene.tsx+%255Bapp-client%255D+%2528ecmascript%2529:1497:36)
    at update (http://localhost:3000/_next/static/chunks/node_modules_%40react-three_fiber_dist_10swxn6._.js:15260:26)
    at loop (http://localhost:3000/_next/static/chunks/node_modules_%40react-three_fiber_dist_10swxn6._.js:15286:23)
[  698840ms] ReferenceError: PIN_LABEL is not defined
    at useLabelProjection.useFrame [as current] (http://localhost:3000/_next/static/chunks/src_1aak4l9._.js?id=%255Bproject%255D%252Fsrc%252Fchapters%252Fch5%252FShowOrHideScene.tsx+%255Bapp-client%255D+%2528ecmascript%2529:1497:36)
    at update (http://localhost:3000/_next/static/chunks/node_modules_%40react-three_fiber_dist_10swxn6._.js:15260:26)
    at loop (http://localhost:3000/_next/static/chunks/node_modules_%40react-three_fiber_dist_10swxn6._.js:15286:23)
[  698848ms] ReferenceError: PIN_LABEL is not defined
    at useLabelProjection.useFrame [as current] (http://localhost:3000/_next/static/chunks/src_1aak4l9._.js?id=%255Bproject%255D%252Fsrc%252Fchapters%252Fch5%252FShowOrHideScene.tsx+%255Bapp-client%255D+%2528ecmascript%2529:1497:36)
    at update (http://localhost:3000/_next/static/chunks/node_modules_%40react-three_fiber_dist_10swxn6._.js:15260:26)
    at loop (http://localhost:3000/_next/static/chunks/node_modules_%40react-three_fiber_dist_10swxn6._.js:15286:23)
[  698856ms] ReferenceError: PIN_LABEL is not defined
    at useLabelProjection.useFrame [as current] (http://localhost:3000/_next/static/chunks/src_1aak4l9._.js?id=%255Bproject%255D%252Fsrc%252Fchapters%252Fch5%252FShowOrHideScene.tsx+%255Bapp-client%255D+%2528ecmascript%2529:1497:36)
    at update (http://localhost:3000/_next/static/chunks/node_modules_%40react-three_fiber_dist_10swxn6._.js:15260:26)
    at loop (http://localhost:3000/_next/static/chunks/node_modules_%40react-three_fiber_dist_10swxn6._.js:15286:23)
[  698865ms] ReferenceError: PIN_LABEL is not defined
    at useLabelProjection.useFrame [as current] (http://localhost:3000/_next/static/chunks/src_1aak4l9._.js?id=%255Bproject%255D%252Fsrc%252Fchapters%252Fch5%252FShowOrHideScene.tsx+%255Bapp-client%255D+%2528ecmascript%2529:1497:36)
    at update (http://localhost:3000/_next/static/chunks/node_modules_%40react-three_fiber_dist_10swxn6._.js:15260:26)
    at loop (http://localhost:3000/_next/static/chunks/node_modules_%40react-three_fiber_dist_10swxn6._.js:15286:23)
[  698873ms] ReferenceError: PIN_LABEL is not defined
    at useLabelProjection.useFrame [as current] (http://localhost:3000/_next/static/chunks/src_1aak4l9._.js?id=%255Bproject%255D%252Fsrc%252Fchapters%252Fch5%252FShowOrHideScene.tsx+%255Bapp-client%255D+%2528ecmascript%2529:1497:36)
    at update (http://localhost:3000/_next/static/chunks/node_modules_%40react-three_fiber_dist_10swxn6._.js:15260:26)
    at loop (http://localhost:3000/_next/static/chunks/node_modules_%40react-three_fiber_dist_10swxn6._.js:15286:23)
[  698881ms] ReferenceError: PIN_LABEL is not defined
    at useLabelProjection.useFrame [as current] (http://localhost:3000/_next/static/chunks/src_1aak4l9._.js?id=%255Bproject%255D%252Fsrc%252Fchapters%252Fch5%252FShowOrHideScene.tsx+%255Bapp-client%255D+%2528ecmascript%2529:1497:36)
    at update (http://localhost:3000/_next/static/chunks/node_modules_%40react-three_fiber_dist_10swxn6._.js:15260:26)
    at loop (http://localhost:3000/_next/static/chunks/node_modules_%40react-three_fiber_dist_10swxn6._.js:15286:23)
[  698889ms] ReferenceError: PIN_LABEL is not defined
    at useLabelProjection.useFrame [as current] (http://localhost:3000/_next/static/chunks/src_1aak4l9._.js?id=%255Bproject%255D%252Fsrc%252Fchapters%252Fch5%252FShowOrHideScene.tsx+%255Bapp-client%255D+%2528ecmascript%2529:1497:36)
    at update (http://localhost:3000/_next/static/chunks/node_modules_%40react-three_fiber_dist_10swxn6._.js:15260:26)
    at loop (http://localhost:3000/_next/static/chunks/node_modules_%40react-three_fiber_dist_10swxn6._.js:15286:23)
[  698898ms] ReferenceError: PIN_LABEL is not defined
    at useLabelProjection.useFrame [as current] (http://localhost:3000/_next/static/chunks/src_1aak4l9._.js?id=%255Bproject%255D%252Fsrc%252Fchapters%252Fch5%252FShowOrHideScene.tsx+%255Bapp-client%255D+%2528ecmascript%2529:1497:36)
    at update (http://localhost:3000/_next/static/chunks/node_modules_%40react-three_fiber_dist_10swxn6._.js:15260:26)
    at loop (http://localhost:3000/_next/static/chunks/node_modules_%40react-three_fiber_dist_10swxn6._.js:15286:23)
[  698908ms] ReferenceError: PIN_LABEL is not defined
    at useLabelProjection.useFrame [as current] (http://localhost:3000/_next/static/chunks/src_1aak4l9._.js?id=%255Bproject%255D%252Fsrc%252Fchapters%252Fch5%252FShowOrHideScene.tsx+%255Bapp-client%255D+%2528ecmascript%2529:1497:36)
    at update (http://localhost:3000/_next/static/chunks/node_modules_%40react-three_fiber_dist_10swxn6._.js:15260:26)
    at loop (http://localhost:3000/_next/static/chunks/node_modules_%40react-three_fiber_dist_10swxn6._.js:15286:23)
[  698916ms] ReferenceError: PIN_LABEL is not defined
    at useLabelProjection.useFrame [as current] (http://localhost:3000/_next/static/chunks/src_1aak4l9._.js?id=%255Bproject%255D%252Fsrc%252Fchapters%252Fch5%252FShowOrHideScene.tsx+%255Bapp-client%255D+%2528ecmascript%2529:1497:36)
    at update (http://localhost:3000/_next/static/chunks/node_modules_%40react-three_fiber_dist_10swxn6._.js:15260:26)
    at loop (http://localhost:3000/_next/static/chunks/node_modules_%40react-three_fiber_dist_10swxn6._.js:15286:23)
[  698923ms] ReferenceError: PIN_LABEL is not defined
    at useLabelProjection.useFrame [as current] (http://localhost:3000/_next/static/chunks/src_1aak4l9._.js?id=%255Bproject%255D%252Fsrc%252Fchapters%252Fch5%252FShowOrHideScene.tsx+%255Bapp-client%255D+%2528ecmascript%2529:1497:36)
    at update (http://localhost:3000/_next/static/chunks/node_modules_%40react-three_fiber_dist_10swxn6._.js:15260:26)
    at loop (http://localhost:3000/_next/static/chunks/node_modules_%40react-three_fiber_dist_10swxn6._.js:15286:23)
[  698931ms] ReferenceError: PIN_LABEL is not defined
    at useLabelProjection.useFrame [as current] (http://localhost:3000/_next/static/chunks/src_1aak4l9._.js?id=%255Bproject%255D%252Fsrc%252Fchapters%252Fch5%252FShowOrHideScene.tsx+%255Bapp-client%255D+%2528ecmascript%2529:1497:36)
    at update (http://localhost:3000/_next/static/chunks/node_modules_%40react-three_fiber_dist_10swxn6._.js:15260:26)
    at loop (http://localhost:3000/_next/static/chunks/node_modules_%40react-three_fiber_dist_10swxn6._.js:15286:23)
[  698939ms] ReferenceError: PIN_LABEL is not defined
    at useLabelProjection.useFrame [as current] (http://localhost:3000/_next/static/chunks/src_1aak4l9._.js?id=%255Bproject%255D%252Fsrc%252Fchapters%252Fch5%252FShowOrHideScene.tsx+%255Bapp-client%255D+%2528ecmascript%2529:1497:36)
    at update (http://localhost:3000/_next/static/chunks/node_modules_%40react-three_fiber_dist_10swxn6._.js:15260:26)
    at loop (http://localhost:3000/_next/static/chunks/node_modules_%40react-three_fiber_dist_10swxn6._.js:15286:23)
[  698948ms] ReferenceError: PIN_LABEL is not defined
    at useLabelProjection.useFrame [as current] (http://localhost:3000/_next/static/chunks/src_1aak4l9._.js?id=%255Bproject%255D%252Fsrc%252Fchapters%252Fch5%252FShowOrHideScene.tsx+%255Bapp-client%255D+%2528ecmascript%2529:1497:36)
    at update (http://localhost:3000/_next/static/chunks/node_modules_%40react-three_fiber_dist_10swxn6._.js:15260:26)
    at loop (http://localhost:3000/_next/static/chunks/node_modules_%40react-three_fiber_dist_10swxn6._.js:15286:23)
[  698955ms] ReferenceError: PIN_LABEL is not defined
    at useLabelProjection.useFrame [as current] (http://localhost:3000/_next/static/chunks/src_1aak4l9._.js?id=%255Bproject%255D%252Fsrc%252Fchapters%252Fch5%252FShowOrHideScene.tsx+%255Bapp-client%255D+%2528ecmascript%2529:1497:36)
    at update (http://localhost:3000/_next/static/chunks/node_modules_%40react-three_fiber_dist_10swxn6._.js:15260:26)
    at loop (http://localhost:3000/_next/static/chunks/node_modules_%40react-three_fiber_dist_10swxn6._.js:15286:23)
[  698964ms] ReferenceError: PIN_LABEL is not defined
    at useLabelProjection.useFrame [as current] (http://localhost:3000/_next/static/chunks/src_1aak4l9._.js?id=%255Bproject%255D%252Fsrc%252Fchapters%252Fch5%252FShowOrHideScene.tsx+%255Bapp-client%255D+%2528ecmascript%2529:1497:36)
    at update (http://localhost:3000/_next/static/chunks/node_modules_%40react-three_fiber_dist_10swxn6._.js:15260:26)
    at loop (http://localhost:3000/_next/static/chunks/node_modules_%40react-three_fiber_dist_10swxn6._.js:15286:23)
[  698972ms] ReferenceError: PIN_LABEL is not defined
    at useLabelProjection.useFrame [as current] (http://localhost:3000/_next/static/chunks/src_1aak4l9._.js?id=%255Bproject%255D%252Fsrc%252Fchapters%252Fch5%252FShowOrHideScene.tsx+%255Bapp-client%255D+%2528ecmascript%2529:1497:36)
    at update (http://localhost:3000/_next/static/chunks/node_modules_%40react-three_fiber_dist_10swxn6._.js:15260:26)
    at loop (http://localhost:3000/_next/static/chunks/node_modules_%40react-three_fiber_dist_10swxn6._.js:15286:23)
[  698981ms] ReferenceError: PIN_LABEL is not defined
    at useLabelProjection.useFrame [as current] (http://localhost:3000/_next/static/chunks/src_1aak4l9._.js?id=%255Bproject%255D%252Fsrc%252Fchapters%252Fch5%252FShowOrHideScene.tsx+%255Bapp-client%255D+%2528ecmascript%2529:1497:36)
    at update (http://localhost:3000/_next/static/chunks/node_modules_%40react-three_fiber_dist_10swxn6._.js:15260:26)
    at loop (http://localhost:3000/_next/static/chunks/node_modules_%40react-three_fiber_dist_10swxn6._.js:15286:23)
[  698989ms] ReferenceError: PIN_LABEL is not defined
    at useLabelProjection.useFrame [as current] (http://localhost:3000/_next/static/chunks/src_1aak4l9._.js?id=%255Bproject%255D%252Fsrc%252Fchapters%252Fch5%252FShowOrHideScene.tsx+%255Bapp-client%255D+%2528ecmascript%2529:1497:36)
    at update (http://localhost:3000/_next/static/chunks/node_modules_%40react-three_fiber_dist_10swxn6._.js:15260:26)
    at loop (http://localhost:3000/_next/static/chunks/node_modules_%40react-three_fiber_dist_10swxn6._.js:15286:23)
[  698997ms] ReferenceError: PIN_LABEL is not defined
    at useLabelProjection.useFrame [as current] (http://localhost:3000/_next/static/chunks/src_1aak4l9._.js?id=%255Bproject%255D%252Fsrc%252Fchapters%252Fch5%252FShowOrHideScene.tsx+%255Bapp-client%255D+%2528ecmascript%2529:1497:36)
    at update (http://localhost:3000/_next/static/chunks/node_modules_%40react-three_fiber_dist_10swxn6._.js:15260:26)
    at loop (http://localhost:3000/_next/static/chunks/node_modules_%40react-three_fiber_dist_10swxn6._.js:15286:23)
[  699007ms] ReferenceError: PIN_LABEL is not defined
    at useLabelProjection.useFrame [as current] (http://localhost:3000/_next/static/chunks/src_1aak4l9._.js?id=%255Bproject%255D%252Fsrc%252Fchapters%252Fch5%252FShowOrHideScene.tsx+%255Bapp-client%255D+%2528ecmascript%2529:1497:36)
    at update (http://localhost:3000/_next/static/chunks/node_modules_%40react-three_fiber_dist_10swxn6._.js:15260:26)
    at loop (http://localhost:3000/_next/static/chunks/node_modules_%40react-three_fiber_dist_10swxn6._.js:15286:23)
[  699014ms] ReferenceError: PIN_LABEL is not defined
    at useLabelProjection.useFrame [as current] (http://localhost:3000/_next/static/chunks/src_1aak4l9._.js?id=%255Bproject%255D%252Fsrc%252Fchapters%252Fch5%252FShowOrHideScene.tsx+%255Bapp-client%255D+%2528ecmascript%2529:1497:36)
    at update (http://localhost:3000/_next/static/chunks/node_modules_%40react-three_fiber_dist_10swxn6._.js:15260:26)
    at loop (http://localhost:3000/_next/static/chunks/node_modules_%40react-three_fiber_dist_10swxn6._.js:15286:23)
[  699023ms] ReferenceError: PIN_LABEL is not defined
    at useLabelProjection.useFrame [as current] (http://localhost:3000/_next/static/chunks/src_1aak4l9._.js?id=%255Bproject%255D%252Fsrc%252Fchapters%252Fch5%252FShowOrHideScene.tsx+%255Bapp-client%255D+%2528ecmascript%2529:1497:36)
    at update (http://localhost:3000/_next/static/chunks/node_modules_%40react-three_fiber_dist_10swxn6._.js:15260:26)
    at loop (http://localhost:3000/_next/static/chunks/node_modules_%40react-three_fiber_dist_10swxn6._.js:15286:23)
[  699030ms] ReferenceError: PIN_LABEL is not defined
    at useLabelProjection.useFrame [as current] (http://localhost:3000/_next/static/chunks/src_1aak4l9._.js?id=%255Bproject%255D%252Fsrc%252Fchapters%252Fch5%252FShowOrHideScene.tsx+%255Bapp-client%255D+%2528ecmascript%2529:1497:36)
    at update (http://localhost:3000/_next/static/chunks/node_modules_%40react-three_fiber_dist_10swxn6._.js:15260:26)
    at loop (http://localhost:3000/_next/static/chunks/node_modules_%40react-three_fiber_dist_10swxn6._.js:15286:23)
[  699040ms] ReferenceError: PIN_LABEL is not defined
    at useLabelProjection.useFrame [as current] (http://localhost:3000/_next/static/chunks/src_1aak4l9._.js?id=%255Bproject%255D%252Fsrc%252Fchapters%252Fch5%252FShowOrHideScene.tsx+%255Bapp-client%255D+%2528ecmascript%2529:1497:36)
    at update (http://localhost:3000/_next/static/chunks/node_modules_%40react-three_fiber_dist_10swxn6._.js:15260:26)
    at loop (http://localhost:3000/_next/static/chunks/node_modules_%40react-three_fiber_dist_10swxn6._.js:15286:23)
[  699047ms] ReferenceError: PIN_LABEL is not defined
    at useLabelProjection.useFrame [as current] (http://localhost:3000/_next/static/chunks/src_1aak4l9._.js?id=%255Bproject%255D%252Fsrc%252Fchapters%252Fch5%252FShowOrHideScene.tsx+%255Bapp-client%255D+%2528ecmascript%2529:1497:36)
    at update (http://localhost:3000/_next/static/chunks/node_modules_%40react-three_fiber_dist_10swxn6._.js:15260:26)
    at loop (http://localhost:3000/_next/static/chunks/node_modules_%40react-three_fiber_dist_10swxn6._.js:15286:23)
[  699055ms] ReferenceError: PIN_LABEL is not defined
    at useLabelProjection.useFrame [as current] (http://localhost:3000/_next/static/chunks/src_1aak4l9._.js?id=%255Bproject%255D%252Fsrc%252Fchapters%252Fch5%252FShowOrHideScene.tsx+%255Bapp-client%255D+%2528ecmascript%2529:1497:36)
    at update (http://localhost:3000/_next/static/chunks/node_modules_%40react-three_fiber_dist_10swxn6._.js:15260:26)
    at loop (http://localhost:3000/_next/static/chunks/node_modules_%40react-three_fiber_dist_10swxn6._.js:15286:23)
[  699064ms] ReferenceError: PIN_LABEL is not defined
    at useLabelProjection.useFrame [as current] (http://localhost:3000/_next/static/chunks/src_1aak4l9._.js?id=%255Bproject%255D%252Fsrc%252Fchapters%252Fch5%252FShowOrHideScene.tsx+%255Bapp-client%255D+%2528ecmascript%2529:1497:36)
    at update (http://localhost:3000/_next/static/chunks/node_modules_%40react-three_fiber_dist_10swxn6._.js:15260:26)
    at loop (http://localhost:3000/_next/static/chunks/node_modules_%40react-three_fiber_dist_10swxn6._.js:15286:23)
[  699072ms] ReferenceError: PIN_LABEL is not defined
    at useLabelProjection.useFrame [as current] (http://localhost:3000/_next/static/chunks/src_1aak4l9._.js?id=%255Bproject%255D%252Fsrc%252Fchapters%252Fch5%252FShowOrHideScene.tsx+%255Bapp-client%255D+%2528ecmascript%2529:1497:36)
    at update (http://localhost:3000/_next/static/chunks/node_modules_%40react-three_fiber_dist_10swxn6._.js:15260:26)
    at loop (http://localhost:3000/_next/static/chunks/node_modules_%40react-three_fiber_dist_10swxn6._.js:15286:23)
[  699080ms] ReferenceError: PIN_LABEL is not defined
    at useLabelProjection.useFrame [as current] (http://localhost:3000/_next/static/chunks/src_1aak4l9._.js?id=%255Bproject%255D%252Fsrc%252Fchapters%252Fch5%252FShowOrHideScene.tsx+%255Bapp-client%255D+%2528ecmascript%2529:1497:36)
    at update (http://localhost:3000/_next/static/chunks/node_modules_%40react-three_fiber_dist_10swxn6._.js:15260:26)
    at loop (http://localhost:3000/_next/static/chunks/node_modules_%40react-three_fiber_dist_10swxn6._.js:15286:23)
[  699089ms] ReferenceError: PIN_LABEL is not defined
    at useLabelProjection.useFrame [as current] (http://localhost:3000/_next/static/chunks/src_1aak4l9._.js?id=%255Bproject%255D%252Fsrc%252Fchapters%252Fch5%252FShowOrHideScene.tsx+%255Bapp-client%255D+%2528ecmascript%2529:1497:36)
    at update (http://localhost:3000/_next/static/chunks/node_modules_%40react-three_fiber_dist_10swxn6._.js:15260:26)
    at loop (http://localhost:3000/_next/static/chunks/node_modules_%40react-three_fiber_dist_10swxn6._.js:15286:23)
[  699097ms] ReferenceError: PIN_LABEL is not defined
    at useLabelProjection.useFrame [as current] (http://localhost:3000/_next/static/chunks/src_1aak4l9._.js?id=%255Bproject%255D%252Fsrc%252Fchapters%252Fch5%252FShowOrHideScene.tsx+%255Bapp-client%255D+%2528ecmascript%2529:1497:36)
    at update (http://localhost:3000/_next/static/chunks/node_modules_%40react-three_fiber_dist_10swxn6._.js:15260:26)
    at loop (http://localhost:3000/_next/static/chunks/node_modules_%40react-three_fiber_dist_10swxn6._.js:15286:23)
[  699105ms] ReferenceError: PIN_LABEL is not defined
    at useLabelProjection.useFrame [as current] (http://localhost:3000/_next/static/chunks/src_1aak4l9._.js?id=%255Bproject%255D%252Fsrc%252Fchapters%252Fch5%252FShowOrHideScene.tsx+%255Bapp-client%255D+%2528ecmascript%2529:1497:36)
    at update (http://localhost:3000/_next/static/chunks/node_modules_%40react-three_fiber_dist_10swxn6._.js:15260:26)
    at loop (http://localhost:3000/_next/static/chunks/node_modules_%40react-three_fiber_dist_10swxn6._.js:15286:23)
[  699114ms] ReferenceError: PIN_LABEL is not defined
    at useLabelProjection.useFrame [as current] (http://localhost:3000/_next/static/chunks/src_1aak4l9._.js?id=%255Bproject%255D%252Fsrc%252Fchapters%252Fch5%252FShowOrHideScene.tsx+%255Bapp-client%255D+%2528ecmascript%2529:1497:36)
    at update (http://localhost:3000/_next/static/chunks/node_modules_%40react-three_fiber_dist_10swxn6._.js:15260:26)
    at loop (http://localhost:3000/_next/static/chunks/node_modules_%40react-three_fiber_dist_10swxn6._.js:15286:23)
[  699122ms] ReferenceError: PIN_LABEL is not defined
    at useLabelProjection.useFrame [as current] (http://localhost:3000/_next/static/chunks/src_1aak4l9._.js?id=%255Bproject%255D%252Fsrc%252Fchapters%252Fch5%252FShowOrHideScene.tsx+%255Bapp-client%255D+%2528ecmascript%2529:1497:36)
    at update (http://localhost:3000/_next/static/chunks/node_modules_%40react-three_fiber_dist_10swxn6._.js:15260:26)
    at loop (http://localhost:3000/_next/static/chunks/node_modules_%40react-three_fiber_dist_10swxn6._.js:15286:23)
[  699130ms] ReferenceError: PIN_LABEL is not defined
    at useLabelProjection.useFrame [as current] (http://localhost:3000/_next/static/chunks/src_1aak4l9._.js?id=%255Bproject%255D%252Fsrc%252Fchapters%252Fch5%252FShowOrHideScene.tsx+%255Bapp-client%255D+%2528ecmascript%2529:1497:36)
    at update (http://localhost:3000/_next/static/chunks/node_modules_%40react-three_fiber_dist_10swxn6._.js:15260:26)
    at loop (http://localhost:3000/_next/static/chunks/node_modules_%40react-three_fiber_dist_10swxn6._.js:15286:23)
[  699139ms] ReferenceError: PIN_LABEL is not defined
    at useLabelProjection.useFrame [as current] (http://localhost:3000/_next/static/chunks/src_1aak4l9._.js?id=%255Bproject%255D%252Fsrc%252Fchapters%252Fch5%252FShowOrHideScene.tsx+%255Bapp-client%255D+%2528ecmascript%2529:1497:36)
    at update (http://localhost:3000/_next/static/chunks/node_modules_%40react-three_fiber_dist_10swxn6._.js:15260:26)
    at loop (http://localhost:3000/_next/static/chunks/node_modules_%40react-three_fiber_dist_10swxn6._.js:15286:23)
[  699147ms] ReferenceError: PIN_LABEL is not defined
    at useLabelProjection.useFrame [as current] (http://localhost:3000/_next/static/chunks/src_1aak4l9._.js?id=%255Bproject%255D%252Fsrc%252Fchapters%252Fch5%252FShowOrHideScene.tsx+%255Bapp-client%255D+%2528ecmascript%2529:1497:36)
    at update (http://localhost:3000/_next/static/chunks/node_modules_%40react-three_fiber_dist_10swxn6._.js:15260:26)
    at loop (http://localhost:3000/_next/static/chunks/node_modules_%40react-three_fiber_dist_10swxn6._.js:15286:23)
[  699155ms] ReferenceError: PIN_LABEL is not defined
    at useLabelProjection.useFrame [as current] (http://localhost:3000/_next/static/chunks/src_1aak4l9._.js?id=%255Bproject%255D%252Fsrc%252Fchapters%252Fch5%252FShowOrHideScene.tsx+%255Bapp-client%255D+%2528ecmascript%2529:1497:36)
    at update (http://localhost:3000/_next/static/chunks/node_modules_%40react-three_fiber_dist_10swxn6._.js:15260:26)
    at loop (http://localhost:3000/_next/static/chunks/node_modules_%40react-three_fiber_dist_10swxn6._.js:15286:23)
[  699164ms] ReferenceError: PIN_LABEL is not defined
    at useLabelProjection.useFrame [as current] (http://localhost:3000/_next/static/chunks/src_1aak4l9._.js?id=%255Bproject%255D%252Fsrc%252Fchapters%252Fch5%252FShowOrHideScene.tsx+%255Bapp-client%255D+%2528ecmascript%2529:1497:36)
    at update (http://localhost:3000/_next/static/chunks/node_modules_%40react-three_fiber_dist_10swxn6._.js:15260:26)
    at loop (http://localhost:3000/_next/static/chunks/node_modules_%40react-three_fiber_dist_10swxn6._.js:15286:23)
[  699172ms] ReferenceError: PIN_LABEL is not defined
    at useLabelProjection.useFrame [as current] (http://localhost:3000/_next/static/chunks/src_1aak4l9._.js?id=%255Bproject%255D%252Fsrc%252Fchapters%252Fch5%252FShowOrHideScene.tsx+%255Bapp-client%255D+%2528ecmascript%2529:1497:36)
    at update (http://localhost:3000/_next/static/chunks/node_modules_%40react-three_fiber_dist_10swxn6._.js:15260:26)
    at loop (http://localhost:3000/_next/static/chunks/node_modules_%40react-three_fiber_dist_10swxn6._.js:15286:23)
[  699180ms] ReferenceError: PIN_LABEL is not defined
    at useLabelProjection.useFrame [as current] (http://localhost:3000/_next/static/chunks/src_1aak4l9._.js?id=%255Bproject%255D%252Fsrc%252Fchapters%252Fch5%252FShowOrHideScene.tsx+%255Bapp-client%255D+%2528ecmascript%2529:1497:36)
    at update (http://localhost:3000/_next/static/chunks/node_modules_%40react-three_fiber_dist_10swxn6._.js:15260:26)
    at loop (http://localhost:3000/_next/static/chunks/node_modules_%40react-three_fiber_dist_10swxn6._.js:15286:23)
[  699189ms] ReferenceError: PIN_LABEL is not defined
    at useLabelProjection.useFrame [as current] (http://localhost:3000/_next/static/chunks/src_1aak4l9._.js?id=%255Bproject%255D%252Fsrc%252Fchapters%252Fch5%252FShowOrHideScene.tsx+%255Bapp-client%255D+%2528ecmascript%2529:1497:36)
    at update (http://localhost:3000/_next/static/chunks/node_modules_%40react-three_fiber_dist_10swxn6._.js:15260:26)
    at loop (http://localhost:3000/_next/static/chunks/node_modules_%40react-three_fiber_dist_10swxn6._.js:15286:23)
[  699197ms] ReferenceError: PIN_LABEL is not defined
    at useLabelProjection.useFrame [as current] (http://localhost:3000/_next/static/chunks/src_1aak4l9._.js?id=%255Bproject%255D%252Fsrc%252Fchapters%252Fch5%252FShowOrHideScene.tsx+%255Bapp-client%255D+%2528ecmascript%2529:1497:36)
    at update (http://localhost:3000/_next/static/chunks/node_modules_%40react-three_fiber_dist_10swxn6._.js:15260:26)
    at loop (http://localhost:3000/_next/static/chunks/node_modules_%40react-three_fiber_dist_10swxn6._.js:15286:23)
[  699205ms] ReferenceError: PIN_LABEL is not defined
    at useLabelProjection.useFrame [as current] (http://localhost:3000/_next/static/chunks/src_1aak4l9._.js?id=%255Bproject%255D%252Fsrc%252Fchapters%252Fch5%252FShowOrHideScene.tsx+%255Bapp-client%255D+%2528ecmascript%2529:1497:36)
    at update (http://localhost:3000/_next/static/chunks/node_modules_%40react-three_fiber_dist_10swxn6._.js:15260:26)
    at loop (http://localhost:3000/_next/static/chunks/node_modules_%40react-three_fiber_dist_10swxn6._.js:15286:23)
[  699214ms] ReferenceError: PIN_LABEL is not defined
    at useLabelProjection.useFrame [as current] (http://localhost:3000/_next/static/chunks/src_1aak4l9._.js?id=%255Bproject%255D%252Fsrc%252Fchapters%252Fch5%252FShowOrHideScene.tsx+%255Bapp-client%255D+%2528ecmascript%2529:1497:36)
    at update (http://localhost:3000/_next/static/chunks/node_modules_%40react-three_fiber_dist_10swxn6._.js:15260:26)
    at loop (http://localhost:3000/_next/static/chunks/node_modules_%40react-three_fiber_dist_10swxn6._.js:15286:23)
[  699222ms] ReferenceError: PIN_LABEL is not defined
    at useLabelProjection.useFrame [as current] (http://localhost:3000/_next/static/chunks/src_1aak4l9._.js?id=%255Bproject%255D%252Fsrc%252Fchapters%252Fch5%252FShowOrHideScene.tsx+%255Bapp-client%255D+%2528ecmascript%2529:1497:36)
    at update (http://localhost:3000/_next/static/chunks/node_modules_%40react-three_fiber_dist_10swxn6._.js:15260:26)
    at loop (http://localhost:3000/_next/static/chunks/node_modules_%40react-three_fiber_dist_10swxn6._.js:15286:23)
[  699230ms] ReferenceError: PIN_LABEL is not defined
    at useLabelProjection.useFrame [as current] (http://localhost:3000/_next/static/chunks/src_1aak4l9._.js?id=%255Bproject%255D%252Fsrc%252Fchapters%252Fch5%252FShowOrHideScene.tsx+%255Bapp-client%255D+%2528ecmascript%2529:1497:36)
    at update (http://localhost:3000/_next/static/chunks/node_modules_%40react-three_fiber_dist_10swxn6._.js:15260:26)
    at loop (http://localhost:3000/_next/static/chunks/node_modules_%40react-three_fiber_dist_10swxn6._.js:15286:23)
[  699239ms] ReferenceError: PIN_LABEL is not defined
    at useLabelProjection.useFrame [as current] (http://localhost:3000/_next/static/chunks/src_1aak4l9._.js?id=%255Bproject%255D%252Fsrc%252Fchapters%252Fch5%252FShowOrHideScene.tsx+%255Bapp-client%255D+%2528ecmascript%2529:1497:36)
    at update (http://localhost:3000/_next/static/chunks/node_modules_%40react-three_fiber_dist_10swxn6._.js:15260:26)
    at loop (http://localhost:3000/_next/static/chunks/node_modules_%40react-three_fiber_dist_10swxn6._.js:15286:23)
[  699247ms] ReferenceError: PIN_LABEL is not defined
    at useLabelProjection.useFrame [as current] (http://localhost:3000/_next/static/chunks/src_1aak4l9._.js?id=%255Bproject%255D%252Fsrc%252Fchapters%252Fch5%252FShowOrHideScene.tsx+%255Bapp-client%255D+%2528ecmascript%2529:1497:36)
    at update (http://localhost:3000/_next/static/chunks/node_modules_%40react-three_fiber_dist_10swxn6._.js:15260:26)
    at loop (http://localhost:3000/_next/static/chunks/node_modules_%40react-three_fiber_dist_10swxn6._.js:15286:23)
[  699255ms] ReferenceError: PIN_LABEL is not defined
    at useLabelProjection.useFrame [as current] (http://localhost:3000/_next/static/chunks/src_1aak4l9._.js?id=%255Bproject%255D%252Fsrc%252Fchapters%252Fch5%252FShowOrHideScene.tsx+%255Bapp-client%255D+%2528ecmascript%2529:1497:36)
    at update (http://localhost:3000/_next/static/chunks/node_modules_%40react-three_fiber_dist_10swxn6._.js:15260:26)
    at loop (http://localhost:3000/_next/static/chunks/node_modules_%40react-three_fiber_dist_10swxn6._.js:15286:23)
[  699264ms] ReferenceError: PIN_LABEL is not defined
    at useLabelProjection.useFrame [as current] (http://localhost:3000/_next/static/chunks/src_1aak4l9._.js?id=%255Bproject%255D%252Fsrc%252Fchapters%252Fch5%252FShowOrHideScene.tsx+%255Bapp-client%255D+%2528ecmascript%2529:1497:36)
    at update (http://localhost:3000/_next/static/chunks/node_modules_%40react-three_fiber_dist_10swxn6._.js:15260:26)
    at loop (http://localhost:3000/_next/static/chunks/node_modules_%40react-three_fiber_dist_10swxn6._.js:15286:23)
[  699272ms] ReferenceError: PIN_LABEL is not defined
    at useLabelProjection.useFrame [as current] (http://localhost:3000/_next/static/chunks/src_1aak4l9._.js?id=%255Bproject%255D%252Fsrc%252Fchapters%252Fch5%252FShowOrHideScene.tsx+%255Bapp-client%255D+%2528ecmascript%2529:1497:36)
    at update (http://localhost:3000/_next/static/chunks/node_modules_%40react-three_fiber_dist_10swxn6._.js:15260:26)
    at loop (http://localhost:3000/_next/static/chunks/node_modules_%40react-three_fiber_dist_10swxn6._.js:15286:23)
[  699280ms] ReferenceError: PIN_LABEL is not defined
    at useLabelProjection.useFrame [as current] (http://localhost:3000/_next/static/chunks/src_1aak4l9._.js?id=%255Bproject%255D%252Fsrc%252Fchapters%252Fch5%252FShowOrHideScene.tsx+%255Bapp-client%255D+%2528ecmascript%2529:1497:36)
    at update (http://localhost:3000/_next/static/chunks/node_modules_%40react-three_fiber_dist_10swxn6._.js:15260:26)
    at loop (http://localhost:3000/_next/static/chunks/node_modules_%40react-three_fiber_dist_10swxn6._.js:15286:23)
[  699289ms] ReferenceError: PIN_LABEL is not defined
    at useLabelProjection.useFrame [as current] (http://localhost:3000/_next/static/chunks/src_1aak4l9._.js?id=%255Bproject%255D%252Fsrc%252Fchapters%252Fch5%252FShowOrHideScene.tsx+%255Bapp-client%255D+%2528ecmascript%2529:1497:36)
    at update (http://localhost:3000/_next/static/chunks/node_modules_%40react-three_fiber_dist_10swxn6._.js:15260:26)
    at loop (http://localhost:3000/_next/static/chunks/node_modules_%40react-three_fiber_dist_10swxn6._.js:15286:23)
[  699297ms] ReferenceError: PIN_LABEL is not defined
    at useLabelProjection.useFrame [as current] (http://localhost:3000/_next/static/chunks/src_1aak4l9._.js?id=%255Bproject%255D%252Fsrc%252Fchapters%252Fch5%252FShowOrHideScene.tsx+%255Bapp-client%255D+%2528ecmascript%2529:1497:36)
    at update (http://localhost:3000/_next/static/chunks/node_modules_%40react-three_fiber_dist_10swxn6._.js:15260:26)
    at loop (http://localhost:3000/_next/static/chunks/node_modules_%40react-three_fiber_dist_10swxn6._.js:15286:23)
[  699306ms] ReferenceError: PIN_LABEL is not defined
    at useLabelProjection.useFrame [as current] (http://localhost:3000/_next/static/chunks/src_1aak4l9._.js?id=%255Bproject%255D%252Fsrc%252Fchapters%252Fch5%252FShowOrHideScene.tsx+%255Bapp-client%255D+%2528ecmascript%2529:1497:36)
    at update (http://localhost:3000/_next/static/chunks/node_modules_%40react-three_fiber_dist_10swxn6._.js:15260:26)
    at loop (http://localhost:3000/_next/static/chunks/node_modules_%40react-three_fiber_dist_10swxn6._.js:15286:23)
[  699314ms] ReferenceError: PIN_LABEL is not defined
    at useLabelProjection.useFrame [as current] (http://localhost:3000/_next/static/chunks/src_1aak4l9._.js?id=%255Bproject%255D%252Fsrc%252Fchapters%252Fch5%252FShowOrHideScene.tsx+%255Bapp-client%255D+%2528ecmascript%2529:1497:36)
    at update (http://localhost:3000/_next/static/chunks/node_modules_%40react-three_fiber_dist_10swxn6._.js:15260:26)
    at loop (http://localhost:3000/_next/static/chunks/node_modules_%40react-three_fiber_dist_10swxn6._.js:15286:23)
[  699323ms] ReferenceError: PIN_LABEL is not defined
    at useLabelProjection.useFrame [as current] (http://localhost:3000/_next/static/chunks/src_1aak4l9._.js?id=%255Bproject%255D%252Fsrc%252Fchapters%252Fch5%252FShowOrHideScene.tsx+%255Bapp-client%255D+%2528ecmascript%2529:1497:36)
    at update (http://localhost:3000/_next/static/chunks/node_modules_%40react-three_fiber_dist_10swxn6._.js:15260:26)
    at loop (http://localhost:3000/_next/static/chunks/node_modules_%40react-three_fiber_dist_10swxn6._.js:15286:23)
[  699331ms] ReferenceError: PIN_LABEL is not defined
    at useLabelProjection.useFrame [as current] (http://localhost:3000/_next/static/chunks/src_1aak4l9._.js?id=%255Bproject%255D%252Fsrc%252Fchapters%252Fch5%252FShowOrHideScene.tsx+%255Bapp-client%255D+%2528ecmascript%2529:1497:36)
    at update (http://localhost:3000/_next/static/chunks/node_modules_%40react-three_fiber_dist_10swxn6._.js:15260:26)
    at loop (http://localhost:3000/_next/static/chunks/node_modules_%40react-three_fiber_dist_10swxn6._.js:15286:23)
[  699340ms] ReferenceError: PIN_LABEL is not defined
    at useLabelProjection.useFrame [as current] (http://localhost:3000/_next/static/chunks/src_1aak4l9._.js?id=%255Bproject%255D%252Fsrc%252Fchapters%252Fch5%252FShowOrHideScene.tsx+%255Bapp-client%255D+%2528ecmascript%2529:1497:36)
    at update (http://localhost:3000/_next/static/chunks/node_modules_%40react-three_fiber_dist_10swxn6._.js:15260:26)
    at loop (http://localhost:3000/_next/static/chunks/node_modules_%40react-three_fiber_dist_10swxn6._.js:15286:23)
[  699347ms] ReferenceError: PIN_LABEL is not defined
    at useLabelProjection.useFrame [as current] (http://localhost:3000/_next/static/chunks/src_1aak4l9._.js?id=%255Bproject%255D%252Fsrc%252Fchapters%252Fch5%252FShowOrHideScene.tsx+%255Bapp-client%255D+%2528ecmascript%2529:1497:36)
    at update (http://localhost:3000/_next/static/chunks/node_modules_%40react-three_fiber_dist_10swxn6._.js:15260:26)
    at loop (http://localhost:3000/_next/static/chunks/node_modules_%40react-three_fiber_dist_10swxn6._.js:15286:23)
[  699357ms] ReferenceError: PIN_LABEL is not defined
    at useLabelProjection.useFrame [as current] (http://localhost:3000/_next/static/chunks/src_1aak4l9._.js?id=%255Bproject%255D%252Fsrc%252Fchapters%252Fch5%252FShowOrHideScene.tsx+%255Bapp-client%255D+%2528ecmascript%2529:1497:36)
    at update (http://localhost:3000/_next/static/chunks/node_modules_%40react-three_fiber_dist_10swxn6._.js:15260:26)
    at loop (http://localhost:3000/_next/static/chunks/node_modules_%40react-three_fiber_dist_10swxn6._.js:15286:23)
[  699364ms] ReferenceError: PIN_LABEL is not defined
    at useLabelProjection.useFrame [as current] (http://localhost:3000/_next/static/chunks/src_1aak4l9._.js?id=%255Bproject%255D%252Fsrc%252Fchapters%252Fch5%252FShowOrHideScene.tsx+%255Bapp-client%255D+%2528ecmascript%2529:1497:36)
    at update (http://localhost:3000/_next/static/chunks/node_modules_%40react-three_fiber_dist_10swxn6._.js:15260:26)
    at loop (http://localhost:3000/_next/static/chunks/node_modules_%40react-three_fiber_dist_10swxn6._.js:15286:23)
[  699372ms] ReferenceError: PIN_LABEL is not defined
    at useLabelProjection.useFrame [as current] (http://localhost:3000/_next/static/chunks/src_1aak4l9._.js?id=%255Bproject%255D%252Fsrc%252Fchapters%252Fch5%252FShowOrHideScene.tsx+%255Bapp-client%255D+%2528ecmascript%2529:1497:36)
    at update (http://localhost:3000/_next/static/chunks/node_modules_%40react-three_fiber_dist_10swxn6._.js:15260:26)
    at loop (http://localhost:3000/_next/static/chunks/node_modules_%40react-three_fiber_dist_10swxn6._.js:15286:23)
[  699381ms] ReferenceError: PIN_LABEL is not defined
    at useLabelProjection.useFrame [as current] (http://localhost:3000/_next/static/chunks/src_1aak4l9._.js?id=%255Bproject%255D%252Fsrc%252Fchapters%252Fch5%252FShowOrHideScene.tsx+%255Bapp-client%255D+%2528ecmascript%2529:1497:36)
    at update (http://localhost:3000/_next/static/chunks/node_modules_%40react-three_fiber_dist_10swxn6._.js:15260:26)
    at loop (http://localhost:3000/_next/static/chunks/node_modules_%40react-three_fiber_dist_10swxn6._.js:15286:23)
[  699389ms] ReferenceError: PIN_LABEL is not defined
    at useLabelProjection.useFrame [as current] (http://localhost:3000/_next/static/chunks/src_1aak4l9._.js?id=%255Bproject%255D%252Fsrc%252Fchapters%252Fch5%252FShowOrHideScene.tsx+%255Bapp-client%255D+%2528ecmascript%2529:1497:36)
    at update (http://localhost:3000/_next/static/chunks/node_modules_%40react-three_fiber_dist_10swxn6._.js:15260:26)
    at loop (http://localhost:3000/_next/static/chunks/node_modules_%40react-three_fiber_dist_10swxn6._.js:15286:23)
[  699397ms] ReferenceError: PIN_LABEL is not defined
    at useLabelProjection.useFrame [as current] (http://localhost:3000/_next/static/chunks/src_1aak4l9._.js?id=%255Bproject%255D%252Fsrc%252Fchapters%252Fch5%252FShowOrHideScene.tsx+%255Bapp-client%255D+%2528ecmascript%2529:1497:36)
    at update (http://localhost:3000/_next/static/chunks/node_modules_%40react-three_fiber_dist_10swxn6._.js:15260:26)
    at loop (http://localhost:3000/_next/static/chunks/node_modules_%40react-three_fiber_dist_10swxn6._.js:15286:23)
[  699406ms] ReferenceError: PIN_LABEL is not defined
    at useLabelProjection.useFrame [as current] (http://localhost:3000/_next/static/chunks/src_1aak4l9._.js?id=%255Bproject%255D%252Fsrc%252Fchapters%252Fch5%252FShowOrHideScene.tsx+%255Bapp-client%255D+%2528ecmascript%2529:1497:36)
    at update (http://localhost:3000/_next/static/chunks/node_modules_%40react-three_fiber_dist_10swxn6._.js:15260:26)
    at loop (http://localhost:3000/_next/static/chunks/node_modules_%40react-three_fiber_dist_10swxn6._.js:15286:23)
[  699414ms] ReferenceError: PIN_LABEL is not defined
    at useLabelProjection.useFrame [as current] (http://localhost:3000/_next/static/chunks/src_1aak4l9._.js?id=%255Bproject%255D%252Fsrc%252Fchapters%252Fch5%252FShowOrHideScene.tsx+%255Bapp-client%255D+%2528ecmascript%2529:1497:36)
    at update (http://localhost:3000/_next/static/chunks/node_modules_%40react-three_fiber_dist_10swxn6._.js:15260:26)
    at loop (http://localhost:3000/_next/static/chunks/node_modules_%40react-three_fiber_dist_10swxn6._.js:15286:23)
[  699423ms] ReferenceError: PIN_LABEL is not defined
    at useLabelProjection.useFrame [as current] (http://localhost:3000/_next/static/chunks/src_1aak4l9._.js?id=%255Bproject%255D%252Fsrc%252Fchapters%252Fch5%252FShowOrHideScene.tsx+%255Bapp-client%255D+%2528ecmascript%2529:1497:36)
    at update (http://localhost:3000/_next/static/chunks/node_modules_%40react-three_fiber_dist_10swxn6._.js:15260:26)
    at loop (http://localhost:3000/_next/static/chunks/node_modules_%40react-three_fiber_dist_10swxn6._.js:15286:23)
[  699431ms] ReferenceError: PIN_LABEL is not defined
    at useLabelProjection.useFrame [as current] (http://localhost:3000/_next/static/chunks/src_1aak4l9._.js?id=%255Bproject%255D%252Fsrc%252Fchapters%252Fch5%252FShowOrHideScene.tsx+%255Bapp-client%255D+%2528ecmascript%2529:1497:36)
    at update (http://localhost:3000/_next/static/chunks/node_modules_%40react-three_fiber_dist_10swxn6._.js:15260:26)
    at loop (http://localhost:3000/_next/static/chunks/node_modules_%40react-three_fiber_dist_10swxn6._.js:15286:23)
[  699440ms] ReferenceError: PIN_LABEL is not defined
    at useLabelProjection.useFrame [as current] (http://localhost:3000/_next/static/chunks/src_1aak4l9._.js?id=%255Bproject%255D%252Fsrc%252Fchapters%252Fch5%252FShowOrHideScene.tsx+%255Bapp-client%255D+%2528ecmascript%2529:1497:36)
    at update (http://localhost:3000/_next/static/chunks/node_modules_%40react-three_fiber_dist_10swxn6._.js:15260:26)
    at loop (http://localhost:3000/_next/static/chunks/node_modules_%40react-three_fiber_dist_10swxn6._.js:15286:23)
[  699448ms] ReferenceError: PIN_LABEL is not defined
    at useLabelProjection.useFrame [as current] (http://localhost:3000/_next/static/chunks/src_1aak4l9._.js?id=%255Bproject%255D%252Fsrc%252Fchapters%252Fch5%252FShowOrHideScene.tsx+%255Bapp-client%255D+%2528ecmascript%2529:1497:36)
    at update (http://localhost:3000/_next/static/chunks/node_modules_%40react-three_fiber_dist_10swxn6._.js:15260:26)
    at loop (http://localhost:3000/_next/static/chunks/node_modules_%40react-three_fiber_dist_10swxn6._.js:15286:23)
[  699457ms] ReferenceError: PIN_LABEL is not defined
    at useLabelProjection.useFrame [as current] (http://localhost:3000/_next/static/chunks/src_1aak4l9._.js?id=%255Bproject%255D%252Fsrc%252Fchapters%252Fch5%252FShowOrHideScene.tsx+%255Bapp-client%255D+%2528ecmascript%2529:1497:36)
    at update (http://localhost:3000/_next/static/chunks/node_modules_%40react-three_fiber_dist_10swxn6._.js:15260:26)
    at loop (http://localhost:3000/_next/static/chunks/node_modules_%40react-three_fiber_dist_10swxn6._.js:15286:23)
[  699465ms] ReferenceError: PIN_LABEL is not defined
    at useLabelProjection.useFrame [as current] (http://localhost:3000/_next/static/chunks/src_1aak4l9._.js?id=%255Bproject%255D%252Fsrc%252Fchapters%252Fch5%252FShowOrHideScene.tsx+%255Bapp-client%255D+%2528ecmascript%2529:1497:36)
    at update (http://localhost:3000/_next/static/chunks/node_modules_%40react-three_fiber_dist_10swxn6._.js:15260:26)
    at loop (http://localhost:3000/_next/static/chunks/node_modules_%40react-three_fiber_dist_10swxn6._.js:15286:23)
[  699473ms] ReferenceError: PIN_LABEL is not defined
    at useLabelProjection.useFrame [as current] (http://localhost:3000/_next/static/chunks/src_1aak4l9._.js?id=%255Bproject%255D%252Fsrc%252Fchapters%252Fch5%252FShowOrHideScene.tsx+%255Bapp-client%255D+%2528ecmascript%2529:1497:36)
    at update (http://localhost:3000/_next/static/chunks/node_modules_%40react-three_fiber_dist_10swxn6._.js:15260:26)
    at loop (http://localhost:3000/_next/static/chunks/node_modules_%40react-three_fiber_dist_10swxn6._.js:15286:23)
[  699481ms] ReferenceError: PIN_LABEL is not defined
    at useLabelProjection.useFrame [as current] (http://localhost:3000/_next/static/chunks/src_1aak4l9._.js?id=%255Bproject%255D%252Fsrc%252Fchapters%252Fch5%252FShowOrHideScene.tsx+%255Bapp-client%255D+%2528ecmascript%2529:1497:36)
    at update (http://localhost:3000/_next/static/chunks/node_modules_%40react-three_fiber_dist_10swxn6._.js:15260:26)
    at loop (http://localhost:3000/_next/static/chunks/node_modules_%40react-three_fiber_dist_10swxn6._.js:15286:23)
[  699490ms] ReferenceError: PIN_LABEL is not defined
    at useLabelProjection.useFrame [as current] (http://localhost:3000/_next/static/chunks/src_1aak4l9._.js?id=%255Bproject%255D%252Fsrc%252Fchapters%252Fch5%252FShowOrHideScene.tsx+%255Bapp-client%255D+%2528ecmascript%2529:1497:36)
    at update (http://localhost:3000/_next/static/chunks/node_modules_%40react-three_fiber_dist_10swxn6._.js:15260:26)
    at loop (http://localhost:3000/_next/static/chunks/node_modules_%40react-three_fiber_dist_10swxn6._.js:15286:23)
[  699498ms] ReferenceError: PIN_LABEL is not defined
    at useLabelProjection.useFrame [as current] (http://localhost:3000/_next/static/chunks/src_1aak4l9._.js?id=%255Bproject%255D%252Fsrc%252Fchapters%252Fch5%252FShowOrHideScene.tsx+%255Bapp-client%255D+%2528ecmascript%2529:1497:36)
    at update (http://localhost:3000/_next/static/chunks/node_modules_%40react-three_fiber_dist_10swxn6._.js:15260:26)
    at loop (http://localhost:3000/_next/static/chunks/node_modules_%40react-three_fiber_dist_10swxn6._.js:15286:23)
[  699506ms] ReferenceError: PIN_LABEL is not defined
    at useLabelProjection.useFrame [as current] (http://localhost:3000/_next/static/chunks/src_1aak4l9._.js?id=%255Bproject%255D%252Fsrc%252Fchapters%252Fch5%252FShowOrHideScene.tsx+%255Bapp-client%255D+%2528ecmascript%2529:1497:36)
    at update (http://localhost:3000/_next/static/chunks/node_modules_%40react-three_fiber_dist_10swxn6._.js:15260:26)
    at loop (http://localhost:3000/_next/static/chunks/node_modules_%40react-three_fiber_dist_10swxn6._.js:15286:23)
[  699514ms] ReferenceError: PIN_LABEL is not defined
    at useLabelProjection.useFrame [as current] (http://localhost:3000/_next/static/chunks/src_1aak4l9._.js?id=%255Bproject%255D%252Fsrc%252Fchapters%252Fch5%252FShowOrHideScene.tsx+%255Bapp-client%255D+%2528ecmascript%2529:1497:36)
    at update (http://localhost:3000/_next/static/chunks/node_modules_%40react-three_fiber_dist_10swxn6._.js:15260:26)
    at loop (http://localhost:3000/_next/static/chunks/node_modules_%40react-three_fiber_dist_10swxn6._.js:15286:23)
[  699523ms] ReferenceError: PIN_LABEL is not defined
    at useLabelProjection.useFrame [as current] (http://localhost:3000/_next/static/chunks/src_1aak4l9._.js?id=%255Bproject%255D%252Fsrc%252Fchapters%252Fch5%252FShowOrHideScene.tsx+%255Bapp-client%255D+%2528ecmascript%2529:1497:36)
    at update (http://localhost:3000/_next/static/chunks/node_modules_%40react-three_fiber_dist_10swxn6._.js:15260:26)
    at loop (http://localhost:3000/_next/static/chunks/node_modules_%40react-three_fiber_dist_10swxn6._.js:15286:23)
[  699531ms] ReferenceError: PIN_LABEL is not defined
    at useLabelProjection.useFrame [as current] (http://localhost:3000/_next/static/chunks/src_1aak4l9._.js?id=%255Bproject%255D%252Fsrc%252Fchapters%252Fch5%252FShowOrHideScene.tsx+%255Bapp-client%255D+%2528ecmascript%2529:1497:36)
    at update (http://localhost:3000/_next/static/chunks/node_modules_%40react-three_fiber_dist_10swxn6._.js:15260:26)
    at loop (http://localhost:3000/_next/static/chunks/node_modules_%40react-three_fiber_dist_10swxn6._.js:15286:23)
[  699541ms] ReferenceError: PIN_LABEL is not defined
    at useLabelProjection.useFrame [as current] (http://localhost:3000/_next/static/chunks/src_1aak4l9._.js?id=%255Bproject%255D%252Fsrc%252Fchapters%252Fch5%252FShowOrHideScene.tsx+%255Bapp-client%255D+%2528ecmascript%2529:1497:36)
    at update (http://localhost:3000/_next/static/chunks/node_modules_%40react-three_fiber_dist_10swxn6._.js:15260:26)
    at loop (http://localhost:3000/_next/static/chunks/node_modules_%40react-three_fiber_dist_10swxn6._.js:15286:23)
[  699548ms] ReferenceError: PIN_LABEL is not defined
    at useLabelProjection.useFrame [as current] (http://localhost:3000/_next/static/chunks/src_1aak4l9._.js?id=%255Bproject%255D%252Fsrc%252Fchapters%252Fch5%252FShowOrHideScene.tsx+%255Bapp-client%255D+%2528ecmascript%2529:1497:36)
    at update (http://localhost:3000/_next/static/chunks/node_modules_%40react-three_fiber_dist_10swxn6._.js:15260:26)
    at loop (http://localhost:3000/_next/static/chunks/node_modules_%40react-three_fiber_dist_10swxn6._.js:15286:23)
[  699556ms] ReferenceError: PIN_LABEL is not defined
    at useLabelProjection.useFrame [as current] (http://localhost:3000/_next/static/chunks/src_1aak4l9._.js?id=%255Bproject%255D%252Fsrc%252Fchapters%252Fch5%252FShowOrHideScene.tsx+%255Bapp-client%255D+%2528ecmascript%2529:1497:36)
    at update (http://localhost:3000/_next/static/chunks/node_modules_%40react-three_fiber_dist_10swxn6._.js:15260:26)
    at loop (http://localhost:3000/_next/static/chunks/node_modules_%40react-three_fiber_dist_10swxn6._.js:15286:23)
[  699565ms] ReferenceError: PIN_LABEL is not defined
    at useLabelProjection.useFrame [as current] (http://localhost:3000/_next/static/chunks/src_1aak4l9._.js?id=%255Bproject%255D%252Fsrc%252Fchapters%252Fch5%252FShowOrHideScene.tsx+%255Bapp-client%255D+%2528ecmascript%2529:1497:36)
    at update (http://localhost:3000/_next/static/chunks/node_modules_%40react-three_fiber_dist_10swxn6._.js:15260:26)
    at loop (http://localhost:3000/_next/static/chunks/node_modules_%40react-three_fiber_dist_10swxn6._.js:15286:23)
[  699572ms] ReferenceError: PIN_LABEL is not defined
    at useLabelProjection.useFrame [as current] (http://localhost:3000/_next/static/chunks/src_1aak4l9._.js?id=%255Bproject%255D%252Fsrc%252Fchapters%252Fch5%252FShowOrHideScene.tsx+%255Bapp-client%255D+%2528ecmascript%2529:1497:36)
    at update (http://localhost:3000/_next/static/chunks/node_modules_%40react-three_fiber_dist_10swxn6._.js:15260:26)
    at loop (http://localhost:3000/_next/static/chunks/node_modules_%40react-three_fiber_dist_10swxn6._.js:15286:23)
[  699581ms] ReferenceError: PIN_LABEL is not defined
    at useLabelProjection.useFrame [as current] (http://localhost:3000/_next/static/chunks/src_1aak4l9._.js?id=%255Bproject%255D%252Fsrc%252Fchapters%252Fch5%252FShowOrHideScene.tsx+%255Bapp-client%255D+%2528ecmascript%2529:1497:36)
    at update (http://localhost:3000/_next/static/chunks/node_modules_%40react-three_fiber_dist_10swxn6._.js:15260:26)
    at loop (http://localhost:3000/_next/static/chunks/node_modules_%40react-three_fiber_dist_10swxn6._.js:15286:23)
[  699590ms] ReferenceError: PIN_LABEL is not defined
    at useLabelProjection.useFrame [as current] (http://localhost:3000/_next/static/chunks/src_1aak4l9._.js?id=%255Bproject%255D%252Fsrc%252Fchapters%252Fch5%252FShowOrHideScene.tsx+%255Bapp-client%255D+%2528ecmascript%2529:1497:36)
    at update (http://localhost:3000/_next/static/chunks/node_modules_%40react-three_fiber_dist_10swxn6._.js:15260:26)
    at loop (http://localhost:3000/_next/static/chunks/node_modules_%40react-three_fiber_dist_10swxn6._.js:15286:23)
[  699599ms] ReferenceError: PIN_LABEL is not defined
    at useLabelProjection.useFrame [as current] (http://localhost:3000/_next/static/chunks/src_1aak4l9._.js?id=%255Bproject%255D%252Fsrc%252Fchapters%252Fch5%252FShowOrHideScene.tsx+%255Bapp-client%255D+%2528ecmascript%2529:1497:36)
    at update (http://localhost:3000/_next/static/chunks/node_modules_%40react-three_fiber_dist_10swxn6._.js:15260:26)
    at loop (http://localhost:3000/_next/static/chunks/node_modules_%40react-three_fiber_dist_10swxn6._.js:15286:23)
[  699606ms] ReferenceError: PIN_LABEL is not defined
    at useLabelProjection.useFrame [as current] (http://localhost:3000/_next/static/chunks/src_1aak4l9._.js?id=%255Bproject%255D%252Fsrc%252Fchapters%252Fch5%252FShowOrHideScene.tsx+%255Bapp-client%255D+%2528ecmascript%2529:1497:36)
    at update (http://localhost:3000/_next/static/chunks/node_modules_%40react-three_fiber_dist_10swxn6._.js:15260:26)
    at loop (http://localhost:3000/_next/static/chunks/node_modules_%40react-three_fiber_dist_10swxn6._.js:15286:23)
[  699615ms] ReferenceError: PIN_LABEL is not defined
    at useLabelProjection.useFrame [as current] (http://localhost:3000/_next/static/chunks/src_1aak4l9._.js?id=%255Bproject%255D%252Fsrc%252Fchapters%252Fch5%252FShowOrHideScene.tsx+%255Bapp-client%255D+%2528ecmascript%2529:1497:36)
    at update (http://localhost:3000/_next/static/chunks/node_modules_%40react-three_fiber_dist_10swxn6._.js:15260:26)
    at loop (http://localhost:3000/_next/static/chunks/node_modules_%40react-three_fiber_dist_10swxn6._.js:15286:23)
[  699624ms] ReferenceError: PIN_LABEL is not defined
    at useLabelProjection.useFrame [as current] (http://localhost:3000/_next/static/chunks/src_1aak4l9._.js?id=%255Bproject%255D%252Fsrc%252Fchapters%252Fch5%252FShowOrHideScene.tsx+%255Bapp-client%255D+%2528ecmascript%2529:1497:36)
    at update (http://localhost:3000/_next/static/chunks/node_modules_%40react-three_fiber_dist_10swxn6._.js:15260:26)
    at loop (http://localhost:3000/_next/static/chunks/node_modules_%40react-three_fiber_dist_10swxn6._.js:15286:23)
[  699631ms] ReferenceError: PIN_LABEL is not defined
    at useLabelProjection.useFrame [as current] (http://localhost:3000/_next/static/chunks/src_1aak4l9._.js?id=%255Bproject%255D%252Fsrc%252Fchapters%252Fch5%252FShowOrHideScene.tsx+%255Bapp-client%255D+%2528ecmascript%2529:1497:36)
    at update (http://localhost:3000/_next/static/chunks/node_modules_%40react-three_fiber_dist_10swxn6._.js:15260:26)
    at loop (http://localhost:3000/_next/static/chunks/node_modules_%40react-three_fiber_dist_10swxn6._.js:15286:23)
[  699639ms] ReferenceError: PIN_LABEL is not defined
    at useLabelProjection.useFrame [as current] (http://localhost:3000/_next/static/chunks/src_1aak4l9._.js?id=%255Bproject%255D%252Fsrc%252Fchapters%252Fch5%252FShowOrHideScene.tsx+%255Bapp-client%255D+%2528ecmascript%2529:1497:36)
    at update (http://localhost:3000/_next/static/chunks/node_modules_%40react-three_fiber_dist_10swxn6._.js:15260:26)
    at loop (http://localhost:3000/_next/static/chunks/node_modules_%40react-three_fiber_dist_10swxn6._.js:15286:23)
[  699648ms] ReferenceError: PIN_LABEL is not defined
    at useLabelProjection.useFrame [as current] (http://localhost:3000/_next/static/chunks/src_1aak4l9._.js?id=%255Bproject%255D%252Fsrc%252Fchapters%252Fch5%252FShowOrHideScene.tsx+%255Bapp-client%255D+%2528ecmascript%2529:1497:36)
    at update (http://localhost:3000/_next/static/chunks/node_modules_%40react-three_fiber_dist_10swxn6._.js:15260:26)
    at loop (http://localhost:3000/_next/static/chunks/node_modules_%40react-three_fiber_dist_10swxn6._.js:15286:23)
[  699656ms] ReferenceError: PIN_LABEL is not defined
    at useLabelProjection.useFrame [as current] (http://localhost:3000/_next/static/chunks/src_1aak4l9._.js?id=%255Bproject%255D%252Fsrc%252Fchapters%252Fch5%252FShowOrHideScene.tsx+%255Bapp-client%255D+%2528ecmascript%2529:1497:36)
    at update (http://localhost:3000/_next/static/chunks/node_modules_%40react-three_fiber_dist_10swxn6._.js:15260:26)
    at loop (http://localhost:3000/_next/static/chunks/node_modules_%40react-three_fiber_dist_10swxn6._.js:15286:23)
[  699665ms] ReferenceError: PIN_LABEL is not defined
    at useLabelProjection.useFrame [as current] (http://localhost:3000/_next/static/chunks/src_1aak4l9._.js?id=%255Bproject%255D%252Fsrc%252Fchapters%252Fch5%252FShowOrHideScene.tsx+%255Bapp-client%255D+%2528ecmascript%2529:1497:36)
    at update (http://localhost:3000/_next/static/chunks/node_modules_%40react-three_fiber_dist_10swxn6._.js:15260:26)
    at loop (http://localhost:3000/_next/static/chunks/node_modules_%40react-three_fiber_dist_10swxn6._.js:15286:23)
[  699673ms] ReferenceError: PIN_LABEL is not defined
    at useLabelProjection.useFrame [as current] (http://localhost:3000/_next/static/chunks/src_1aak4l9._.js?id=%255Bproject%255D%252Fsrc%252Fchapters%252Fch5%252FShowOrHideScene.tsx+%255Bapp-client%255D+%2528ecmascript%2529:1497:36)
    at update (http://localhost:3000/_next/static/chunks/node_modules_%40react-three_fiber_dist_10swxn6._.js:15260:26)
    at loop (http://localhost:3000/_next/static/chunks/node_modules_%40react-three_fiber_dist_10swxn6._.js:15286:23)
[  699682ms] ReferenceError: PIN_LABEL is not defined
    at useLabelProjection.useFrame [as current] (http://localhost:3000/_next/static/chunks/src_1aak4l9._.js?id=%255Bproject%255D%252Fsrc%252Fchapters%252Fch5%252FShowOrHideScene.tsx+%255Bapp-client%255D+%2528ecmascript%2529:1497:36)
    at update (http://localhost:3000/_next/static/chunks/node_modules_%40react-three_fiber_dist_10swxn6._.js:15260:26)
    at loop (http://localhost:3000/_next/static/chunks/node_modules_%40react-three_fiber_dist_10swxn6._.js:15286:23)
[  699690ms] ReferenceError: PIN_LABEL is not defined
    at useLabelProjection.useFrame [as current] (http://localhost:3000/_next/static/chunks/src_1aak4l9._.js?id=%255Bproject%255D%252Fsrc%252Fchapters%252Fch5%252FShowOrHideScene.tsx+%255Bapp-client%255D+%2528ecmascript%2529:1497:36)
    at update (http://localhost:3000/_next/static/chunks/node_modules_%40react-three_fiber_dist_10swxn6._.js:15260:26)
    at loop (http://localhost:3000/_next/static/chunks/node_modules_%40react-three_fiber_dist_10swxn6._.js:15286:23)
[  699698ms] ReferenceError: PIN_LABEL is not defined
    at useLabelProjection.useFrame [as current] (http://localhost:3000/_next/static/chunks/src_1aak4l9._.js?id=%255Bproject%255D%252Fsrc%252Fchapters%252Fch5%252FShowOrHideScene.tsx+%255Bapp-client%255D+%2528ecmascript%2529:1497:36)
    at update (http://localhost:3000/_next/static/chunks/node_modules_%40react-three_fiber_dist_10swxn6._.js:15260:26)
    at loop (http://localhost:3000/_next/static/chunks/node_modules_%40react-three_fiber_dist_10swxn6._.js:15286:23)
[  699706ms] ReferenceError: PIN_LABEL is not defined
    at useLabelProjection.useFrame [as current] (http://localhost:3000/_next/static/chunks/src_1aak4l9._.js?id=%255Bproject%255D%252Fsrc%252Fchapters%252Fch5%252FShowOrHideScene.tsx+%255Bapp-client%255D+%2528ecmascript%2529:1497:36)
    at update (http://localhost:3000/_next/static/chunks/node_modules_%40react-three_fiber_dist_10swxn6._.js:15260:26)
    at loop (http://localhost:3000/_next/static/chunks/node_modules_%40react-three_fiber_dist_10swxn6._.js:15286:23)
[  699714ms] ReferenceError: PIN_LABEL is not defined
    at useLabelProjection.useFrame [as current] (http://localhost:3000/_next/static/chunks/src_1aak4l9._.js?id=%255Bproject%255D%252Fsrc%252Fchapters%252Fch5%252FShowOrHideScene.tsx+%255Bapp-client%255D+%2528ecmascript%2529:1497:36)
    at update (http://localhost:3000/_next/static/chunks/node_modules_%40react-three_fiber_dist_10swxn6._.js:15260:26)
    at loop (http://localhost:3000/_next/static/chunks/node_modules_%40react-three_fiber_dist_10swxn6._.js:15286:23)
[  699724ms] ReferenceError: PIN_LABEL is not defined
    at useLabelProjection.useFrame [as current] (http://localhost:3000/_next/static/chunks/src_1aak4l9._.js?id=%255Bproject%255D%252Fsrc%252Fchapters%252Fch5%252FShowOrHideScene.tsx+%255Bapp-client%255D+%2528ecmascript%2529:1497:36)
    at update (http://localhost:3000/_next/static/chunks/node_modules_%40react-three_fiber_dist_10swxn6._.js:15260:26)
    at loop (http://localhost:3000/_next/static/chunks/node_modules_%40react-three_fiber_dist_10swxn6._.js:15286:23)
[  699730ms] ReferenceError: PIN_LABEL is not defined
    at useLabelProjection.useFrame [as current] (http://localhost:3000/_next/static/chunks/src_1aak4l9._.js?id=%255Bproject%255D%252Fsrc%252Fchapters%252Fch5%252FShowOrHideScene.tsx+%255Bapp-client%255D+%2528ecmascript%2529:1497:36)
    at update (http://localhost:3000/_next/static/chunks/node_modules_%40react-three_fiber_dist_10swxn6._.js:15260:26)
    at loop (http://localhost:3000/_next/static/chunks/node_modules_%40react-three_fiber_dist_10swxn6._.js:15286:23)
[  699740ms] ReferenceError: PIN_LABEL is not defined
    at useLabelProjection.useFrame [as current] (http://localhost:3000/_next/static/chunks/src_1aak4l9._.js?id=%255Bproject%255D%252Fsrc%252Fchapters%252Fch5%252FShowOrHideScene.tsx+%255Bapp-client%255D+%2528ecmascript%2529:1497:36)
    at update (http://localhost:3000/_next/static/chunks/node_modules_%40react-three_fiber_dist_10swxn6._.js:15260:26)
    at loop (http://localhost:3000/_next/static/chunks/node_modules_%40react-three_fiber_dist_10swxn6._.js:15286:23)
[  699748ms] ReferenceError: PIN_LABEL is not defined
    at useLabelProjection.useFrame [as current] (http://localhost:3000/_next/static/chunks/src_1aak4l9._.js?id=%255Bproject%255D%252Fsrc%252Fchapters%252Fch5%252FShowOrHideScene.tsx+%255Bapp-client%255D+%2528ecmascript%2529:1497:36)
    at update (http://localhost:3000/_next/static/chunks/node_modules_%40react-three_fiber_dist_10swxn6._.js:15260:26)
    at loop (http://localhost:3000/_next/static/chunks/node_modules_%40react-three_fiber_dist_10swxn6._.js:15286:23)
[  699756ms] ReferenceError: PIN_LABEL is not defined
    at useLabelProjection.useFrame [as current] (http://localhost:3000/_next/static/chunks/src_1aak4l9._.js?id=%255Bproject%255D%252Fsrc%252Fchapters%252Fch5%252FShowOrHideScene.tsx+%255Bapp-client%255D+%2528ecmascript%2529:1497:36)
    at update (http://localhost:3000/_next/static/chunks/node_modules_%40react-three_fiber_dist_10swxn6._.js:15260:26)
    at loop (http://localhost:3000/_next/static/chunks/node_modules_%40react-three_fiber_dist_10swxn6._.js:15286:23)
[  699764ms] ReferenceError: PIN_LABEL is not defined
    at useLabelProjection.useFrame [as current] (http://localhost:3000/_next/static/chunks/src_1aak4l9._.js?id=%255Bproject%255D%252Fsrc%252Fchapters%252Fch5%252FShowOrHideScene.tsx+%255Bapp-client%255D+%2528ecmascript%2529:1497:36)
    at update (http://localhost:3000/_next/static/chunks/node_modules_%40react-three_fiber_dist_10swxn6._.js:15260:26)
    at loop (http://localhost:3000/_next/static/chunks/node_modules_%40react-three_fiber_dist_10swxn6._.js:15286:23)
[  699772ms] ReferenceError: PIN_LABEL is not defined
    at useLabelProjection.useFrame [as current] (http://localhost:3000/_next/static/chunks/src_1aak4l9._.js?id=%255Bproject%255D%252Fsrc%252Fchapters%252Fch5%252FShowOrHideScene.tsx+%255Bapp-client%255D+%2528ecmascript%2529:1497:36)
    at update (http://localhost:3000/_next/static/chunks/node_modules_%40react-three_fiber_dist_10swxn6._.js:15260:26)
    at loop (http://localhost:3000/_next/static/chunks/node_modules_%40react-three_fiber_dist_10swxn6._.js:15286:23)
[  699781ms] ReferenceError: PIN_LABEL is not defined
    at useLabelProjection.useFrame [as current] (http://localhost:3000/_next/static/chunks/src_1aak4l9._.js?id=%255Bproject%255D%252Fsrc%252Fchapters%252Fch5%252FShowOrHideScene.tsx+%255Bapp-client%255D+%2528ecmascript%2529:1497:36)
    at update (http://localhost:3000/_next/static/chunks/node_modules_%40react-three_fiber_dist_10swxn6._.js:15260:26)
    at loop (http://localhost:3000/_next/static/chunks/node_modules_%40react-three_fiber_dist_10swxn6._.js:15286:23)
[  699789ms] ReferenceError: PIN_LABEL is not defined
    at useLabelProjection.useFrame [as current] (http://localhost:3000/_next/static/chunks/src_1aak4l9._.js?id=%255Bproject%255D%252Fsrc%252Fchapters%252Fch5%252FShowOrHideScene.tsx+%255Bapp-client%255D+%2528ecmascript%2529:1497:36)
    at update (http://localhost:3000/_next/static/chunks/node_modules_%40react-three_fiber_dist_10swxn6._.js:15260:26)
    at loop (http://localhost:3000/_next/static/chunks/node_modules_%40react-three_fiber_dist_10swxn6._.js:15286:23)
[  699798ms] ReferenceError: PIN_LABEL is not defined
    at useLabelProjection.useFrame [as current] (http://localhost:3000/_next/static/chunks/src_1aak4l9._.js?id=%255Bproject%255D%252Fsrc%252Fchapters%252Fch5%252FShowOrHideScene.tsx+%255Bapp-client%255D+%2528ecmascript%2529:1497:36)
    at update (http://localhost:3000/_next/static/chunks/node_modules_%40react-three_fiber_dist_10swxn6._.js:15260:26)
    at loop (http://localhost:3000/_next/static/chunks/node_modules_%40react-three_fiber_dist_10swxn6._.js:15286:23)
[  699806ms] ReferenceError: PIN_LABEL is not defined
    at useLabelProjection.useFrame [as current] (http://localhost:3000/_next/static/chunks/src_1aak4l9._.js?id=%255Bproject%255D%252Fsrc%252Fchapters%252Fch5%252FShowOrHideScene.tsx+%255Bapp-client%255D+%2528ecmascript%2529:1497:36)
    at update (http://localhost:3000/_next/static/chunks/node_modules_%40react-three_fiber_dist_10swxn6._.js:15260:26)
    at loop (http://localhost:3000/_next/static/chunks/node_modules_%40react-three_fiber_dist_10swxn6._.js:15286:23)
[  699814ms] ReferenceError: PIN_LABEL is not defined
    at useLabelProjection.useFrame [as current] (http://localhost:3000/_next/static/chunks/src_1aak4l9._.js?id=%255Bproject%255D%252Fsrc%252Fchapters%252Fch5%252FShowOrHideScene.tsx+%255Bapp-client%255D+%2528ecmascript%2529:1497:36)
    at update (http://localhost:3000/_next/static/chunks/node_modules_%40react-three_fiber_dist_10swxn6._.js:15260:26)
    at loop (http://localhost:3000/_next/static/chunks/node_modules_%40react-three_fiber_dist_10swxn6._.js:15286:23)
[  699822ms] ReferenceError: PIN_LABEL is not defined
    at useLabelProjection.useFrame [as current] (http://localhost:3000/_next/static/chunks/src_1aak4l9._.js?id=%255Bproject%255D%252Fsrc%252Fchapters%252Fch5%252FShowOrHideScene.tsx+%255Bapp-client%255D+%2528ecmascript%2529:1497:36)
    at update (http://localhost:3000/_next/static/chunks/node_modules_%40react-three_fiber_dist_10swxn6._.js:15260:26)
    at loop (http://localhost:3000/_next/static/chunks/node_modules_%40react-three_fiber_dist_10swxn6._.js:15286:23)
[  699831ms] ReferenceError: PIN_LABEL is not defined
    at useLabelProjection.useFrame [as current] (http://localhost:3000/_next/static/chunks/src_1aak4l9._.js?id=%255Bproject%255D%252Fsrc%252Fchapters%252Fch5%252FShowOrHideScene.tsx+%255Bapp-client%255D+%2528ecmascript%2529:1497:36)
    at update (http://localhost:3000/_next/static/chunks/node_modules_%40react-three_fiber_dist_10swxn6._.js:15260:26)
    at loop (http://localhost:3000/_next/static/chunks/node_modules_%40react-three_fiber_dist_10swxn6._.js:15286:23)
[  699839ms] ReferenceError: PIN_LABEL is not defined
    at useLabelProjection.useFrame [as current] (http://localhost:3000/_next/static/chunks/src_1aak4l9._.js?id=%255Bproject%255D%252Fsrc%252Fchapters%252Fch5%252FShowOrHideScene.tsx+%255Bapp-client%255D+%2528ecmascript%2529:1497:36)
    at update (http://localhost:3000/_next/static/chunks/node_modules_%40react-three_fiber_dist_10swxn6._.js:15260:26)
    at loop (http://localhost:3000/_next/static/chunks/node_modules_%40react-three_fiber_dist_10swxn6._.js:15286:23)
[  699848ms] ReferenceError: PIN_LABEL is not defined
    at useLabelProjection.useFrame [as current] (http://localhost:3000/_next/static/chunks/src_1aak4l9._.js?id=%255Bproject%255D%252Fsrc%252Fchapters%252Fch5%252FShowOrHideScene.tsx+%255Bapp-client%255D+%2528ecmascript%2529:1497:36)
    at update (http://localhost:3000/_next/static/chunks/node_modules_%40react-three_fiber_dist_10swxn6._.js:15260:26)
    at loop (http://localhost:3000/_next/static/chunks/node_modules_%40react-three_fiber_dist_10swxn6._.js:15286:23)
[  699856ms] ReferenceError: PIN_LABEL is not defined
    at useLabelProjection.useFrame [as current] (http://localhost:3000/_next/static/chunks/src_1aak4l9._.js?id=%255Bproject%255D%252Fsrc%252Fchapters%252Fch5%252FShowOrHideScene.tsx+%255Bapp-client%255D+%2528ecmascript%2529:1497:36)
    at update (http://localhost:3000/_next/static/chunks/node_modules_%40react-three_fiber_dist_10swxn6._.js:15260:26)
    at loop (http://localhost:3000/_next/static/chunks/node_modules_%40react-three_fiber_dist_10swxn6._.js:15286:23)
[  699864ms] ReferenceError: PIN_LABEL is not defined
    at useLabelProjection.useFrame [as current] (http://localhost:3000/_next/static/chunks/src_1aak4l9._.js?id=%255Bproject%255D%252Fsrc%252Fchapters%252Fch5%252FShowOrHideScene.tsx+%255Bapp-client%255D+%2528ecmascript%2529:1497:36)
    at update (http://localhost:3000/_next/static/chunks/node_modules_%40react-three_fiber_dist_10swxn6._.js:15260:26)
    at loop (http://localhost:3000/_next/static/chunks/node_modules_%40react-three_fiber_dist_10swxn6._.js:15286:23)
[  699873ms] ReferenceError: PIN_LABEL is not defined
    at useLabelProjection.useFrame [as current] (http://localhost:3000/_next/static/chunks/src_1aak4l9._.js?id=%255Bproject%255D%252Fsrc%252Fchapters%252Fch5%252FShowOrHideScene.tsx+%255Bapp-client%255D+%2528ecmascript%2529:1497:36)
    at update (http://localhost:3000/_next/static/chunks/node_modules_%40react-three_fiber_dist_10swxn6._.js:15260:26)
    at loop (http://localhost:3000/_next/static/chunks/node_modules_%40react-three_fiber_dist_10swxn6._.js:15286:23)
[  699882ms] ReferenceError: PIN_LABEL is not defined
    at useLabelProjection.useFrame [as current] (http://localhost:3000/_next/static/chunks/src_1aak4l9._.js?id=%255Bproject%255D%252Fsrc%252Fchapters%252Fch5%252FShowOrHideScene.tsx+%255Bapp-client%255D+%2528ecmascript%2529:1497:36)
    at update (http://localhost:3000/_next/static/chunks/node_modules_%40react-three_fiber_dist_10swxn6._.js:15260:26)
    at loop (http://localhost:3000/_next/static/chunks/node_modules_%40react-three_fiber_dist_10swxn6._.js:15286:23)
[  699889ms] ReferenceError: PIN_LABEL is not defined
    at useLabelProjection.useFrame [as current] (http://localhost:3000/_next/static/chunks/src_1aak4l9._.js?id=%255Bproject%255D%252Fsrc%252Fchapters%252Fch5%252FShowOrHideScene.tsx+%255Bapp-client%255D+%2528ecmascript%2529:1497:36)
    at update (http://localhost:3000/_next/static/chunks/node_modules_%40react-three_fiber_dist_10swxn6._.js:15260:26)
    at loop (http://localhost:3000/_next/static/chunks/node_modules_%40react-three_fiber_dist_10swxn6._.js:15286:23)
[  699899ms] ReferenceError: PIN_LABEL is not defined
    at useLabelProjection.useFrame [as current] (http://localhost:3000/_next/static/chunks/src_1aak4l9._.js?id=%255Bproject%255D%252Fsrc%252Fchapters%252Fch5%252FShowOrHideScene.tsx+%255Bapp-client%255D+%2528ecmascript%2529:1497:36)
    at update (http://localhost:3000/_next/static/chunks/node_modules_%40react-three_fiber_dist_10swxn6._.js:15260:26)
    at loop (http://localhost:3000/_next/static/chunks/node_modules_%40react-three_fiber_dist_10swxn6._.js:15286:23)
[  699906ms] ReferenceError: PIN_LABEL is not defined
    at useLabelProjection.useFrame [as current] (http://localhost:3000/_next/static/chunks/src_1aak4l9._.js?id=%255Bproject%255D%252Fsrc%252Fchapters%252Fch5%252FShowOrHideScene.tsx+%255Bapp-client%255D+%2528ecmascript%2529:1497:36)
    at update (http://localhost:3000/_next/static/chunks/node_modules_%40react-three_fiber_dist_10swxn6._.js:15260:26)
    at loop (http://localhost:3000/_next/static/chunks/node_modules_%40react-three_fiber_dist_10swxn6._.js:15286:23)
[  699914ms] ReferenceError: PIN_LABEL is not defined
    at useLabelProjection.useFrame [as current] (http://localhost:3000/_next/static/chunks/src_1aak4l9._.js?id=%255Bproject%255D%252Fsrc%252Fchapters%252Fch5%252FShowOrHideScene.tsx+%255Bapp-client%255D+%2528ecmascript%2529:1497:36)
    at update (http://localhost:3000/_next/static/chunks/node_modules_%40react-three_fiber_dist_10swxn6._.js:15260:26)
    at loop (http://localhost:3000/_next/static/chunks/node_modules_%40react-three_fiber_dist_10swxn6._.js:15286:23)
[  699922ms] ReferenceError: PIN_LABEL is not defined
    at useLabelProjection.useFrame [as current] (http://localhost:3000/_next/static/chunks/src_1aak4l9._.js?id=%255Bproject%255D%252Fsrc%252Fchapters%252Fch5%252FShowOrHideScene.tsx+%255Bapp-client%255D+%2528ecmascript%2529:1497:36)
    at update (http://localhost:3000/_next/static/chunks/node_modules_%40react-three_fiber_dist_10swxn6._.js:15260:26)
    at loop (http://localhost:3000/_next/static/chunks/node_modules_%40react-three_fiber_dist_10swxn6._.js:15286:23)
[  699931ms] ReferenceError: PIN_LABEL is not defined
    at useLabelProjection.useFrame [as current] (http://localhost:3000/_next/static/chunks/src_1aak4l9._.js?id=%255Bproject%255D%252Fsrc%252Fchapters%252Fch5%252FShowOrHideScene.tsx+%255Bapp-client%255D+%2528ecmascript%2529:1497:36)
    at update (http://localhost:3000/_next/static/chunks/node_modules_%40react-three_fiber_dist_10swxn6._.js:15260:26)
    at loop (http://localhost:3000/_next/static/chunks/node_modules_%40react-three_fiber_dist_10swxn6._.js:15286:23)
[  699939ms] ReferenceError: PIN_LABEL is not defined
    at useLabelProjection.useFrame [as current] (http://localhost:3000/_next/static/chunks/src_1aak4l9._.js?id=%255Bproject%255D%252Fsrc%252Fchapters%252Fch5%252FShowOrHideScene.tsx+%255Bapp-client%255D+%2528ecmascript%2529:1497:36)
    at update (http://localhost:3000/_next/static/chunks/node_modules_%40react-three_fiber_dist_10swxn6._.js:15260:26)
    at loop (http://localhost:3000/_next/static/chunks/node_modules_%40react-three_fiber_dist_10swxn6._.js:15286:23)
[  699948ms] ReferenceError: PIN_LABEL is not defined
    at useLabelProjection.useFrame [as current] (http://localhost:3000/_next/static/chunks/src_1aak4l9._.js?id=%255Bproject%255D%252Fsrc%252Fchapters%252Fch5%252FShowOrHideScene.tsx+%255Bapp-client%255D+%2528ecmascript%2529:1497:36)
    at update (http://localhost:3000/_next/static/chunks/node_modules_%40react-three_fiber_dist_10swxn6._.js:15260:26)
    at loop (http://localhost:3000/_next/static/chunks/node_modules_%40react-three_fiber_dist_10swxn6._.js:15286:23)
[  699956ms] ReferenceError: PIN_LABEL is not defined
    at useLabelProjection.useFrame [as current] (http://localhost:3000/_next/static/chunks/src_1aak4l9._.js?id=%255Bproject%255D%252Fsrc%252Fchapters%252Fch5%252FShowOrHideScene.tsx+%255Bapp-client%255D+%2528ecmascript%2529:1497:36)
    at update (http://localhost:3000/_next/static/chunks/node_modules_%40react-three_fiber_dist_10swxn6._.js:15260:26)
    at loop (http://localhost:3000/_next/static/chunks/node_modules_%40react-three_fiber_dist_10swxn6._.js:15286:23)
[  699966ms] ReferenceError: PIN_LABEL is not defined
    at useLabelProjection.useFrame [as current] (http://localhost:3000/_next/static/chunks/src_1aak4l9._.js?id=%255Bproject%255D%252Fsrc%252Fchapters%252Fch5%252FShowOrHideScene.tsx+%255Bapp-client%255D+%2528ecmascript%2529:1497:36)
    at update (http://localhost:3000/_next/static/chunks/node_modules_%40react-three_fiber_dist_10swxn6._.js:15260:26)
    at loop (http://localhost:3000/_next/static/chunks/node_modules_%40react-three_fiber_dist_10swxn6._.js:15286:23)
[  699973ms] ReferenceError: PIN_LABEL is not defined
    at useLabelProjection.useFrame [as current] (http://localhost:3000/_next/static/chunks/src_1aak4l9._.js?id=%255Bproject%255D%252Fsrc%252Fchapters%252Fch5%252FShowOrHideScene.tsx+%255Bapp-client%255D+%2528ecmascript%2529:1497:36)
    at update (http://localhost:3000/_next/static/chunks/node_modules_%40react-three_fiber_dist_10swxn6._.js:15260:26)
    at loop (http://localhost:3000/_next/static/chunks/node_modules_%40react-three_fiber_dist_10swxn6._.js:15286:23)
[  699981ms] ReferenceError: PIN_LABEL is not defined
    at useLabelProjection.useFrame [as current] (http://localhost:3000/_next/static/chunks/src_1aak4l9._.js?id=%255Bproject%255D%252Fsrc%252Fchapters%252Fch5%252FShowOrHideScene.tsx+%255Bapp-client%255D+%2528ecmascript%2529:1497:36)
    at update (http://localhost:3000/_next/static/chunks/node_modules_%40react-three_fiber_dist_10swxn6._.js:15260:26)
    at loop (http://localhost:3000/_next/static/chunks/node_modules_%40react-three_fiber_dist_10swxn6._.js:15286:23)
[  699989ms] ReferenceError: PIN_LABEL is not defined
    at useLabelProjection.useFrame [as current] (http://localhost:3000/_next/static/chunks/src_1aak4l9._.js?id=%255Bproject%255D%252Fsrc%252Fchapters%252Fch5%252FShowOrHideScene.tsx+%255Bapp-client%255D+%2528ecmascript%2529:1497:36)
    at update (http://localhost:3000/_next/static/chunks/node_modules_%40react-three_fiber_dist_10swxn6._.js:15260:26)
    at loop (http://localhost:3000/_next/static/chunks/node_modules_%40react-three_fiber_dist_10swxn6._.js:15286:23)
[  699999ms] ReferenceError: PIN_LABEL is not defined
    at useLabelProjection.useFrame [as current] (http://localhost:3000/_next/static/chunks/src_1aak4l9._.js?id=%255Bproject%255D%252Fsrc%252Fchapters%252Fch5%252FShowOrHideScene.tsx+%255Bapp-client%255D+%2528ecmascript%2529:1497:36)
    at update (http://localhost:3000/_next/static/chunks/node_modules_%40react-three_fiber_dist_10swxn6._.js:15260:26)
    at loop (http://localhost:3000/_next/static/chunks/node_modules_%40react-three_fiber_dist_10swxn6._.js:15286:23)
[  700006ms] ReferenceError: PIN_LABEL is not defined
    at useLabelProjection.useFrame [as current] (http://localhost:3000/_next/static/chunks/src_1aak4l9._.js?id=%255Bproject%255D%252Fsrc%252Fchapters%252Fch5%252FShowOrHideScene.tsx+%255Bapp-client%255D+%2528ecmascript%2529:1497:36)
    at update (http://localhost:3000/_next/static/chunks/node_modules_%40react-three_fiber_dist_10swxn6._.js:15260:26)
    at loop (http://localhost:3000/_next/static/chunks/node_modules_%40react-three_fiber_dist_10swxn6._.js:15286:23)
[  700014ms] ReferenceError: PIN_LABEL is not defined
    at useLabelProjection.useFrame [as current] (http://localhost:3000/_next/static/chunks/src_1aak4l9._.js?id=%255Bproject%255D%252Fsrc%252Fchapters%252Fch5%252FShowOrHideScene.tsx+%255Bapp-client%255D+%2528ecmascript%2529:1497:36)
    at update (http://localhost:3000/_next/static/chunks/node_modules_%40react-three_fiber_dist_10swxn6._.js:15260:26)
    at loop (http://localhost:3000/_next/static/chunks/node_modules_%40react-three_fiber_dist_10swxn6._.js:15286:23)
[  700023ms] ReferenceError: PIN_LABEL is not defined
    at useLabelProjection.useFrame [as current] (http://localhost:3000/_next/static/chunks/src_1aak4l9._.js?id=%255Bproject%255D%252Fsrc%252Fchapters%252Fch5%252FShowOrHideScene.tsx+%255Bapp-client%255D+%2528ecmascript%2529:1497:36)
    at update (http://localhost:3000/_next/static/chunks/node_modules_%40react-three_fiber_dist_10swxn6._.js:15260:26)
    at loop (http://localhost:3000/_next/static/chunks/node_modules_%40react-three_fiber_dist_10swxn6._.js:15286:23)
[  700032ms] ReferenceError: PIN_LABEL is not defined
    at useLabelProjection.useFrame [as current] (http://localhost:3000/_next/static/chunks/src_1aak4l9._.js?id=%255Bproject%255D%252Fsrc%252Fchapters%252Fch5%252FShowOrHideScene.tsx+%255Bapp-client%255D+%2528ecmascript%2529:1497:36)
    at update (http://localhost:3000/_next/static/chunks/node_modules_%40react-three_fiber_dist_10swxn6._.js:15260:26)
    at loop (http://localhost:3000/_next/static/chunks/node_modules_%40react-three_fiber_dist_10swxn6._.js:15286:23)
[  700040ms] ReferenceError: PIN_LABEL is not defined
    at useLabelProjection.useFrame [as current] (http://localhost:3000/_next/static/chunks/src_1aak4l9._.js?id=%255Bproject%255D%252Fsrc%252Fchapters%252Fch5%252FShowOrHideScene.tsx+%255Bapp-client%255D+%2528ecmascript%2529:1497:36)
    at update (http://localhost:3000/_next/static/chunks/node_modules_%40react-three_fiber_dist_10swxn6._.js:15260:26)
    at loop (http://localhost:3000/_next/static/chunks/node_modules_%40react-three_fiber_dist_10swxn6._.js:15286:23)
[  700048ms] ReferenceError: PIN_LABEL is not defined
    at useLabelProjection.useFrame [as current] (http://localhost:3000/_next/static/chunks/src_1aak4l9._.js?id=%255Bproject%255D%252Fsrc%252Fchapters%252Fch5%252FShowOrHideScene.tsx+%255Bapp-client%255D+%2528ecmascript%2529:1497:36)
    at update (http://localhost:3000/_next/static/chunks/node_modules_%40react-three_fiber_dist_10swxn6._.js:15260:26)
    at loop (http://localhost:3000/_next/static/chunks/node_modules_%40react-three_fiber_dist_10swxn6._.js:15286:23)
[  700056ms] ReferenceError: PIN_LABEL is not defined
    at useLabelProjection.useFrame [as current] (http://localhost:3000/_next/static/chunks/src_1aak4l9._.js?id=%255Bproject%255D%252Fsrc%252Fchapters%252Fch5%252FShowOrHideScene.tsx+%255Bapp-client%255D+%2528ecmascript%2529:1497:36)
    at update (http://localhost:3000/_next/static/chunks/node_modules_%40react-three_fiber_dist_10swxn6._.js:15260:26)
    at loop (http://localhost:3000/_next/static/chunks/node_modules_%40react-three_fiber_dist_10swxn6._.js:15286:23)
[  700064ms] ReferenceError: PIN_LABEL is not defined
    at useLabelProjection.useFrame [as current] (http://localhost:3000/_next/static/chunks/src_1aak4l9._.js?id=%255Bproject%255D%252Fsrc%252Fchapters%252Fch5%252FShowOrHideScene.tsx+%255Bapp-client%255D+%2528ecmascript%2529:1497:36)
    at update (http://localhost:3000/_next/static/chunks/node_modules_%40react-three_fiber_dist_10swxn6._.js:15260:26)
    at loop (http://localhost:3000/_next/static/chunks/node_modules_%40react-three_fiber_dist_10swxn6._.js:15286:23)
[  700073ms] ReferenceError: PIN_LABEL is not defined
    at useLabelProjection.useFrame [as current] (http://localhost:3000/_next/static/chunks/src_1aak4l9._.js?id=%255Bproject%255D%252Fsrc%252Fchapters%252Fch5%252FShowOrHideScene.tsx+%255Bapp-client%255D+%2528ecmascript%2529:1497:36)
    at update (http://localhost:3000/_next/static/chunks/node_modules_%40react-three_fiber_dist_10swxn6._.js:15260:26)
    at loop (http://localhost:3000/_next/static/chunks/node_modules_%40react-three_fiber_dist_10swxn6._.js:15286:23)
[  700081ms] ReferenceError: PIN_LABEL is not defined
    at useLabelProjection.useFrame [as current] (http://localhost:3000/_next/static/chunks/src_1aak4l9._.js?id=%255Bproject%255D%252Fsrc%252Fchapters%252Fch5%252FShowOrHideScene.tsx+%255Bapp-client%255D+%2528ecmascript%2529:1497:36)
    at update (http://localhost:3000/_next/static/chunks/node_modules_%40react-three_fiber_dist_10swxn6._.js:15260:26)
    at loop (http://localhost:3000/_next/static/chunks/node_modules_%40react-three_fiber_dist_10swxn6._.js:15286:23)
[  700091ms] ReferenceError: PIN_LABEL is not defined
    at useLabelProjection.useFrame [as current] (http://localhost:3000/_next/static/chunks/src_1aak4l9._.js?id=%255Bproject%255D%252Fsrc%252Fchapters%252Fch5%252FShowOrHideScene.tsx+%255Bapp-client%255D+%2528ecmascript%2529:1497:36)
    at update (http://localhost:3000/_next/static/chunks/node_modules_%40react-three_fiber_dist_10swxn6._.js:15260:26)
    at loop (http://localhost:3000/_next/static/chunks/node_modules_%40react-three_fiber_dist_10swxn6._.js:15286:23)
[  700098ms] ReferenceError: PIN_LABEL is not defined
    at useLabelProjection.useFrame [as current] (http://localhost:3000/_next/static/chunks/src_1aak4l9._.js?id=%255Bproject%255D%252Fsrc%252Fchapters%252Fch5%252FShowOrHideScene.tsx+%255Bapp-client%255D+%2528ecmascript%2529:1497:36)
    at update (http://localhost:3000/_next/static/chunks/node_modules_%40react-three_fiber_dist_10swxn6._.js:15260:26)
    at loop (http://localhost:3000/_next/static/chunks/node_modules_%40react-three_fiber_dist_10swxn6._.js:15286:23)
[  700106ms] ReferenceError: PIN_LABEL is not defined
    at useLabelProjection.useFrame [as current] (http://localhost:3000/_next/static/chunks/src_1aak4l9._.js?id=%255Bproject%255D%252Fsrc%252Fchapters%252Fch5%252FShowOrHideScene.tsx+%255Bapp-client%255D+%2528ecmascript%2529:1497:36)
    at update (http://localhost:3000/_next/static/chunks/node_modules_%40react-three_fiber_dist_10swxn6._.js:15260:26)
    at loop (http://localhost:3000/_next/static/chunks/node_modules_%40react-three_fiber_dist_10swxn6._.js:15286:23)
[  700114ms] ReferenceError: PIN_LABEL is not defined
    at useLabelProjection.useFrame [as current] (http://localhost:3000/_next/static/chunks/src_1aak4l9._.js?id=%255Bproject%255D%252Fsrc%252Fchapters%252Fch5%252FShowOrHideScene.tsx+%255Bapp-client%255D+%2528ecmascript%2529:1497:36)
    at update (http://localhost:3000/_next/static/chunks/node_modules_%40react-three_fiber_dist_10swxn6._.js:15260:26)
    at loop (http://localhost:3000/_next/static/chunks/node_modules_%40react-three_fiber_dist_10swxn6._.js:15286:23)
[  700123ms] ReferenceError: PIN_LABEL is not defined
    at useLabelProjection.useFrame [as current] (http://localhost:3000/_next/static/chunks/src_1aak4l9._.js?id=%255Bproject%255D%252Fsrc%252Fchapters%252Fch5%252FShowOrHideScene.tsx+%255Bapp-client%255D+%2528ecmascript%2529:1497:36)
    at update (http://localhost:3000/_next/static/chunks/node_modules_%40react-three_fiber_dist_10swxn6._.js:15260:26)
    at loop (http://localhost:3000/_next/static/chunks/node_modules_%40react-three_fiber_dist_10swxn6._.js:15286:23)
[  700131ms] ReferenceError: PIN_LABEL is not defined
    at useLabelProjection.useFrame [as current] (http://localhost:3000/_next/static/chunks/src_1aak4l9._.js?id=%255Bproject%255D%252Fsrc%252Fchapters%252Fch5%252FShowOrHideScene.tsx+%255Bapp-client%255D+%2528ecmascript%2529:1497:36)
    at update (http://localhost:3000/_next/static/chunks/node_modules_%40react-three_fiber_dist_10swxn6._.js:15260:26)
    at loop (http://localhost:3000/_next/static/chunks/node_modules_%40react-three_fiber_dist_10swxn6._.js:15286:23)
[  700139ms] ReferenceError: PIN_LABEL is not defined
    at useLabelProjection.useFrame [as current] (http://localhost:3000/_next/static/chunks/src_1aak4l9._.js?id=%255Bproject%255D%252Fsrc%252Fchapters%252Fch5%252FShowOrHideScene.tsx+%255Bapp-client%255D+%2528ecmascript%2529:1497:36)
    at update (http://localhost:3000/_next/static/chunks/node_modules_%40react-three_fiber_dist_10swxn6._.js:15260:26)
    at loop (http://localhost:3000/_next/static/chunks/node_modules_%40react-three_fiber_dist_10swxn6._.js:15286:23)
[  700148ms] ReferenceError: PIN_LABEL is not defined
    at useLabelProjection.useFrame [as current] (http://localhost:3000/_next/static/chunks/src_1aak4l9._.js?id=%255Bproject%255D%252Fsrc%252Fchapters%252Fch5%252FShowOrHideScene.tsx+%255Bapp-client%255D+%2528ecmascript%2529:1497:36)
    at update (http://localhost:3000/_next/static/chunks/node_modules_%40react-three_fiber_dist_10swxn6._.js:15260:26)
    at loop (http://localhost:3000/_next/static/chunks/node_modules_%40react-three_fiber_dist_10swxn6._.js:15286:23)
[  700156ms] ReferenceError: PIN_LABEL is not defined
    at useLabelProjection.useFrame [as current] (http://localhost:3000/_next/static/chunks/src_1aak4l9._.js?id=%255Bproject%255D%252Fsrc%252Fchapters%252Fch5%252FShowOrHideScene.tsx+%255Bapp-client%255D+%2528ecmascript%2529:1497:36)
    at update (http://localhost:3000/_next/static/chunks/node_modules_%40react-three_fiber_dist_10swxn6._.js:15260:26)
    at loop (http://localhost:3000/_next/static/chunks/node_modules_%40react-three_fiber_dist_10swxn6._.js:15286:23)
[  700164ms] ReferenceError: PIN_LABEL is not defined
    at useLabelProjection.useFrame [as current] (http://localhost:3000/_next/static/chunks/src_1aak4l9._.js?id=%255Bproject%255D%252Fsrc%252Fchapters%252Fch5%252FShowOrHideScene.tsx+%255Bapp-client%255D+%2528ecmascript%2529:1497:36)
    at update (http://localhost:3000/_next/static/chunks/node_modules_%40react-three_fiber_dist_10swxn6._.js:15260:26)
    at loop (http://localhost:3000/_next/static/chunks/node_modules_%40react-three_fiber_dist_10swxn6._.js:15286:23)
[  700173ms] ReferenceError: PIN_LABEL is not defined
    at useLabelProjection.useFrame [as current] (http://localhost:3000/_next/static/chunks/src_1aak4l9._.js?id=%255Bproject%255D%252Fsrc%252Fchapters%252Fch5%252FShowOrHideScene.tsx+%255Bapp-client%255D+%2528ecmascript%2529:1497:36)
    at update (http://localhost:3000/_next/static/chunks/node_modules_%40react-three_fiber_dist_10swxn6._.js:15260:26)
    at loop (http://localhost:3000/_next/static/chunks/node_modules_%40react-three_fiber_dist_10swxn6._.js:15286:23)
[  700182ms] ReferenceError: PIN_LABEL is not defined
    at useLabelProjection.useFrame [as current] (http://localhost:3000/_next/static/chunks/src_1aak4l9._.js?id=%255Bproject%255D%252Fsrc%252Fchapters%252Fch5%252FShowOrHideScene.tsx+%255Bapp-client%255D+%2528ecmascript%2529:1497:36)
    at update (http://localhost:3000/_next/static/chunks/node_modules_%40react-three_fiber_dist_10swxn6._.js:15260:26)
    at loop (http://localhost:3000/_next/static/chunks/node_modules_%40react-three_fiber_dist_10swxn6._.js:15286:23)
[  700190ms] ReferenceError: PIN_LABEL is not defined
    at useLabelProjection.useFrame [as current] (http://localhost:3000/_next/static/chunks/src_1aak4l9._.js?id=%255Bproject%255D%252Fsrc%252Fchapters%252Fch5%252FShowOrHideScene.tsx+%255Bapp-client%255D+%2528ecmascript%2529:1497:36)
    at update (http://localhost:3000/_next/static/chunks/node_modules_%40react-three_fiber_dist_10swxn6._.js:15260:26)
    at loop (http://localhost:3000/_next/static/chunks/node_modules_%40react-three_fiber_dist_10swxn6._.js:15286:23)
[  700198ms] ReferenceError: PIN_LABEL is not defined
    at useLabelProjection.useFrame [as current] (http://localhost:3000/_next/static/chunks/src_1aak4l9._.js?id=%255Bproject%255D%252Fsrc%252Fchapters%252Fch5%252FShowOrHideScene.tsx+%255Bapp-client%255D+%2528ecmascript%2529:1497:36)
    at update (http://localhost:3000/_next/static/chunks/node_modules_%40react-three_fiber_dist_10swxn6._.js:15260:26)
    at loop (http://localhost:3000/_next/static/chunks/node_modules_%40react-three_fiber_dist_10swxn6._.js:15286:23)
[  700206ms] ReferenceError: PIN_LABEL is not defined
    at useLabelProjection.useFrame [as current] (http://localhost:3000/_next/static/chunks/src_1aak4l9._.js?id=%255Bproject%255D%252Fsrc%252Fchapters%252Fch5%252FShowOrHideScene.tsx+%255Bapp-client%255D+%2528ecmascript%2529:1497:36)
    at update (http://localhost:3000/_next/static/chunks/node_modules_%40react-three_fiber_dist_10swxn6._.js:15260:26)
    at loop (http://localhost:3000/_next/static/chunks/node_modules_%40react-three_fiber_dist_10swxn6._.js:15286:23)
[  700214ms] ReferenceError: PIN_LABEL is not defined
    at useLabelProjection.useFrame [as current] (http://localhost:3000/_next/static/chunks/src_1aak4l9._.js?id=%255Bproject%255D%252Fsrc%252Fchapters%252Fch5%252FShowOrHideScene.tsx+%255Bapp-client%255D+%2528ecmascript%2529:1497:36)
    at update (http://localhost:3000/_next/static/chunks/node_modules_%40react-three_fiber_dist_10swxn6._.js:15260:26)
    at loop (http://localhost:3000/_next/static/chunks/node_modules_%40react-three_fiber_dist_10swxn6._.js:15286:23)
[  700223ms] ReferenceError: PIN_LABEL is not defined
    at useLabelProjection.useFrame [as current] (http://localhost:3000/_next/static/chunks/src_1aak4l9._.js?id=%255Bproject%255D%252Fsrc%252Fchapters%252Fch5%252FShowOrHideScene.tsx+%255Bapp-client%255D+%2528ecmascript%2529:1497:36)
    at update (http://localhost:3000/_next/static/chunks/node_modules_%40react-three_fiber_dist_10swxn6._.js:15260:26)
    at loop (http://localhost:3000/_next/static/chunks/node_modules_%40react-three_fiber_dist_10swxn6._.js:15286:23)
[  700231ms] ReferenceError: PIN_LABEL is not defined
    at useLabelProjection.useFrame [as current] (http://localhost:3000/_next/static/chunks/src_1aak4l9._.js?id=%255Bproject%255D%252Fsrc%252Fchapters%252Fch5%252FShowOrHideScene.tsx+%255Bapp-client%255D+%2528ecmascript%2529:1497:36)
    at update (http://localhost:3000/_next/static/chunks/node_modules_%40react-three_fiber_dist_10swxn6._.js:15260:26)
    at loop (http://localhost:3000/_next/static/chunks/node_modules_%40react-three_fiber_dist_10swxn6._.js:15286:23)
[  700239ms] ReferenceError: PIN_LABEL is not defined
    at useLabelProjection.useFrame [as current] (http://localhost:3000/_next/static/chunks/src_1aak4l9._.js?id=%255Bproject%255D%252Fsrc%252Fchapters%252Fch5%252FShowOrHideScene.tsx+%255Bapp-client%255D+%2528ecmascript%2529:1497:36)
    at update (http://localhost:3000/_next/static/chunks/node_modules_%40react-three_fiber_dist_10swxn6._.js:15260:26)
    at loop (http://localhost:3000/_next/static/chunks/node_modules_%40react-three_fiber_dist_10swxn6._.js:15286:23)
[  700247ms] ReferenceError: PIN_LABEL is not defined
    at useLabelProjection.useFrame [as current] (http://localhost:3000/_next/static/chunks/src_1aak4l9._.js?id=%255Bproject%255D%252Fsrc%252Fchapters%252Fch5%252FShowOrHideScene.tsx+%255Bapp-client%255D+%2528ecmascript%2529:1497:36)
    at update (http://localhost:3000/_next/static/chunks/node_modules_%40react-three_fiber_dist_10swxn6._.js:15260:26)
    at loop (http://localhost:3000/_next/static/chunks/node_modules_%40react-three_fiber_dist_10swxn6._.js:15286:23)
[  700256ms] ReferenceError: PIN_LABEL is not defined
    at useLabelProjection.useFrame [as current] (http://localhost:3000/_next/static/chunks/src_1aak4l9._.js?id=%255Bproject%255D%252Fsrc%252Fchapters%252Fch5%252FShowOrHideScene.tsx+%255Bapp-client%255D+%2528ecmascript%2529:1497:36)
    at update (http://localhost:3000/_next/static/chunks/node_modules_%40react-three_fiber_dist_10swxn6._.js:15260:26)
    at loop (http://localhost:3000/_next/static/chunks/node_modules_%40react-three_fiber_dist_10swxn6._.js:15286:23)
[  700264ms] ReferenceError: PIN_LABEL is not defined
    at useLabelProjection.useFrame [as current] (http://localhost:3000/_next/static/chunks/src_1aak4l9._.js?id=%255Bproject%255D%252Fsrc%252Fchapters%252Fch5%252FShowOrHideScene.tsx+%255Bapp-client%255D+%2528ecmascript%2529:1497:36)
    at update (http://localhost:3000/_next/static/chunks/node_modules_%40react-three_fiber_dist_10swxn6._.js:15260:26)
    at loop (http://localhost:3000/_next/static/chunks/node_modules_%40react-three_fiber_dist_10swxn6._.js:15286:23)
[  700274ms] ReferenceError: PIN_LABEL is not defined
    at useLabelProjection.useFrame [as current] (http://localhost:3000/_next/static/chunks/src_1aak4l9._.js?id=%255Bproject%255D%252Fsrc%252Fchapters%252Fch5%252FShowOrHideScene.tsx+%255Bapp-client%255D+%2528ecmascript%2529:1497:36)
    at update (http://localhost:3000/_next/static/chunks/node_modules_%40react-three_fiber_dist_10swxn6._.js:15260:26)
    at loop (http://localhost:3000/_next/static/chunks/node_modules_%40react-three_fiber_dist_10swxn6._.js:15286:23)
[  700281ms] ReferenceError: PIN_LABEL is not defined
    at useLabelProjection.useFrame [as current] (http://localhost:3000/_next/static/chunks/src_1aak4l9._.js?id=%255Bproject%255D%252Fsrc%252Fchapters%252Fch5%252FShowOrHideScene.tsx+%255Bapp-client%255D+%2528ecmascript%2529:1497:36)
    at update (http://localhost:3000/_next/static/chunks/node_modules_%40react-three_fiber_dist_10swxn6._.js:15260:26)
    at loop (http://localhost:3000/_next/static/chunks/node_modules_%40react-three_fiber_dist_10swxn6._.js:15286:23)
[  700289ms] ReferenceError: PIN_LABEL is not defined
    at useLabelProjection.useFrame [as current] (http://localhost:3000/_next/static/chunks/src_1aak4l9._.js?id=%255Bproject%255D%252Fsrc%252Fchapters%252Fch5%252FShowOrHideScene.tsx+%255Bapp-client%255D+%2528ecmascript%2529:1497:36)
    at update (http://localhost:3000/_next/static/chunks/node_modules_%40react-three_fiber_dist_10swxn6._.js:15260:26)
    at loop (http://localhost:3000/_next/static/chunks/node_modules_%40react-three_fiber_dist_10swxn6._.js:15286:23)
[  700298ms] ReferenceError: PIN_LABEL is not defined
    at useLabelProjection.useFrame [as current] (http://localhost:3000/_next/static/chunks/src_1aak4l9._.js?id=%255Bproject%255D%252Fsrc%252Fchapters%252Fch5%252FShowOrHideScene.tsx+%255Bapp-client%255D+%2528ecmascript%2529:1497:36)
    at update (http://localhost:3000/_next/static/chunks/node_modules_%40react-three_fiber_dist_10swxn6._.js:15260:26)
    at loop (http://localhost:3000/_next/static/chunks/node_modules_%40react-three_fiber_dist_10swxn6._.js:15286:23)
[  700306ms] ReferenceError: PIN_LABEL is not defined
    at useLabelProjection.useFrame [as current] (http://localhost:3000/_next/static/chunks/src_1aak4l9._.js?id=%255Bproject%255D%252Fsrc%252Fchapters%252Fch5%252FShowOrHideScene.tsx+%255Bapp-client%255D+%2528ecmascript%2529:1497:36)
    at update (http://localhost:3000/_next/static/chunks/node_modules_%40react-three_fiber_dist_10swxn6._.js:15260:26)
    at loop (http://localhost:3000/_next/static/chunks/node_modules_%40react-three_fiber_dist_10swxn6._.js:15286:23)
[  700315ms] ReferenceError: PIN_LABEL is not defined
    at useLabelProjection.useFrame [as current] (http://localhost:3000/_next/static/chunks/src_1aak4l9._.js?id=%255Bproject%255D%252Fsrc%252Fchapters%252Fch5%252FShowOrHideScene.tsx+%255Bapp-client%255D+%2528ecmascript%2529:1497:36)
    at update (http://localhost:3000/_next/static/chunks/node_modules_%40react-three_fiber_dist_10swxn6._.js:15260:26)
    at loop (http://localhost:3000/_next/static/chunks/node_modules_%40react-three_fiber_dist_10swxn6._.js:15286:23)
[  700323ms] ReferenceError: PIN_LABEL is not defined
    at useLabelProjection.useFrame [as current] (http://localhost:3000/_next/static/chunks/src_1aak4l9._.js?id=%255Bproject%255D%252Fsrc%252Fchapters%252Fch5%252FShowOrHideScene.tsx+%255Bapp-client%255D+%2528ecmascript%2529:1497:36)
    at update (http://localhost:3000/_next/static/chunks/node_modules_%40react-three_fiber_dist_10swxn6._.js:15260:26)
    at loop (http://localhost:3000/_next/static/chunks/node_modules_%40react-three_fiber_dist_10swxn6._.js:15286:23)
[  700331ms] ReferenceError: PIN_LABEL is not defined
    at useLabelProjection.useFrame [as current] (http://localhost:3000/_next/static/chunks/src_1aak4l9._.js?id=%255Bproject%255D%252Fsrc%252Fchapters%252Fch5%252FShowOrHideScene.tsx+%255Bapp-client%255D+%2528ecmascript%2529:1497:36)
    at update (http://localhost:3000/_next/static/chunks/node_modules_%40react-three_fiber_dist_10swxn6._.js:15260:26)
    at loop (http://localhost:3000/_next/static/chunks/node_modules_%40react-three_fiber_dist_10swxn6._.js:15286:23)
[  700340ms] ReferenceError: PIN_LABEL is not defined
    at useLabelProjection.useFrame [as current] (http://localhost:3000/_next/static/chunks/src_1aak4l9._.js?id=%255Bproject%255D%252Fsrc%252Fchapters%252Fch5%252FShowOrHideScene.tsx+%255Bapp-client%255D+%2528ecmascript%2529:1497:36)
    at update (http://localhost:3000/_next/static/chunks/node_modules_%40react-three_fiber_dist_10swxn6._.js:15260:26)
    at loop (http://localhost:3000/_next/static/chunks/node_modules_%40react-three_fiber_dist_10swxn6._.js:15286:23)
[  700348ms] ReferenceError: PIN_LABEL is not defined
    at useLabelProjection.useFrame [as current] (http://localhost:3000/_next/static/chunks/src_1aak4l9._.js?id=%255Bproject%255D%252Fsrc%252Fchapters%252Fch5%252FShowOrHideScene.tsx+%255Bapp-client%255D+%2528ecmascript%2529:1497:36)
    at update (http://localhost:3000/_next/static/chunks/node_modules_%40react-three_fiber_dist_10swxn6._.js:15260:26)
    at loop (http://localhost:3000/_next/static/chunks/node_modules_%40react-three_fiber_dist_10swxn6._.js:15286:23)
[  700356ms] ReferenceError: PIN_LABEL is not defined
    at useLabelProjection.useFrame [as current] (http://localhost:3000/_next/static/chunks/src_1aak4l9._.js?id=%255Bproject%255D%252Fsrc%252Fchapters%252Fch5%252FShowOrHideScene.tsx+%255Bapp-client%255D+%2528ecmascript%2529:1497:36)
    at update (http://localhost:3000/_next/static/chunks/node_modules_%40react-three_fiber_dist_10swxn6._.js:15260:26)
    at loop (http://localhost:3000/_next/static/chunks/node_modules_%40react-three_fiber_dist_10swxn6._.js:15286:23)
[  700365ms] ReferenceError: PIN_LABEL is not defined
    at useLabelProjection.useFrame [as current] (http://localhost:3000/_next/static/chunks/src_1aak4l9._.js?id=%255Bproject%255D%252Fsrc%252Fchapters%252Fch5%252FShowOrHideScene.tsx+%255Bapp-client%255D+%2528ecmascript%2529:1497:36)
    at update (http://localhost:3000/_next/static/chunks/node_modules_%40react-three_fiber_dist_10swxn6._.js:15260:26)
    at loop (http://localhost:3000/_next/static/chunks/node_modules_%40react-three_fiber_dist_10swxn6._.js:15286:23)
[  700372ms] ReferenceError: PIN_LABEL is not defined
    at useLabelProjection.useFrame [as current] (http://localhost:3000/_next/static/chunks/src_1aak4l9._.js?id=%255Bproject%255D%252Fsrc%252Fchapters%252Fch5%252FShowOrHideScene.tsx+%255Bapp-client%255D+%2528ecmascript%2529:1497:36)
    at update (http://localhost:3000/_next/static/chunks/node_modules_%40react-three_fiber_dist_10swxn6._.js:15260:26)
    at loop (http://localhost:3000/_next/static/chunks/node_modules_%40react-three_fiber_dist_10swxn6._.js:15286:23)
[  700381ms] ReferenceError: PIN_LABEL is not defined
    at useLabelProjection.useFrame [as current] (http://localhost:3000/_next/static/chunks/src_1aak4l9._.js?id=%255Bproject%255D%252Fsrc%252Fchapters%252Fch5%252FShowOrHideScene.tsx+%255Bapp-client%255D+%2528ecmascript%2529:1497:36)
    at update (http://localhost:3000/_next/static/chunks/node_modules_%40react-three_fiber_dist_10swxn6._.js:15260:26)
    at loop (http://localhost:3000/_next/static/chunks/node_modules_%40react-three_fiber_dist_10swxn6._.js:15286:23)
[  700390ms] ReferenceError: PIN_LABEL is not defined
    at useLabelProjection.useFrame [as current] (http://localhost:3000/_next/static/chunks/src_1aak4l9._.js?id=%255Bproject%255D%252Fsrc%252Fchapters%252Fch5%252FShowOrHideScene.tsx+%255Bapp-client%255D+%2528ecmascript%2529:1497:36)
    at update (http://localhost:3000/_next/static/chunks/node_modules_%40react-three_fiber_dist_10swxn6._.js:15260:26)
    at loop (http://localhost:3000/_next/static/chunks/node_modules_%40react-three_fiber_dist_10swxn6._.js:15286:23)
[  700398ms] ReferenceError: PIN_LABEL is not defined
    at useLabelProjection.useFrame [as current] (http://localhost:3000/_next/static/chunks/src_1aak4l9._.js?id=%255Bproject%255D%252Fsrc%252Fchapters%252Fch5%252FShowOrHideScene.tsx+%255Bapp-client%255D+%2528ecmascript%2529:1497:36)
    at update (http://localhost:3000/_next/static/chunks/node_modules_%40react-three_fiber_dist_10swxn6._.js:15260:26)
    at loop (http://localhost:3000/_next/static/chunks/node_modules_%40react-three_fiber_dist_10swxn6._.js:15286:23)
[  700406ms] ReferenceError: PIN_LABEL is not defined
    at useLabelProjection.useFrame [as current] (http://localhost:3000/_next/static/chunks/src_1aak4l9._.js?id=%255Bproject%255D%252Fsrc%252Fchapters%252Fch5%252FShowOrHideScene.tsx+%255Bapp-client%255D+%2528ecmascript%2529:1497:36)
    at update (http://localhost:3000/_next/static/chunks/node_modules_%40react-three_fiber_dist_10swxn6._.js:15260:26)
    at loop (http://localhost:3000/_next/static/chunks/node_modules_%40react-three_fiber_dist_10swxn6._.js:15286:23)
[  700415ms] ReferenceError: PIN_LABEL is not defined
    at useLabelProjection.useFrame [as current] (http://localhost:3000/_next/static/chunks/src_1aak4l9._.js?id=%255Bproject%255D%252Fsrc%252Fchapters%252Fch5%252FShowOrHideScene.tsx+%255Bapp-client%255D+%2528ecmascript%2529:1497:36)
    at update (http://localhost:3000/_next/static/chunks/node_modules_%40react-three_fiber_dist_10swxn6._.js:15260:26)
    at loop (http://localhost:3000/_next/static/chunks/node_modules_%40react-three_fiber_dist_10swxn6._.js:15286:23)
[  700423ms] ReferenceError: PIN_LABEL is not defined
    at useLabelProjection.useFrame [as current] (http://localhost:3000/_next/static/chunks/src_1aak4l9._.js?id=%255Bproject%255D%252Fsrc%252Fchapters%252Fch5%252FShowOrHideScene.tsx+%255Bapp-client%255D+%2528ecmascript%2529:1497:36)
    at update (http://localhost:3000/_next/static/chunks/node_modules_%40react-three_fiber_dist_10swxn6._.js:15260:26)
    at loop (http://localhost:3000/_next/static/chunks/node_modules_%40react-three_fiber_dist_10swxn6._.js:15286:23)
[  700432ms] ReferenceError: PIN_LABEL is not defined
    at useLabelProjection.useFrame [as current] (http://localhost:3000/_next/static/chunks/src_1aak4l9._.js?id=%255Bproject%255D%252Fsrc%252Fchapters%252Fch5%252FShowOrHideScene.tsx+%255Bapp-client%255D+%2528ecmascript%2529:1497:36)
    at update (http://localhost:3000/_next/static/chunks/node_modules_%40react-three_fiber_dist_10swxn6._.js:15260:26)
    at loop (http://localhost:3000/_next/static/chunks/node_modules_%40react-three_fiber_dist_10swxn6._.js:15286:23)
[  700439ms] ReferenceError: PIN_LABEL is not defined
    at useLabelProjection.useFrame [as current] (http://localhost:3000/_next/static/chunks/src_1aak4l9._.js?id=%255Bproject%255D%252Fsrc%252Fchapters%252Fch5%252FShowOrHideScene.tsx+%255Bapp-client%255D+%2528ecmascript%2529:1497:36)
    at update (http://localhost:3000/_next/static/chunks/node_modules_%40react-three_fiber_dist_10swxn6._.js:15260:26)
    at loop (http://localhost:3000/_next/static/chunks/node_modules_%40react-three_fiber_dist_10swxn6._.js:15286:23)
[  700447ms] ReferenceError: PIN_LABEL is not defined
    at useLabelProjection.useFrame [as current] (http://localhost:3000/_next/static/chunks/src_1aak4l9._.js?id=%255Bproject%255D%252Fsrc%252Fchapters%252Fch5%252FShowOrHideScene.tsx+%255Bapp-client%255D+%2528ecmascript%2529:1497:36)
    at update (http://localhost:3000/_next/static/chunks/node_modules_%40react-three_fiber_dist_10swxn6._.js:15260:26)
    at loop (http://localhost:3000/_next/static/chunks/node_modules_%40react-three_fiber_dist_10swxn6._.js:15286:23)
[  700456ms] ReferenceError: PIN_LABEL is not defined
    at useLabelProjection.useFrame [as current] (http://localhost:3000/_next/static/chunks/src_1aak4l9._.js?id=%255Bproject%255D%252Fsrc%252Fchapters%252Fch5%252FShowOrHideScene.tsx+%255Bapp-client%255D+%2528ecmascript%2529:1497:36)
    at update (http://localhost:3000/_next/static/chunks/node_modules_%40react-three_fiber_dist_10swxn6._.js:15260:26)
    at loop (http://localhost:3000/_next/static/chunks/node_modules_%40react-three_fiber_dist_10swxn6._.js:15286:23)
[  700465ms] ReferenceError: PIN_LABEL is not defined
    at useLabelProjection.useFrame [as current] (http://localhost:3000/_next/static/chunks/src_1aak4l9._.js?id=%255Bproject%255D%252Fsrc%252Fchapters%252Fch5%252FShowOrHideScene.tsx+%255Bapp-client%255D+%2528ecmascript%2529:1497:36)
    at update (http://localhost:3000/_next/static/chunks/node_modules_%40react-three_fiber_dist_10swxn6._.js:15260:26)
    at loop (http://localhost:3000/_next/static/chunks/node_modules_%40react-three_fiber_dist_10swxn6._.js:15286:23)
[  700473ms] ReferenceError: PIN_LABEL is not defined
    at useLabelProjection.useFrame [as current] (http://localhost:3000/_next/static/chunks/src_1aak4l9._.js?id=%255Bproject%255D%252Fsrc%252Fchapters%252Fch5%252FShowOrHideScene.tsx+%255Bapp-client%255D+%2528ecmascript%2529:1497:36)
    at update (http://localhost:3000/_next/static/chunks/node_modules_%40react-three_fiber_dist_10swxn6._.js:15260:26)
    at loop (http://localhost:3000/_next/static/chunks/node_modules_%40react-three_fiber_dist_10swxn6._.js:15286:23)
[  700481ms] ReferenceError: PIN_LABEL is not defined
    at useLabelProjection.useFrame [as current] (http://localhost:3000/_next/static/chunks/src_1aak4l9._.js?id=%255Bproject%255D%252Fsrc%252Fchapters%252Fch5%252FShowOrHideScene.tsx+%255Bapp-client%255D+%2528ecmascript%2529:1497:36)
    at update (http://localhost:3000/_next/static/chunks/node_modules_%40react-three_fiber_dist_10swxn6._.js:15260:26)
    at loop (http://localhost:3000/_next/static/chunks/node_modules_%40react-three_fiber_dist_10swxn6._.js:15286:23)
[  700490ms] ReferenceError: PIN_LABEL is not defined
    at useLabelProjection.useFrame [as current] (http://localhost:3000/_next/static/chunks/src_1aak4l9._.js?id=%255Bproject%255D%252Fsrc%252Fchapters%252Fch5%252FShowOrHideScene.tsx+%255Bapp-client%255D+%2528ecmascript%2529:1497:36)
    at update (http://localhost:3000/_next/static/chunks/node_modules_%40react-three_fiber_dist_10swxn6._.js:15260:26)
    at loop (http://localhost:3000/_next/static/chunks/node_modules_%40react-three_fiber_dist_10swxn6._.js:15286:23)
[  700498ms] ReferenceError: PIN_LABEL is not defined
    at useLabelProjection.useFrame [as current] (http://localhost:3000/_next/static/chunks/src_1aak4l9._.js?id=%255Bproject%255D%252Fsrc%252Fchapters%252Fch5%252FShowOrHideScene.tsx+%255Bapp-client%255D+%2528ecmascript%2529:1497:36)
    at update (http://localhost:3000/_next/static/chunks/node_modules_%40react-three_fiber_dist_10swxn6._.js:15260:26)
    at loop (http://localhost:3000/_next/static/chunks/node_modules_%40react-three_fiber_dist_10swxn6._.js:15286:23)
[  700507ms] ReferenceError: PIN_LABEL is not defined
    at useLabelProjection.useFrame [as current] (http://localhost:3000/_next/static/chunks/src_1aak4l9._.js?id=%255Bproject%255D%252Fsrc%252Fchapters%252Fch5%252FShowOrHideScene.tsx+%255Bapp-client%255D+%2528ecmascript%2529:1497:36)
    at update (http://localhost:3000/_next/static/chunks/node_modules_%40react-three_fiber_dist_10swxn6._.js:15260:26)
    at loop (http://localhost:3000/_next/static/chunks/node_modules_%40react-three_fiber_dist_10swxn6._.js:15286:23)
[  700515ms] ReferenceError: PIN_LABEL is not defined
    at useLabelProjection.useFrame [as current] (http://localhost:3000/_next/static/chunks/src_1aak4l9._.js?id=%255Bproject%255D%252Fsrc%252Fchapters%252Fch5%252FShowOrHideScene.tsx+%255Bapp-client%255D+%2528ecmascript%2529:1497:36)
    at update (http://localhost:3000/_next/static/chunks/node_modules_%40react-three_fiber_dist_10swxn6._.js:15260:26)
    at loop (http://localhost:3000/_next/static/chunks/node_modules_%40react-three_fiber_dist_10swxn6._.js:15286:23)
[  700523ms] ReferenceError: PIN_LABEL is not defined
    at useLabelProjection.useFrame [as current] (http://localhost:3000/_next/static/chunks/src_1aak4l9._.js?id=%255Bproject%255D%252Fsrc%252Fchapters%252Fch5%252FShowOrHideScene.tsx+%255Bapp-client%255D+%2528ecmascript%2529:1497:36)
    at update (http://localhost:3000/_next/static/chunks/node_modules_%40react-three_fiber_dist_10swxn6._.js:15260:26)
    at loop (http://localhost:3000/_next/static/chunks/node_modules_%40react-three_fiber_dist_10swxn6._.js:15286:23)
[  700531ms] ReferenceError: PIN_LABEL is not defined
    at useLabelProjection.useFrame [as current] (http://localhost:3000/_next/static/chunks/src_1aak4l9._.js?id=%255Bproject%255D%252Fsrc%252Fchapters%252Fch5%252FShowOrHideScene.tsx+%255Bapp-client%255D+%2528ecmascript%2529:1497:36)
    at update (http://localhost:3000/_next/static/chunks/node_modules_%40react-three_fiber_dist_10swxn6._.js:15260:26)
    at loop (http://localhost:3000/_next/static/chunks/node_modules_%40react-three_fiber_dist_10swxn6._.js:15286:23)
[  700540ms] ReferenceError: PIN_LABEL is not defined
    at useLabelProjection.useFrame [as current] (http://localhost:3000/_next/static/chunks/src_1aak4l9._.js?id=%255Bproject%255D%252Fsrc%252Fchapters%252Fch5%252FShowOrHideScene.tsx+%255Bapp-client%255D+%2528ecmascript%2529:1497:36)
    at update (http://localhost:3000/_next/static/chunks/node_modules_%40react-three_fiber_dist_10swxn6._.js:15260:26)
    at loop (http://localhost:3000/_next/static/chunks/node_modules_%40react-three_fiber_dist_10swxn6._.js:15286:23)
[  700548ms] ReferenceError: PIN_LABEL is not defined
    at useLabelProjection.useFrame [as current] (http://localhost:3000/_next/static/chunks/src_1aak4l9._.js?id=%255Bproject%255D%252Fsrc%252Fchapters%252Fch5%252FShowOrHideScene.tsx+%255Bapp-client%255D+%2528ecmascript%2529:1497:36)
    at update (http://localhost:3000/_next/static/chunks/node_modules_%40react-three_fiber_dist_10swxn6._.js:15260:26)
    at loop (http://localhost:3000/_next/static/chunks/node_modules_%40react-three_fiber_dist_10swxn6._.js:15286:23)
[  700557ms] ReferenceError: PIN_LABEL is not defined
    at useLabelProjection.useFrame [as current] (http://localhost:3000/_next/static/chunks/src_1aak4l9._.js?id=%255Bproject%255D%252Fsrc%252Fchapters%252Fch5%252FShowOrHideScene.tsx+%255Bapp-client%255D+%2528ecmascript%2529:1497:36)
    at update (http://localhost:3000/_next/static/chunks/node_modules_%40react-three_fiber_dist_10swxn6._.js:15260:26)
    at loop (http://localhost:3000/_next/static/chunks/node_modules_%40react-three_fiber_dist_10swxn6._.js:15286:23)
[  700564ms] ReferenceError: PIN_LABEL is not defined
    at useLabelProjection.useFrame [as current] (http://localhost:3000/_next/static/chunks/src_1aak4l9._.js?id=%255Bproject%255D%252Fsrc%252Fchapters%252Fch5%252FShowOrHideScene.tsx+%255Bapp-client%255D+%2528ecmascript%2529:1497:36)
    at update (http://localhost:3000/_next/static/chunks/node_modules_%40react-three_fiber_dist_10swxn6._.js:15260:26)
    at loop (http://localhost:3000/_next/static/chunks/node_modules_%40react-three_fiber_dist_10swxn6._.js:15286:23)
[  700573ms] ReferenceError: PIN_LABEL is not defined
    at useLabelProjection.useFrame [as current] (http://localhost:3000/_next/static/chunks/src_1aak4l9._.js?id=%255Bproject%255D%252Fsrc%252Fchapters%252Fch5%252FShowOrHideScene.tsx+%255Bapp-client%255D+%2528ecmascript%2529:1497:36)
    at update (http://localhost:3000/_next/static/chunks/node_modules_%40react-three_fiber_dist_10swxn6._.js:15260:26)
    at loop (http://localhost:3000/_next/static/chunks/node_modules_%40react-three_fiber_dist_10swxn6._.js:15286:23)
[  700582ms] ReferenceError: PIN_LABEL is not defined
    at useLabelProjection.useFrame [as current] (http://localhost:3000/_next/static/chunks/src_1aak4l9._.js?id=%255Bproject%255D%252Fsrc%252Fchapters%252Fch5%252FShowOrHideScene.tsx+%255Bapp-client%255D+%2528ecmascript%2529:1497:36)
    at update (http://localhost:3000/_next/static/chunks/node_modules_%40react-three_fiber_dist_10swxn6._.js:15260:26)
    at loop (http://localhost:3000/_next/static/chunks/node_modules_%40react-three_fiber_dist_10swxn6._.js:15286:23)
[  700589ms] ReferenceError: PIN_LABEL is not defined
    at useLabelProjection.useFrame [as current] (http://localhost:3000/_next/static/chunks/src_1aak4l9._.js?id=%255Bproject%255D%252Fsrc%252Fchapters%252Fch5%252FShowOrHideScene.tsx+%255Bapp-client%255D+%2528ecmascript%2529:1497:36)
    at update (http://localhost:3000/_next/static/chunks/node_modules_%40react-three_fiber_dist_10swxn6._.js:15260:26)
    at loop (http://localhost:3000/_next/static/chunks/node_modules_%40react-three_fiber_dist_10swxn6._.js:15286:23)
[  700598ms] ReferenceError: PIN_LABEL is not defined
    at useLabelProjection.useFrame [as current] (http://localhost:3000/_next/static/chunks/src_1aak4l9._.js?id=%255Bproject%255D%252Fsrc%252Fchapters%252Fch5%252FShowOrHideScene.tsx+%255Bapp-client%255D+%2528ecmascript%2529:1497:36)
    at update (http://localhost:3000/_next/static/chunks/node_modules_%40react-three_fiber_dist_10swxn6._.js:15260:26)
    at loop (http://localhost:3000/_next/static/chunks/node_modules_%40react-three_fiber_dist_10swxn6._.js:15286:23)
[  700606ms] ReferenceError: PIN_LABEL is not defined
    at useLabelProjection.useFrame [as current] (http://localhost:3000/_next/static/chunks/src_1aak4l9._.js?id=%255Bproject%255D%252Fsrc%252Fchapters%252Fch5%252FShowOrHideScene.tsx+%255Bapp-client%255D+%2528ecmascript%2529:1497:36)
    at update (http://localhost:3000/_next/static/chunks/node_modules_%40react-three_fiber_dist_10swxn6._.js:15260:26)
    at loop (http://localhost:3000/_next/static/chunks/node_modules_%40react-three_fiber_dist_10swxn6._.js:15286:23)
[  700614ms] ReferenceError: PIN_LABEL is not defined
    at useLabelProjection.useFrame [as current] (http://localhost:3000/_next/static/chunks/src_1aak4l9._.js?id=%255Bproject%255D%252Fsrc%252Fchapters%252Fch5%252FShowOrHideScene.tsx+%255Bapp-client%255D+%2528ecmascript%2529:1497:36)
    at update (http://localhost:3000/_next/static/chunks/node_modules_%40react-three_fiber_dist_10swxn6._.js:15260:26)
    at loop (http://localhost:3000/_next/static/chunks/node_modules_%40react-three_fiber_dist_10swxn6._.js:15286:23)
[  700623ms] ReferenceError: PIN_LABEL is not defined
    at useLabelProjection.useFrame [as current] (http://localhost:3000/_next/static/chunks/src_1aak4l9._.js?id=%255Bproject%255D%252Fsrc%252Fchapters%252Fch5%252FShowOrHideScene.tsx+%255Bapp-client%255D+%2528ecmascript%2529:1497:36)
    at update (http://localhost:3000/_next/static/chunks/node_modules_%40react-three_fiber_dist_10swxn6._.js:15260:26)
    at loop (http://localhost:3000/_next/static/chunks/node_modules_%40react-three_fiber_dist_10swxn6._.js:15286:23)
[  700631ms] ReferenceError: PIN_LABEL is not defined
    at useLabelProjection.useFrame [as current] (http://localhost:3000/_next/static/chunks/src_1aak4l9._.js?id=%255Bproject%255D%252Fsrc%252Fchapters%252Fch5%252FShowOrHideScene.tsx+%255Bapp-client%255D+%2528ecmascript%2529:1497:36)
    at update (http://localhost:3000/_next/static/chunks/node_modules_%40react-three_fiber_dist_10swxn6._.js:15260:26)
    at loop (http://localhost:3000/_next/static/chunks/node_modules_%40react-three_fiber_dist_10swxn6._.js:15286:23)
[  700639ms] ReferenceError: PIN_LABEL is not defined
    at useLabelProjection.useFrame [as current] (http://localhost:3000/_next/static/chunks/src_1aak4l9._.js?id=%255Bproject%255D%252Fsrc%252Fchapters%252Fch5%252FShowOrHideScene.tsx+%255Bapp-client%255D+%2528ecmascript%2529:1497:36)
    at update (http://localhost:3000/_next/static/chunks/node_modules_%40react-three_fiber_dist_10swxn6._.js:15260:26)
    at loop (http://localhost:3000/_next/static/chunks/node_modules_%40react-three_fiber_dist_10swxn6._.js:15286:23)
[  700648ms] ReferenceError: PIN_LABEL is not defined
    at useLabelProjection.useFrame [as current] (http://localhost:3000/_next/static/chunks/src_1aak4l9._.js?id=%255Bproject%255D%252Fsrc%252Fchapters%252Fch5%252FShowOrHideScene.tsx+%255Bapp-client%255D+%2528ecmascript%2529:1497:36)
    at update (http://localhost:3000/_next/static/chunks/node_modules_%40react-three_fiber_dist_10swxn6._.js:15260:26)
    at loop (http://localhost:3000/_next/static/chunks/node_modules_%40react-three_fiber_dist_10swxn6._.js:15286:23)
[  700656ms] ReferenceError: PIN_LABEL is not defined
    at useLabelProjection.useFrame [as current] (http://localhost:3000/_next/static/chunks/src_1aak4l9._.js?id=%255Bproject%255D%252Fsrc%252Fchapters%252Fch5%252FShowOrHideScene.tsx+%255Bapp-client%255D+%2528ecmascript%2529:1497:36)
    at update (http://localhost:3000/_next/static/chunks/node_modules_%40react-three_fiber_dist_10swxn6._.js:15260:26)
    at loop (http://localhost:3000/_next/static/chunks/node_modules_%40react-three_fiber_dist_10swxn6._.js:15286:23)
[  700665ms] ReferenceError: PIN_LABEL is not defined
    at useLabelProjection.useFrame [as current] (http://localhost:3000/_next/static/chunks/src_1aak4l9._.js?id=%255Bproject%255D%252Fsrc%252Fchapters%252Fch5%252FShowOrHideScene.tsx+%255Bapp-client%255D+%2528ecmascript%2529:1497:36)
    at update (http://localhost:3000/_next/static/chunks/node_modules_%40react-three_fiber_dist_10swxn6._.js:15260:26)
    at loop (http://localhost:3000/_next/static/chunks/node_modules_%40react-three_fiber_dist_10swxn6._.js:15286:23)
[  700673ms] ReferenceError: PIN_LABEL is not defined
    at useLabelProjection.useFrame [as current] (http://localhost:3000/_next/static/chunks/src_1aak4l9._.js?id=%255Bproject%255D%252Fsrc%252Fchapters%252Fch5%252FShowOrHideScene.tsx+%255Bapp-client%255D+%2528ecmascript%2529:1497:36)
    at update (http://localhost:3000/_next/static/chunks/node_modules_%40react-three_fiber_dist_10swxn6._.js:15260:26)
    at loop (http://localhost:3000/_next/static/chunks/node_modules_%40react-three_fiber_dist_10swxn6._.js:15286:23)
[  700681ms] ReferenceError: PIN_LABEL is not defined
    at useLabelProjection.useFrame [as current] (http://localhost:3000/_next/static/chunks/src_1aak4l9._.js?id=%255Bproject%255D%252Fsrc%252Fchapters%252Fch5%252FShowOrHideScene.tsx+%255Bapp-client%255D+%2528ecmascript%2529:1497:36)
    at update (http://localhost:3000/_next/static/chunks/node_modules_%40react-three_fiber_dist_10swxn6._.js:15260:26)
    at loop (http://localhost:3000/_next/static/chunks/node_modules_%40react-three_fiber_dist_10swxn6._.js:15286:23)
[  700690ms] ReferenceError: PIN_LABEL is not defined
    at useLabelProjection.useFrame [as current] (http://localhost:3000/_next/static/chunks/src_1aak4l9._.js?id=%255Bproject%255D%252Fsrc%252Fchapters%252Fch5%252FShowOrHideScene.tsx+%255Bapp-client%255D+%2528ecmascript%2529:1497:36)
    at update (http://localhost:3000/_next/static/chunks/node_modules_%40react-three_fiber_dist_10swxn6._.js:15260:26)
    at loop (http://localhost:3000/_next/static/chunks/node_modules_%40react-three_fiber_dist_10swxn6._.js:15286:23)
[  700698ms] ReferenceError: PIN_LABEL is not defined
    at useLabelProjection.useFrame [as current] (http://localhost:3000/_next/static/chunks/src_1aak4l9._.js?id=%255Bproject%255D%252Fsrc%252Fchapters%252Fch5%252FShowOrHideScene.tsx+%255Bapp-client%255D+%2528ecmascript%2529:1497:36)
    at update (http://localhost:3000/_next/static/chunks/node_modules_%40react-three_fiber_dist_10swxn6._.js:15260:26)
    at loop (http://localhost:3000/_next/static/chunks/node_modules_%40react-three_fiber_dist_10swxn6._.js:15286:23)
[  700706ms] ReferenceError: PIN_LABEL is not defined
    at useLabelProjection.useFrame [as current] (http://localhost:3000/_next/static/chunks/src_1aak4l9._.js?id=%255Bproject%255D%252Fsrc%252Fchapters%252Fch5%252FShowOrHideScene.tsx+%255Bapp-client%255D+%2528ecmascript%2529:1497:36)
    at update (http://localhost:3000/_next/static/chunks/node_modules_%40react-three_fiber_dist_10swxn6._.js:15260:26)
    at loop (http://localhost:3000/_next/static/chunks/node_modules_%40react-three_fiber_dist_10swxn6._.js:15286:23)
[  700715ms] ReferenceError: PIN_LABEL is not defined
    at useLabelProjection.useFrame [as current] (http://localhost:3000/_next/static/chunks/src_1aak4l9._.js?id=%255Bproject%255D%252Fsrc%252Fchapters%252Fch5%252FShowOrHideScene.tsx+%255Bapp-client%255D+%2528ecmascript%2529:1497:36)
    at update (http://localhost:3000/_next/static/chunks/node_modules_%40react-three_fiber_dist_10swxn6._.js:15260:26)
    at loop (http://localhost:3000/_next/static/chunks/node_modules_%40react-three_fiber_dist_10swxn6._.js:15286:23)
[  700722ms] ReferenceError: PIN_LABEL is not defined
    at useLabelProjection.useFrame [as current] (http://localhost:3000/_next/static/chunks/src_1aak4l9._.js?id=%255Bproject%255D%252Fsrc%252Fchapters%252Fch5%252FShowOrHideScene.tsx+%255Bapp-client%255D+%2528ecmascript%2529:1497:36)
    at update (http://localhost:3000/_next/static/chunks/node_modules_%40react-three_fiber_dist_10swxn6._.js:15260:26)
    at loop (http://localhost:3000/_next/static/chunks/node_modules_%40react-three_fiber_dist_10swxn6._.js:15286:23)
[  700731ms] ReferenceError: PIN_LABEL is not defined
    at useLabelProjection.useFrame [as current] (http://localhost:3000/_next/static/chunks/src_1aak4l9._.js?id=%255Bproject%255D%252Fsrc%252Fchapters%252Fch5%252FShowOrHideScene.tsx+%255Bapp-client%255D+%2528ecmascript%2529:1497:36)
    at update (http://localhost:3000/_next/static/chunks/node_modules_%40react-three_fiber_dist_10swxn6._.js:15260:26)
    at loop (http://localhost:3000/_next/static/chunks/node_modules_%40react-three_fiber_dist_10swxn6._.js:15286:23)
[  700739ms] ReferenceError: PIN_LABEL is not defined
    at useLabelProjection.useFrame [as current] (http://localhost:3000/_next/static/chunks/src_1aak4l9._.js?id=%255Bproject%255D%252Fsrc%252Fchapters%252Fch5%252FShowOrHideScene.tsx+%255Bapp-client%255D+%2528ecmascript%2529:1497:36)
    at update (http://localhost:3000/_next/static/chunks/node_modules_%40react-three_fiber_dist_10swxn6._.js:15260:26)
    at loop (http://localhost:3000/_next/static/chunks/node_modules_%40react-three_fiber_dist_10swxn6._.js:15286:23)
[  700749ms] ReferenceError: PIN_LABEL is not defined
    at useLabelProjection.useFrame [as current] (http://localhost:3000/_next/static/chunks/src_1aak4l9._.js?id=%255Bproject%255D%252Fsrc%252Fchapters%252Fch5%252FShowOrHideScene.tsx+%255Bapp-client%255D+%2528ecmascript%2529:1497:36)
    at update (http://localhost:3000/_next/static/chunks/node_modules_%40react-three_fiber_dist_10swxn6._.js:15260:26)
    at loop (http://localhost:3000/_next/static/chunks/node_modules_%40react-three_fiber_dist_10swxn6._.js:15286:23)
[  700756ms] ReferenceError: PIN_LABEL is not defined
    at useLabelProjection.useFrame [as current] (http://localhost:3000/_next/static/chunks/src_1aak4l9._.js?id=%255Bproject%255D%252Fsrc%252Fchapters%252Fch5%252FShowOrHideScene.tsx+%255Bapp-client%255D+%2528ecmascript%2529:1497:36)
    at update (http://localhost:3000/_next/static/chunks/node_modules_%40react-three_fiber_dist_10swxn6._.js:15260:26)
    at loop (http://localhost:3000/_next/static/chunks/node_modules_%40react-three_fiber_dist_10swxn6._.js:15286:23)
[  700765ms] ReferenceError: PIN_LABEL is not defined
    at useLabelProjection.useFrame [as current] (http://localhost:3000/_next/static/chunks/src_1aak4l9._.js?id=%255Bproject%255D%252Fsrc%252Fchapters%252Fch5%252FShowOrHideScene.tsx+%255Bapp-client%255D+%2528ecmascript%2529:1497:36)
    at update (http://localhost:3000/_next/static/chunks/node_modules_%40react-three_fiber_dist_10swxn6._.js:15260:26)
    at loop (http://localhost:3000/_next/static/chunks/node_modules_%40react-three_fiber_dist_10swxn6._.js:15286:23)
[  700773ms] ReferenceError: PIN_LABEL is not defined
    at useLabelProjection.useFrame [as current] (http://localhost:3000/_next/static/chunks/src_1aak4l9._.js?id=%255Bproject%255D%252Fsrc%252Fchapters%252Fch5%252FShowOrHideScene.tsx+%255Bapp-client%255D+%2528ecmascript%2529:1497:36)
    at update (http://localhost:3000/_next/static/chunks/node_modules_%40react-three_fiber_dist_10swxn6._.js:15260:26)
    at loop (http://localhost:3000/_next/static/chunks/node_modules_%40react-three_fiber_dist_10swxn6._.js:15286:23)
[  700781ms] ReferenceError: PIN_LABEL is not defined
    at useLabelProjection.useFrame [as current] (http://localhost:3000/_next/static/chunks/src_1aak4l9._.js?id=%255Bproject%255D%252Fsrc%252Fchapters%252Fch5%252FShowOrHideScene.tsx+%255Bapp-client%255D+%2528ecmascript%2529:1497:36)
    at update (http://localhost:3000/_next/static/chunks/node_modules_%40react-three_fiber_dist_10swxn6._.js:15260:26)
    at loop (http://localhost:3000/_next/static/chunks/node_modules_%40react-three_fiber_dist_10swxn6._.js:15286:23)
[  700789ms] ReferenceError: PIN_LABEL is not defined
    at useLabelProjection.useFrame [as current] (http://localhost:3000/_next/static/chunks/src_1aak4l9._.js?id=%255Bproject%255D%252Fsrc%252Fchapters%252Fch5%252FShowOrHideScene.tsx+%255Bapp-client%255D+%2528ecmascript%2529:1497:36)
    at update (http://localhost:3000/_next/static/chunks/node_modules_%40react-three_fiber_dist_10swxn6._.js:15260:26)
    at loop (http://localhost:3000/_next/static/chunks/node_modules_%40react-three_fiber_dist_10swxn6._.js:15286:23)
[  700798ms] ReferenceError: PIN_LABEL is not defined
    at useLabelProjection.useFrame [as current] (http://localhost:3000/_next/static/chunks/src_1aak4l9._.js?id=%255Bproject%255D%252Fsrc%252Fchapters%252Fch5%252FShowOrHideScene.tsx+%255Bapp-client%255D+%2528ecmascript%2529:1497:36)
    at update (http://localhost:3000/_next/static/chunks/node_modules_%40react-three_fiber_dist_10swxn6._.js:15260:26)
    at loop (http://localhost:3000/_next/static/chunks/node_modules_%40react-three_fiber_dist_10swxn6._.js:15286:23)
[  700806ms] ReferenceError: PIN_LABEL is not defined
    at useLabelProjection.useFrame [as current] (http://localhost:3000/_next/static/chunks/src_1aak4l9._.js?id=%255Bproject%255D%252Fsrc%252Fchapters%252Fch5%252FShowOrHideScene.tsx+%255Bapp-client%255D+%2528ecmascript%2529:1497:36)
    at update (http://localhost:3000/_next/static/chunks/node_modules_%40react-three_fiber_dist_10swxn6._.js:15260:26)
    at loop (http://localhost:3000/_next/static/chunks/node_modules_%40react-three_fiber_dist_10swxn6._.js:15286:23)
[  700815ms] ReferenceError: PIN_LABEL is not defined
    at useLabelProjection.useFrame [as current] (http://localhost:3000/_next/static/chunks/src_1aak4l9._.js?id=%255Bproject%255D%252Fsrc%252Fchapters%252Fch5%252FShowOrHideScene.tsx+%255Bapp-client%255D+%2528ecmascript%2529:1497:36)
    at update (http://localhost:3000/_next/static/chunks/node_modules_%40react-three_fiber_dist_10swxn6._.js:15260:26)
    at loop (http://localhost:3000/_next/static/chunks/node_modules_%40react-three_fiber_dist_10swxn6._.js:15286:23)
[  700824ms] ReferenceError: PIN_LABEL is not defined
    at useLabelProjection.useFrame [as current] (http://localhost:3000/_next/static/chunks/src_1aak4l9._.js?id=%255Bproject%255D%252Fsrc%252Fchapters%252Fch5%252FShowOrHideScene.tsx+%255Bapp-client%255D+%2528ecmascript%2529:1497:36)
    at update (http://localhost:3000/_next/static/chunks/node_modules_%40react-three_fiber_dist_10swxn6._.js:15260:26)
    at loop (http://localhost:3000/_next/static/chunks/node_modules_%40react-three_fiber_dist_10swxn6._.js:15286:23)
[  700831ms] ReferenceError: PIN_LABEL is not defined
    at useLabelProjection.useFrame [as current] (http://localhost:3000/_next/static/chunks/src_1aak4l9._.js?id=%255Bproject%255D%252Fsrc%252Fchapters%252Fch5%252FShowOrHideScene.tsx+%255Bapp-client%255D+%2528ecmascript%2529:1497:36)
    at update (http://localhost:3000/_next/static/chunks/node_modules_%40react-three_fiber_dist_10swxn6._.js:15260:26)
    at loop (http://localhost:3000/_next/static/chunks/node_modules_%40react-three_fiber_dist_10swxn6._.js:15286:23)
[  700842ms] ReferenceError: PIN_LABEL is not defined
    at useLabelProjection.useFrame [as current] (http://localhost:3000/_next/static/chunks/src_1aak4l9._.js?id=%255Bproject%255D%252Fsrc%252Fchapters%252Fch5%252FShowOrHideScene.tsx+%255Bapp-client%255D+%2528ecmascript%2529:1497:36)
    at update (http://localhost:3000/_next/static/chunks/node_modules_%40react-three_fiber_dist_10swxn6._.js:15260:26)
    at loop (http://localhost:3000/_next/static/chunks/node_modules_%40react-three_fiber_dist_10swxn6._.js:15286:23)
[  700848ms] ReferenceError: PIN_LABEL is not defined
    at useLabelProjection.useFrame [as current] (http://localhost:3000/_next/static/chunks/src_1aak4l9._.js?id=%255Bproject%255D%252Fsrc%252Fchapters%252Fch5%252FShowOrHideScene.tsx+%255Bapp-client%255D+%2528ecmascript%2529:1497:36)
    at update (http://localhost:3000/_next/static/chunks/node_modules_%40react-three_fiber_dist_10swxn6._.js:15260:26)
    at loop (http://localhost:3000/_next/static/chunks/node_modules_%40react-three_fiber_dist_10swxn6._.js:15286:23)
[  700856ms] ReferenceError: PIN_LABEL is not defined
    at useLabelProjection.useFrame [as current] (http://localhost:3000/_next/static/chunks/src_1aak4l9._.js?id=%255Bproject%255D%252Fsrc%252Fchapters%252Fch5%252FShowOrHideScene.tsx+%255Bapp-client%255D+%2528ecmascript%2529:1497:36)
    at update (http://localhost:3000/_next/static/chunks/node_modules_%40react-three_fiber_dist_10swxn6._.js:15260:26)
    at loop (http://localhost:3000/_next/static/chunks/node_modules_%40react-three_fiber_dist_10swxn6._.js:15286:23)
[  700864ms] ReferenceError: PIN_LABEL is not defined
    at useLabelProjection.useFrame [as current] (http://localhost:3000/_next/static/chunks/src_1aak4l9._.js?id=%255Bproject%255D%252Fsrc%252Fchapters%252Fch5%252FShowOrHideScene.tsx+%255Bapp-client%255D+%2528ecmascript%2529:1497:36)
    at update (http://localhost:3000/_next/static/chunks/node_modules_%40react-three_fiber_dist_10swxn6._.js:15260:26)
    at loop (http://localhost:3000/_next/static/chunks/node_modules_%40react-three_fiber_dist_10swxn6._.js:15286:23)
[  700874ms] ReferenceError: PIN_LABEL is not defined
    at useLabelProjection.useFrame [as current] (http://localhost:3000/_next/static/chunks/src_1aak4l9._.js?id=%255Bproject%255D%252Fsrc%252Fchapters%252Fch5%252FShowOrHideScene.tsx+%255Bapp-client%255D+%2528ecmascript%2529:1497:36)
    at update (http://localhost:3000/_next/static/chunks/node_modules_%40react-three_fiber_dist_10swxn6._.js:15260:26)
    at loop (http://localhost:3000/_next/static/chunks/node_modules_%40react-three_fiber_dist_10swxn6._.js:15286:23)
[  700882ms] ReferenceError: PIN_LABEL is not defined
    at useLabelProjection.useFrame [as current] (http://localhost:3000/_next/static/chunks/src_1aak4l9._.js?id=%255Bproject%255D%252Fsrc%252Fchapters%252Fch5%252FShowOrHideScene.tsx+%255Bapp-client%255D+%2528ecmascript%2529:1497:36)
    at update (http://localhost:3000/_next/static/chunks/node_modules_%40react-three_fiber_dist_10swxn6._.js:15260:26)
    at loop (http://localhost:3000/_next/static/chunks/node_modules_%40react-three_fiber_dist_10swxn6._.js:15286:23)
[  700890ms] ReferenceError: PIN_LABEL is not defined
    at useLabelProjection.useFrame [as current] (http://localhost:3000/_next/static/chunks/src_1aak4l9._.js?id=%255Bproject%255D%252Fsrc%252Fchapters%252Fch5%252FShowOrHideScene.tsx+%255Bapp-client%255D+%2528ecmascript%2529:1497:36)
    at update (http://localhost:3000/_next/static/chunks/node_modules_%40react-three_fiber_dist_10swxn6._.js:15260:26)
    at loop (http://localhost:3000/_next/static/chunks/node_modules_%40react-three_fiber_dist_10swxn6._.js:15286:23)
[  700898ms] ReferenceError: PIN_LABEL is not defined
    at useLabelProjection.useFrame [as current] (http://localhost:3000/_next/static/chunks/src_1aak4l9._.js?id=%255Bproject%255D%252Fsrc%252Fchapters%252Fch5%252FShowOrHideScene.tsx+%255Bapp-client%255D+%2528ecmascript%2529:1497:36)
    at update (http://localhost:3000/_next/static/chunks/node_modules_%40react-three_fiber_dist_10swxn6._.js:15260:26)
    at loop (http://localhost:3000/_next/static/chunks/node_modules_%40react-three_fiber_dist_10swxn6._.js:15286:23)
[  700906ms] ReferenceError: PIN_LABEL is not defined
    at useLabelProjection.useFrame [as current] (http://localhost:3000/_next/static/chunks/src_1aak4l9._.js?id=%255Bproject%255D%252Fsrc%252Fchapters%252Fch5%252FShowOrHideScene.tsx+%255Bapp-client%255D+%2528ecmascript%2529:1497:36)
    at update (http://localhost:3000/_next/static/chunks/node_modules_%40react-three_fiber_dist_10swxn6._.js:15260:26)
    at loop (http://localhost:3000/_next/static/chunks/node_modules_%40react-three_fiber_dist_10swxn6._.js:15286:23)
[  700915ms] ReferenceError: PIN_LABEL is not defined
    at useLabelProjection.useFrame [as current] (http://localhost:3000/_next/static/chunks/src_1aak4l9._.js?id=%255Bproject%255D%252Fsrc%252Fchapters%252Fch5%252FShowOrHideScene.tsx+%255Bapp-client%255D+%2528ecmascript%2529:1497:36)
    at update (http://localhost:3000/_next/static/chunks/node_modules_%40react-three_fiber_dist_10swxn6._.js:15260:26)
    at loop (http://localhost:3000/_next/static/chunks/node_modules_%40react-three_fiber_dist_10swxn6._.js:15286:23)
[  700923ms] ReferenceError: PIN_LABEL is not defined
    at useLabelProjection.useFrame [as current] (http://localhost:3000/_next/static/chunks/src_1aak4l9._.js?id=%255Bproject%255D%252Fsrc%252Fchapters%252Fch5%252FShowOrHideScene.tsx+%255Bapp-client%255D+%2528ecmascript%2529:1497:36)
    at update (http://localhost:3000/_next/static/chunks/node_modules_%40react-three_fiber_dist_10swxn6._.js:15260:26)
    at loop (http://localhost:3000/_next/static/chunks/node_modules_%40react-three_fiber_dist_10swxn6._.js:15286:23)
[  700931ms] ReferenceError: PIN_LABEL is not defined
    at useLabelProjection.useFrame [as current] (http://localhost:3000/_next/static/chunks/src_1aak4l9._.js?id=%255Bproject%255D%252Fsrc%252Fchapters%252Fch5%252FShowOrHideScene.tsx+%255Bapp-client%255D+%2528ecmascript%2529:1497:36)
    at update (http://localhost:3000/_next/static/chunks/node_modules_%40react-three_fiber_dist_10swxn6._.js:15260:26)
    at loop (http://localhost:3000/_next/static/chunks/node_modules_%40react-three_fiber_dist_10swxn6._.js:15286:23)
[  700940ms] ReferenceError: PIN_LABEL is not defined
    at useLabelProjection.useFrame [as current] (http://localhost:3000/_next/static/chunks/src_1aak4l9._.js?id=%255Bproject%255D%252Fsrc%252Fchapters%252Fch5%252FShowOrHideScene.tsx+%255Bapp-client%255D+%2528ecmascript%2529:1497:36)
    at update (http://localhost:3000/_next/static/chunks/node_modules_%40react-three_fiber_dist_10swxn6._.js:15260:26)
    at loop (http://localhost:3000/_next/static/chunks/node_modules_%40react-three_fiber_dist_10swxn6._.js:15286:23)
[  700949ms] ReferenceError: PIN_LABEL is not defined
    at useLabelProjection.useFrame [as current] (http://localhost:3000/_next/static/chunks/src_1aak4l9._.js?id=%255Bproject%255D%252Fsrc%252Fchapters%252Fch5%252FShowOrHideScene.tsx+%255Bapp-client%255D+%2528ecmascript%2529:1497:36)
    at update (http://localhost:3000/_next/static/chunks/node_modules_%40react-three_fiber_dist_10swxn6._.js:15260:26)
    at loop (http://localhost:3000/_next/static/chunks/node_modules_%40react-three_fiber_dist_10swxn6._.js:15286:23)
[  700957ms] ReferenceError: PIN_LABEL is not defined
    at useLabelProjection.useFrame [as current] (http://localhost:3000/_next/static/chunks/src_1aak4l9._.js?id=%255Bproject%255D%252Fsrc%252Fchapters%252Fch5%252FShowOrHideScene.tsx+%255Bapp-client%255D+%2528ecmascript%2529:1497:36)
    at update (http://localhost:3000/_next/static/chunks/node_modules_%40react-three_fiber_dist_10swxn6._.js:15260:26)
    at loop (http://localhost:3000/_next/static/chunks/node_modules_%40react-three_fiber_dist_10swxn6._.js:15286:23)
[  700966ms] ReferenceError: PIN_LABEL is not defined
    at useLabelProjection.useFrame [as current] (http://localhost:3000/_next/static/chunks/src_1aak4l9._.js?id=%255Bproject%255D%252Fsrc%252Fchapters%252Fch5%252FShowOrHideScene.tsx+%255Bapp-client%255D+%2528ecmascript%2529:1497:36)
    at update (http://localhost:3000/_next/static/chunks/node_modules_%40react-three_fiber_dist_10swxn6._.js:15260:26)
    at loop (http://localhost:3000/_next/static/chunks/node_modules_%40react-three_fiber_dist_10swxn6._.js:15286:23)
[  700973ms] ReferenceError: PIN_LABEL is not defined
    at useLabelProjection.useFrame [as current] (http://localhost:3000/_next/static/chunks/src_1aak4l9._.js?id=%255Bproject%255D%252Fsrc%252Fchapters%252Fch5%252FShowOrHideScene.tsx+%255Bapp-client%255D+%2528ecmascript%2529:1497:36)
    at update (http://localhost:3000/_next/static/chunks/node_modules_%40react-three_fiber_dist_10swxn6._.js:15260:26)
    at loop (http://localhost:3000/_next/static/chunks/node_modules_%40react-three_fiber_dist_10swxn6._.js:15286:23)
[  700981ms] ReferenceError: PIN_LABEL is not defined
    at useLabelProjection.useFrame [as current] (http://localhost:3000/_next/static/chunks/src_1aak4l9._.js?id=%255Bproject%255D%252Fsrc%252Fchapters%252Fch5%252FShowOrHideScene.tsx+%255Bapp-client%255D+%2528ecmascript%2529:1497:36)
    at update (http://localhost:3000/_next/static/chunks/node_modules_%40react-three_fiber_dist_10swxn6._.js:15260:26)
    at loop (http://localhost:3000/_next/static/chunks/node_modules_%40react-three_fiber_dist_10swxn6._.js:15286:23)
[  700989ms] ReferenceError: PIN_LABEL is not defined
    at useLabelProjection.useFrame [as current] (http://localhost:3000/_next/static/chunks/src_1aak4l9._.js?id=%255Bproject%255D%252Fsrc%252Fchapters%252Fch5%252FShowOrHideScene.tsx+%255Bapp-client%255D+%2528ecmascript%2529:1497:36)
    at update (http://localhost:3000/_next/static/chunks/node_modules_%40react-three_fiber_dist_10swxn6._.js:15260:26)
    at loop (http://localhost:3000/_next/static/chunks/node_modules_%40react-three_fiber_dist_10swxn6._.js:15286:23)
[  700998ms] ReferenceError: PIN_LABEL is not defined
    at useLabelProjection.useFrame [as current] (http://localhost:3000/_next/static/chunks/src_1aak4l9._.js?id=%255Bproject%255D%252Fsrc%252Fchapters%252Fch5%252FShowOrHideScene.tsx+%255Bapp-client%255D+%2528ecmascript%2529:1497:36)
    at update (http://localhost:3000/_next/static/chunks/node_modules_%40react-three_fiber_dist_10swxn6._.js:15260:26)
    at loop (http://localhost:3000/_next/static/chunks/node_modules_%40react-three_fiber_dist_10swxn6._.js:15286:23)
[  701007ms] ReferenceError: PIN_LABEL is not defined
    at useLabelProjection.useFrame [as current] (http://localhost:3000/_next/static/chunks/src_1aak4l9._.js?id=%255Bproject%255D%252Fsrc%252Fchapters%252Fch5%252FShowOrHideScene.tsx+%255Bapp-client%255D+%2528ecmascript%2529:1497:36)
    at update (http://localhost:3000/_next/static/chunks/node_modules_%40react-three_fiber_dist_10swxn6._.js:15260:26)
    at loop (http://localhost:3000/_next/static/chunks/node_modules_%40react-three_fiber_dist_10swxn6._.js:15286:23)
[  701015ms] ReferenceError: PIN_LABEL is not defined
    at useLabelProjection.useFrame [as current] (http://localhost:3000/_next/static/chunks/src_1aak4l9._.js?id=%255Bproject%255D%252Fsrc%252Fchapters%252Fch5%252FShowOrHideScene.tsx+%255Bapp-client%255D+%2528ecmascript%2529:1497:36)
    at update (http://localhost:3000/_next/static/chunks/node_modules_%40react-three_fiber_dist_10swxn6._.js:15260:26)
    at loop (http://localhost:3000/_next/static/chunks/node_modules_%40react-three_fiber_dist_10swxn6._.js:15286:23)
[  701023ms] ReferenceError: PIN_LABEL is not defined
    at useLabelProjection.useFrame [as current] (http://localhost:3000/_next/static/chunks/src_1aak4l9._.js?id=%255Bproject%255D%252Fsrc%252Fchapters%252Fch5%252FShowOrHideScene.tsx+%255Bapp-client%255D+%2528ecmascript%2529:1497:36)
    at update (http://localhost:3000/_next/static/chunks/node_modules_%40react-three_fiber_dist_10swxn6._.js:15260:26)
    at loop (http://localhost:3000/_next/static/chunks/node_modules_%40react-three_fiber_dist_10swxn6._.js:15286:23)
[  701031ms] ReferenceError: PIN_LABEL is not defined
    at useLabelProjection.useFrame [as current] (http://localhost:3000/_next/static/chunks/src_1aak4l9._.js?id=%255Bproject%255D%252Fsrc%252Fchapters%252Fch5%252FShowOrHideScene.tsx+%255Bapp-client%255D+%2528ecmascript%2529:1497:36)
    at update (http://localhost:3000/_next/static/chunks/node_modules_%40react-three_fiber_dist_10swxn6._.js:15260:26)
    at loop (http://localhost:3000/_next/static/chunks/node_modules_%40react-three_fiber_dist_10swxn6._.js:15286:23)
[  701041ms] ReferenceError: PIN_LABEL is not defined
    at useLabelProjection.useFrame [as current] (http://localhost:3000/_next/static/chunks/src_1aak4l9._.js?id=%255Bproject%255D%252Fsrc%252Fchapters%252Fch5%252FShowOrHideScene.tsx+%255Bapp-client%255D+%2528ecmascript%2529:1497:36)
    at update (http://localhost:3000/_next/static/chunks/node_modules_%40react-three_fiber_dist_10swxn6._.js:15260:26)
    at loop (http://localhost:3000/_next/static/chunks/node_modules_%40react-three_fiber_dist_10swxn6._.js:15286:23)
[  701048ms] ReferenceError: PIN_LABEL is not defined
    at useLabelProjection.useFrame [as current] (http://localhost:3000/_next/static/chunks/src_1aak4l9._.js?id=%255Bproject%255D%252Fsrc%252Fchapters%252Fch5%252FShowOrHideScene.tsx+%255Bapp-client%255D+%2528ecmascript%2529:1497:36)
    at update (http://localhost:3000/_next/static/chunks/node_modules_%40react-three_fiber_dist_10swxn6._.js:15260:26)
    at loop (http://localhost:3000/_next/static/chunks/node_modules_%40react-three_fiber_dist_10swxn6._.js:15286:23)
[  701056ms] ReferenceError: PIN_LABEL is not defined
    at useLabelProjection.useFrame [as current] (http://localhost:3000/_next/static/chunks/src_1aak4l9._.js?id=%255Bproject%255D%252Fsrc%252Fchapters%252Fch5%252FShowOrHideScene.tsx+%255Bapp-client%255D+%2528ecmascript%2529:1497:36)
    at update (http://localhost:3000/_next/static/chunks/node_modules_%40react-three_fiber_dist_10swxn6._.js:15260:26)
    at loop (http://localhost:3000/_next/static/chunks/node_modules_%40react-three_fiber_dist_10swxn6._.js:15286:23)
[  701064ms] ReferenceError: PIN_LABEL is not defined
    at useLabelProjection.useFrame [as current] (http://localhost:3000/_next/static/chunks/src_1aak4l9._.js?id=%255Bproject%255D%252Fsrc%252Fchapters%252Fch5%252FShowOrHideScene.tsx+%255Bapp-client%255D+%2528ecmascript%2529:1497:36)
    at update (http://localhost:3000/_next/static/chunks/node_modules_%40react-three_fiber_dist_10swxn6._.js:15260:26)
    at loop (http://localhost:3000/_next/static/chunks/node_modules_%40react-three_fiber_dist_10swxn6._.js:15286:23)
[  701074ms] ReferenceError: PIN_LABEL is not defined
    at useLabelProjection.useFrame [as current] (http://localhost:3000/_next/static/chunks/src_1aak4l9._.js?id=%255Bproject%255D%252Fsrc%252Fchapters%252Fch5%252FShowOrHideScene.tsx+%255Bapp-client%255D+%2528ecmascript%2529:1497:36)
    at update (http://localhost:3000/_next/static/chunks/node_modules_%40react-three_fiber_dist_10swxn6._.js:15260:26)
    at loop (http://localhost:3000/_next/static/chunks/node_modules_%40react-three_fiber_dist_10swxn6._.js:15286:23)
[  701081ms] ReferenceError: PIN_LABEL is not defined
    at useLabelProjection.useFrame [as current] (http://localhost:3000/_next/static/chunks/src_1aak4l9._.js?id=%255Bproject%255D%252Fsrc%252Fchapters%252Fch5%252FShowOrHideScene.tsx+%255Bapp-client%255D+%2528ecmascript%2529:1497:36)
    at update (http://localhost:3000/_next/static/chunks/node_modules_%40react-three_fiber_dist_10swxn6._.js:15260:26)
    at loop (http://localhost:3000/_next/static/chunks/node_modules_%40react-three_fiber_dist_10swxn6._.js:15286:23)
[  701089ms] ReferenceError: PIN_LABEL is not defined
    at useLabelProjection.useFrame [as current] (http://localhost:3000/_next/static/chunks/src_1aak4l9._.js?id=%255Bproject%255D%252Fsrc%252Fchapters%252Fch5%252FShowOrHideScene.tsx+%255Bapp-client%255D+%2528ecmascript%2529:1497:36)
    at update (http://localhost:3000/_next/static/chunks/node_modules_%40react-three_fiber_dist_10swxn6._.js:15260:26)
    at loop (http://localhost:3000/_next/static/chunks/node_modules_%40react-three_fiber_dist_10swxn6._.js:15286:23)
[  701097ms] ReferenceError: PIN_LABEL is not defined
    at useLabelProjection.useFrame [as current] (http://localhost:3000/_next/static/chunks/src_1aak4l9._.js?id=%255Bproject%255D%252Fsrc%252Fchapters%252Fch5%252FShowOrHideScene.tsx+%255Bapp-client%255D+%2528ecmascript%2529:1497:36)
    at update (http://localhost:3000/_next/static/chunks/node_modules_%40react-three_fiber_dist_10swxn6._.js:15260:26)
    at loop (http://localhost:3000/_next/static/chunks/node_modules_%40react-three_fiber_dist_10swxn6._.js:15286:23)
[  701106ms] ReferenceError: PIN_LABEL is not defined
    at useLabelProjection.useFrame [as current] (http://localhost:3000/_next/static/chunks/src_1aak4l9._.js?id=%255Bproject%255D%252Fsrc%252Fchapters%252Fch5%252FShowOrHideScene.tsx+%255Bapp-client%255D+%2528ecmascript%2529:1497:36)
    at update (http://localhost:3000/_next/static/chunks/node_modules_%40react-three_fiber_dist_10swxn6._.js:15260:26)
    at loop (http://localhost:3000/_next/static/chunks/node_modules_%40react-three_fiber_dist_10swxn6._.js:15286:23)
[  701114ms] ReferenceError: PIN_LABEL is not defined
    at useLabelProjection.useFrame [as current] (http://localhost:3000/_next/static/chunks/src_1aak4l9._.js?id=%255Bproject%255D%252Fsrc%252Fchapters%252Fch5%252FShowOrHideScene.tsx+%255Bapp-client%255D+%2528ecmascript%2529:1497:36)
    at update (http://localhost:3000/_next/static/chunks/node_modules_%40react-three_fiber_dist_10swxn6._.js:15260:26)
    at loop (http://localhost:3000/_next/static/chunks/node_modules_%40react-three_fiber_dist_10swxn6._.js:15286:23)
[  701124ms] ReferenceError: PIN_LABEL is not defined
    at useLabelProjection.useFrame [as current] (http://localhost:3000/_next/static/chunks/src_1aak4l9._.js?id=%255Bproject%255D%252Fsrc%252Fchapters%252Fch5%252FShowOrHideScene.tsx+%255Bapp-client%255D+%2528ecmascript%2529:1497:36)
    at update (http://localhost:3000/_next/static/chunks/node_modules_%40react-three_fiber_dist_10swxn6._.js:15260:26)
    at loop (http://localhost:3000/_next/static/chunks/node_modules_%40react-three_fiber_dist_10swxn6._.js:15286:23)
[  701131ms] ReferenceError: PIN_LABEL is not defined
    at useLabelProjection.useFrame [as current] (http://localhost:3000/_next/static/chunks/src_1aak4l9._.js?id=%255Bproject%255D%252Fsrc%252Fchapters%252Fch5%252FShowOrHideScene.tsx+%255Bapp-client%255D+%2528ecmascript%2529:1497:36)
    at update (http://localhost:3000/_next/static/chunks/node_modules_%40react-three_fiber_dist_10swxn6._.js:15260:26)
    at loop (http://localhost:3000/_next/static/chunks/node_modules_%40react-three_fiber_dist_10swxn6._.js:15286:23)
[  701139ms] ReferenceError: PIN_LABEL is not defined
    at useLabelProjection.useFrame [as current] (http://localhost:3000/_next/static/chunks/src_1aak4l9._.js?id=%255Bproject%255D%252Fsrc%252Fchapters%252Fch5%252FShowOrHideScene.tsx+%255Bapp-client%255D+%2528ecmascript%2529:1497:36)
    at update (http://localhost:3000/_next/static/chunks/node_modules_%40react-three_fiber_dist_10swxn6._.js:15260:26)
    at loop (http://localhost:3000/_next/static/chunks/node_modules_%40react-three_fiber_dist_10swxn6._.js:15286:23)
[  701147ms] ReferenceError: PIN_LABEL is not defined
    at useLabelProjection.useFrame [as current] (http://localhost:3000/_next/static/chunks/src_1aak4l9._.js?id=%255Bproject%255D%252Fsrc%252Fchapters%252Fch5%252FShowOrHideScene.tsx+%255Bapp-client%255D+%2528ecmascript%2529:1497:36)
    at update (http://localhost:3000/_next/static/chunks/node_modules_%40react-three_fiber_dist_10swxn6._.js:15260:26)
    at loop (http://localhost:3000/_next/static/chunks/node_modules_%40react-three_fiber_dist_10swxn6._.js:15286:23)
[  701157ms] ReferenceError: PIN_LABEL is not defined
    at useLabelProjection.useFrame [as current] (http://localhost:3000/_next/static/chunks/src_1aak4l9._.js?id=%255Bproject%255D%252Fsrc%252Fchapters%252Fch5%252FShowOrHideScene.tsx+%255Bapp-client%255D+%2528ecmascript%2529:1497:36)
    at update (http://localhost:3000/_next/static/chunks/node_modules_%40react-three_fiber_dist_10swxn6._.js:15260:26)
    at loop (http://localhost:3000/_next/static/chunks/node_modules_%40react-three_fiber_dist_10swxn6._.js:15286:23)
[  701164ms] ReferenceError: PIN_LABEL is not defined
    at useLabelProjection.useFrame [as current] (http://localhost:3000/_next/static/chunks/src_1aak4l9._.js?id=%255Bproject%255D%252Fsrc%252Fchapters%252Fch5%252FShowOrHideScene.tsx+%255Bapp-client%255D+%2528ecmascript%2529:1497:36)
    at update (http://localhost:3000/_next/static/chunks/node_modules_%40react-three_fiber_dist_10swxn6._.js:15260:26)
    at loop (http://localhost:3000/_next/static/chunks/node_modules_%40react-three_fiber_dist_10swxn6._.js:15286:23)
[  701172ms] ReferenceError: PIN_LABEL is not defined
    at useLabelProjection.useFrame [as current] (http://localhost:3000/_next/static/chunks/src_1aak4l9._.js?id=%255Bproject%255D%252Fsrc%252Fchapters%252Fch5%252FShowOrHideScene.tsx+%255Bapp-client%255D+%2528ecmascript%2529:1497:36)
    at update (http://localhost:3000/_next/static/chunks/node_modules_%40react-three_fiber_dist_10swxn6._.js:15260:26)
    at loop (http://localhost:3000/_next/static/chunks/node_modules_%40react-three_fiber_dist_10swxn6._.js:15286:23)
[  701180ms] ReferenceError: PIN_LABEL is not defined
    at useLabelProjection.useFrame [as current] (http://localhost:3000/_next/static/chunks/src_1aak4l9._.js?id=%255Bproject%255D%252Fsrc%252Fchapters%252Fch5%252FShowOrHideScene.tsx+%255Bapp-client%255D+%2528ecmascript%2529:1497:36)
    at update (http://localhost:3000/_next/static/chunks/node_modules_%40react-three_fiber_dist_10swxn6._.js:15260:26)
    at loop (http://localhost:3000/_next/static/chunks/node_modules_%40react-three_fiber_dist_10swxn6._.js:15286:23)
[  701189ms] ReferenceError: PIN_LABEL is not defined
    at useLabelProjection.useFrame [as current] (http://localhost:3000/_next/static/chunks/src_1aak4l9._.js?id=%255Bproject%255D%252Fsrc%252Fchapters%252Fch5%252FShowOrHideScene.tsx+%255Bapp-client%255D+%2528ecmascript%2529:1497:36)
    at update (http://localhost:3000/_next/static/chunks/node_modules_%40react-three_fiber_dist_10swxn6._.js:15260:26)
    at loop (http://localhost:3000/_next/static/chunks/node_modules_%40react-three_fiber_dist_10swxn6._.js:15286:23)
[  701197ms] ReferenceError: PIN_LABEL is not defined
    at useLabelProjection.useFrame [as current] (http://localhost:3000/_next/static/chunks/src_1aak4l9._.js?id=%255Bproject%255D%252Fsrc%252Fchapters%252Fch5%252FShowOrHideScene.tsx+%255Bapp-client%255D+%2528ecmascript%2529:1497:36)
    at update (http://localhost:3000/_next/static/chunks/node_modules_%40react-three_fiber_dist_10swxn6._.js:15260:26)
    at loop (http://localhost:3000/_next/static/chunks/node_modules_%40react-three_fiber_dist_10swxn6._.js:15286:23)
[  701205ms] ReferenceError: PIN_LABEL is not defined
    at useLabelProjection.useFrame [as current] (http://localhost:3000/_next/static/chunks/src_1aak4l9._.js?id=%255Bproject%255D%252Fsrc%252Fchapters%252Fch5%252FShowOrHideScene.tsx+%255Bapp-client%255D+%2528ecmascript%2529:1497:36)
    at update (http://localhost:3000/_next/static/chunks/node_modules_%40react-three_fiber_dist_10swxn6._.js:15260:26)
    at loop (http://localhost:3000/_next/static/chunks/node_modules_%40react-three_fiber_dist_10swxn6._.js:15286:23)
[  701214ms] ReferenceError: PIN_LABEL is not defined
    at useLabelProjection.useFrame [as current] (http://localhost:3000/_next/static/chunks/src_1aak4l9._.js?id=%255Bproject%255D%252Fsrc%252Fchapters%252Fch5%252FShowOrHideScene.tsx+%255Bapp-client%255D+%2528ecmascript%2529:1497:36)
    at update (http://localhost:3000/_next/static/chunks/node_modules_%40react-three_fiber_dist_10swxn6._.js:15260:26)
    at loop (http://localhost:3000/_next/static/chunks/node_modules_%40react-three_fiber_dist_10swxn6._.js:15286:23)
[  701222ms] ReferenceError: PIN_LABEL is not defined
    at useLabelProjection.useFrame [as current] (http://localhost:3000/_next/static/chunks/src_1aak4l9._.js?id=%255Bproject%255D%252Fsrc%252Fchapters%252Fch5%252FShowOrHideScene.tsx+%255Bapp-client%255D+%2528ecmascript%2529:1497:36)
    at update (http://localhost:3000/_next/static/chunks/node_modules_%40react-three_fiber_dist_10swxn6._.js:15260:26)
    at loop (http://localhost:3000/_next/static/chunks/node_modules_%40react-three_fiber_dist_10swxn6._.js:15286:23)
[  701232ms] ReferenceError: PIN_LABEL is not defined
    at useLabelProjection.useFrame [as current] (http://localhost:3000/_next/static/chunks/src_1aak4l9._.js?id=%255Bproject%255D%252Fsrc%252Fchapters%252Fch5%252FShowOrHideScene.tsx+%255Bapp-client%255D+%2528ecmascript%2529:1497:36)
    at update (http://localhost:3000/_next/static/chunks/node_modules_%40react-three_fiber_dist_10swxn6._.js:15260:26)
    at loop (http://localhost:3000/_next/static/chunks/node_modules_%40react-three_fiber_dist_10swxn6._.js:15286:23)
[  701239ms] ReferenceError: PIN_LABEL is not defined
    at useLabelProjection.useFrame [as current] (http://localhost:3000/_next/static/chunks/src_1aak4l9._.js?id=%255Bproject%255D%252Fsrc%252Fchapters%252Fch5%252FShowOrHideScene.tsx+%255Bapp-client%255D+%2528ecmascript%2529:1497:36)
    at update (http://localhost:3000/_next/static/chunks/node_modules_%40react-three_fiber_dist_10swxn6._.js:15260:26)
    at loop (http://localhost:3000/_next/static/chunks/node_modules_%40react-three_fiber_dist_10swxn6._.js:15286:23)
[  701248ms] ReferenceError: PIN_LABEL is not defined
    at useLabelProjection.useFrame [as current] (http://localhost:3000/_next/static/chunks/src_1aak4l9._.js?id=%255Bproject%255D%252Fsrc%252Fchapters%252Fch5%252FShowOrHideScene.tsx+%255Bapp-client%255D+%2528ecmascript%2529:1497:36)
    at update (http://localhost:3000/_next/static/chunks/node_modules_%40react-three_fiber_dist_10swxn6._.js:15260:26)
    at loop (http://localhost:3000/_next/static/chunks/node_modules_%40react-three_fiber_dist_10swxn6._.js:15286:23)
[  701255ms] ReferenceError: PIN_LABEL is not defined
    at useLabelProjection.useFrame [as current] (http://localhost:3000/_next/static/chunks/src_1aak4l9._.js?id=%255Bproject%255D%252Fsrc%252Fchapters%252Fch5%252FShowOrHideScene.tsx+%255Bapp-client%255D+%2528ecmascript%2529:1497:36)
    at update (http://localhost:3000/_next/static/chunks/node_modules_%40react-three_fiber_dist_10swxn6._.js:15260:26)
    at loop (http://localhost:3000/_next/static/chunks/node_modules_%40react-three_fiber_dist_10swxn6._.js:15286:23)
[  701264ms] ReferenceError: PIN_LABEL is not defined
    at useLabelProjection.useFrame [as current] (http://localhost:3000/_next/static/chunks/src_1aak4l9._.js?id=%255Bproject%255D%252Fsrc%252Fchapters%252Fch5%252FShowOrHideScene.tsx+%255Bapp-client%255D+%2528ecmascript%2529:1497:36)
    at update (http://localhost:3000/_next/static/chunks/node_modules_%40react-three_fiber_dist_10swxn6._.js:15260:26)
    at loop (http://localhost:3000/_next/static/chunks/node_modules_%40react-three_fiber_dist_10swxn6._.js:15286:23)
[  701273ms] ReferenceError: PIN_LABEL is not defined
    at useLabelProjection.useFrame [as current] (http://localhost:3000/_next/static/chunks/src_1aak4l9._.js?id=%255Bproject%255D%252Fsrc%252Fchapters%252Fch5%252FShowOrHideScene.tsx+%255Bapp-client%255D+%2528ecmascript%2529:1497:36)
    at update (http://localhost:3000/_next/static/chunks/node_modules_%40react-three_fiber_dist_10swxn6._.js:15260:26)
    at loop (http://localhost:3000/_next/static/chunks/node_modules_%40react-three_fiber_dist_10swxn6._.js:15286:23)
[  701280ms] ReferenceError: PIN_LABEL is not defined
    at useLabelProjection.useFrame [as current] (http://localhost:3000/_next/static/chunks/src_1aak4l9._.js?id=%255Bproject%255D%252Fsrc%252Fchapters%252Fch5%252FShowOrHideScene.tsx+%255Bapp-client%255D+%2528ecmascript%2529:1497:36)
    at update (http://localhost:3000/_next/static/chunks/node_modules_%40react-three_fiber_dist_10swxn6._.js:15260:26)
    at loop (http://localhost:3000/_next/static/chunks/node_modules_%40react-three_fiber_dist_10swxn6._.js:15286:23)
[  701289ms] ReferenceError: PIN_LABEL is not defined
    at useLabelProjection.useFrame [as current] (http://localhost:3000/_next/static/chunks/src_1aak4l9._.js?id=%255Bproject%255D%252Fsrc%252Fchapters%252Fch5%252FShowOrHideScene.tsx+%255Bapp-client%255D+%2528ecmascript%2529:1497:36)
    at update (http://localhost:3000/_next/static/chunks/node_modules_%40react-three_fiber_dist_10swxn6._.js:15260:26)
    at loop (http://localhost:3000/_next/static/chunks/node_modules_%40react-three_fiber_dist_10swxn6._.js:15286:23)
[  701298ms] ReferenceError: PIN_LABEL is not defined
    at useLabelProjection.useFrame [as current] (http://localhost:3000/_next/static/chunks/src_1aak4l9._.js?id=%255Bproject%255D%252Fsrc%252Fchapters%252Fch5%252FShowOrHideScene.tsx+%255Bapp-client%255D+%2528ecmascript%2529:1497:36)
    at update (http://localhost:3000/_next/static/chunks/node_modules_%40react-three_fiber_dist_10swxn6._.js:15260:26)
    at loop (http://localhost:3000/_next/static/chunks/node_modules_%40react-three_fiber_dist_10swxn6._.js:15286:23)
[  701306ms] ReferenceError: PIN_LABEL is not defined
    at useLabelProjection.useFrame [as current] (http://localhost:3000/_next/static/chunks/src_1aak4l9._.js?id=%255Bproject%255D%252Fsrc%252Fchapters%252Fch5%252FShowOrHideScene.tsx+%255Bapp-client%255D+%2528ecmascript%2529:1497:36)
    at update (http://localhost:3000/_next/static/chunks/node_modules_%40react-three_fiber_dist_10swxn6._.js:15260:26)
    at loop (http://localhost:3000/_next/static/chunks/node_modules_%40react-three_fiber_dist_10swxn6._.js:15286:23)
[  701314ms] ReferenceError: PIN_LABEL is not defined
    at useLabelProjection.useFrame [as current] (http://localhost:3000/_next/static/chunks/src_1aak4l9._.js?id=%255Bproject%255D%252Fsrc%252Fchapters%252Fch5%252FShowOrHideScene.tsx+%255Bapp-client%255D+%2528ecmascript%2529:1497:36)
    at update (http://localhost:3000/_next/static/chunks/node_modules_%40react-three_fiber_dist_10swxn6._.js:15260:26)
    at loop (http://localhost:3000/_next/static/chunks/node_modules_%40react-three_fiber_dist_10swxn6._.js:15286:23)
[  701323ms] ReferenceError: PIN_LABEL is not defined
    at useLabelProjection.useFrame [as current] (http://localhost:3000/_next/static/chunks/src_1aak4l9._.js?id=%255Bproject%255D%252Fsrc%252Fchapters%252Fch5%252FShowOrHideScene.tsx+%255Bapp-client%255D+%2528ecmascript%2529:1497:36)
    at update (http://localhost:3000/_next/static/chunks/node_modules_%40react-three_fiber_dist_10swxn6._.js:15260:26)
    at loop (http://localhost:3000/_next/static/chunks/node_modules_%40react-three_fiber_dist_10swxn6._.js:15286:23)
[  701331ms] ReferenceError: PIN_LABEL is not defined
    at useLabelProjection.useFrame [as current] (http://localhost:3000/_next/static/chunks/src_1aak4l9._.js?id=%255Bproject%255D%252Fsrc%252Fchapters%252Fch5%252FShowOrHideScene.tsx+%255Bapp-client%255D+%2528ecmascript%2529:1497:36)
    at update (http://localhost:3000/_next/static/chunks/node_modules_%40react-three_fiber_dist_10swxn6._.js:15260:26)
    at loop (http://localhost:3000/_next/static/chunks/node_modules_%40react-three_fiber_dist_10swxn6._.js:15286:23)
[  701339ms] ReferenceError: PIN_LABEL is not defined
    at useLabelProjection.useFrame [as current] (http://localhost:3000/_next/static/chunks/src_1aak4l9._.js?id=%255Bproject%255D%252Fsrc%252Fchapters%252Fch5%252FShowOrHideScene.tsx+%255Bapp-client%255D+%2528ecmascript%2529:1497:36)
    at update (http://localhost:3000/_next/static/chunks/node_modules_%40react-three_fiber_dist_10swxn6._.js:15260:26)
    at loop (http://localhost:3000/_next/static/chunks/node_modules_%40react-three_fiber_dist_10swxn6._.js:15286:23)
[  701347ms] ReferenceError: PIN_LABEL is not defined
    at useLabelProjection.useFrame [as current] (http://localhost:3000/_next/static/chunks/src_1aak4l9._.js?id=%255Bproject%255D%252Fsrc%252Fchapters%252Fch5%252FShowOrHideScene.tsx+%255Bapp-client%255D+%2528ecmascript%2529:1497:36)
    at update (http://localhost:3000/_next/static/chunks/node_modules_%40react-three_fiber_dist_10swxn6._.js:15260:26)
    at loop (http://localhost:3000/_next/static/chunks/node_modules_%40react-three_fiber_dist_10swxn6._.js:15286:23)
[  701357ms] ReferenceError: PIN_LABEL is not defined
    at useLabelProjection.useFrame [as current] (http://localhost:3000/_next/static/chunks/src_1aak4l9._.js?id=%255Bproject%255D%252Fsrc%252Fchapters%252Fch5%252FShowOrHideScene.tsx+%255Bapp-client%255D+%2528ecmascript%2529:1497:36)
    at update (http://localhost:3000/_next/static/chunks/node_modules_%40react-three_fiber_dist_10swxn6._.js:15260:26)
    at loop (http://localhost:3000/_next/static/chunks/node_modules_%40react-three_fiber_dist_10swxn6._.js:15286:23)
[  701365ms] ReferenceError: PIN_LABEL is not defined
    at useLabelProjection.useFrame [as current] (http://localhost:3000/_next/static/chunks/src_1aak4l9._.js?id=%255Bproject%255D%252Fsrc%252Fchapters%252Fch5%252FShowOrHideScene.tsx+%255Bapp-client%255D+%2528ecmascript%2529:1497:36)
    at update (http://localhost:3000/_next/static/chunks/node_modules_%40react-three_fiber_dist_10swxn6._.js:15260:26)
    at loop (http://localhost:3000/_next/static/chunks/node_modules_%40react-three_fiber_dist_10swxn6._.js:15286:23)
[  701372ms] ReferenceError: PIN_LABEL is not defined
    at useLabelProjection.useFrame [as current] (http://localhost:3000/_next/static/chunks/src_1aak4l9._.js?id=%255Bproject%255D%252Fsrc%252Fchapters%252Fch5%252FShowOrHideScene.tsx+%255Bapp-client%255D+%2528ecmascript%2529:1497:36)
    at update (http://localhost:3000/_next/static/chunks/node_modules_%40react-three_fiber_dist_10swxn6._.js:15260:26)
    at loop (http://localhost:3000/_next/static/chunks/node_modules_%40react-three_fiber_dist_10swxn6._.js:15286:23)
[  701381ms] ReferenceError: PIN_LABEL is not defined
    at useLabelProjection.useFrame [as current] (http://localhost:3000/_next/static/chunks/src_1aak4l9._.js?id=%255Bproject%255D%252Fsrc%252Fchapters%252Fch5%252FShowOrHideScene.tsx+%255Bapp-client%255D+%2528ecmascript%2529:1497:36)
    at update (http://localhost:3000/_next/static/chunks/node_modules_%40react-three_fiber_dist_10swxn6._.js:15260:26)
    at loop (http://localhost:3000/_next/static/chunks/node_modules_%40react-three_fiber_dist_10swxn6._.js:15286:23)
[  701389ms] ReferenceError: PIN_LABEL is not defined
    at useLabelProjection.useFrame [as current] (http://localhost:3000/_next/static/chunks/src_1aak4l9._.js?id=%255Bproject%255D%252Fsrc%252Fchapters%252Fch5%252FShowOrHideScene.tsx+%255Bapp-client%255D+%2528ecmascript%2529:1497:36)
    at update (http://localhost:3000/_next/static/chunks/node_modules_%40react-three_fiber_dist_10swxn6._.js:15260:26)
    at loop (http://localhost:3000/_next/static/chunks/node_modules_%40react-three_fiber_dist_10swxn6._.js:15286:23)
[  701397ms] ReferenceError: PIN_LABEL is not defined
    at useLabelProjection.useFrame [as current] (http://localhost:3000/_next/static/chunks/src_1aak4l9._.js?id=%255Bproject%255D%252Fsrc%252Fchapters%252Fch5%252FShowOrHideScene.tsx+%255Bapp-client%255D+%2528ecmascript%2529:1497:36)
    at update (http://localhost:3000/_next/static/chunks/node_modules_%40react-three_fiber_dist_10swxn6._.js:15260:26)
    at loop (http://localhost:3000/_next/static/chunks/node_modules_%40react-three_fiber_dist_10swxn6._.js:15286:23)
[  701406ms] ReferenceError: PIN_LABEL is not defined
    at useLabelProjection.useFrame [as current] (http://localhost:3000/_next/static/chunks/src_1aak4l9._.js?id=%255Bproject%255D%252Fsrc%252Fchapters%252Fch5%252FShowOrHideScene.tsx+%255Bapp-client%255D+%2528ecmascript%2529:1497:36)
    at update (http://localhost:3000/_next/static/chunks/node_modules_%40react-three_fiber_dist_10swxn6._.js:15260:26)
    at loop (http://localhost:3000/_next/static/chunks/node_modules_%40react-three_fiber_dist_10swxn6._.js:15286:23)
[  701414ms] ReferenceError: PIN_LABEL is not defined
    at useLabelProjection.useFrame [as current] (http://localhost:3000/_next/static/chunks/src_1aak4l9._.js?id=%255Bproject%255D%252Fsrc%252Fchapters%252Fch5%252FShowOrHideScene.tsx+%255Bapp-client%255D+%2528ecmascript%2529:1497:36)
    at update (http://localhost:3000/_next/static/chunks/node_modules_%40react-three_fiber_dist_10swxn6._.js:15260:26)
    at loop (http://localhost:3000/_next/static/chunks/node_modules_%40react-three_fiber_dist_10swxn6._.js:15286:23)
[  701424ms] ReferenceError: PIN_LABEL is not defined
    at useLabelProjection.useFrame [as current] (http://localhost:3000/_next/static/chunks/src_1aak4l9._.js?id=%255Bproject%255D%252Fsrc%252Fchapters%252Fch5%252FShowOrHideScene.tsx+%255Bapp-client%255D+%2528ecmascript%2529:1497:36)
    at update (http://localhost:3000/_next/static/chunks/node_modules_%40react-three_fiber_dist_10swxn6._.js:15260:26)
    at loop (http://localhost:3000/_next/static/chunks/node_modules_%40react-three_fiber_dist_10swxn6._.js:15286:23)
[  701431ms] ReferenceError: PIN_LABEL is not defined
    at useLabelProjection.useFrame [as current] (http://localhost:3000/_next/static/chunks/src_1aak4l9._.js?id=%255Bproject%255D%252Fsrc%252Fchapters%252Fch5%252FShowOrHideScene.tsx+%255Bapp-client%255D+%2528ecmascript%2529:1497:36)
    at update (http://localhost:3000/_next/static/chunks/node_modules_%40react-three_fiber_dist_10swxn6._.js:15260:26)
    at loop (http://localhost:3000/_next/static/chunks/node_modules_%40react-three_fiber_dist_10swxn6._.js:15286:23)
[  701439ms] ReferenceError: PIN_LABEL is not defined
    at useLabelProjection.useFrame [as current] (http://localhost:3000/_next/static/chunks/src_1aak4l9._.js?id=%255Bproject%255D%252Fsrc%252Fchapters%252Fch5%252FShowOrHideScene.tsx+%255Bapp-client%255D+%2528ecmascript%2529:1497:36)
    at update (http://localhost:3000/_next/static/chunks/node_modules_%40react-three_fiber_dist_10swxn6._.js:15260:26)
    at loop (http://localhost:3000/_next/static/chunks/node_modules_%40react-three_fiber_dist_10swxn6._.js:15286:23)
[  701448ms] ReferenceError: PIN_LABEL is not defined
    at useLabelProjection.useFrame [as current] (http://localhost:3000/_next/static/chunks/src_1aak4l9._.js?id=%255Bproject%255D%252Fsrc%252Fchapters%252Fch5%252FShowOrHideScene.tsx+%255Bapp-client%255D+%2528ecmascript%2529:1497:36)
    at update (http://localhost:3000/_next/static/chunks/node_modules_%40react-three_fiber_dist_10swxn6._.js:15260:26)
    at loop (http://localhost:3000/_next/static/chunks/node_modules_%40react-three_fiber_dist_10swxn6._.js:15286:23)
[  701456ms] ReferenceError: PIN_LABEL is not defined
    at useLabelProjection.useFrame [as current] (http://localhost:3000/_next/static/chunks/src_1aak4l9._.js?id=%255Bproject%255D%252Fsrc%252Fchapters%252Fch5%252FShowOrHideScene.tsx+%255Bapp-client%255D+%2528ecmascript%2529:1497:36)
    at update (http://localhost:3000/_next/static/chunks/node_modules_%40react-three_fiber_dist_10swxn6._.js:15260:26)
    at loop (http://localhost:3000/_next/static/chunks/node_modules_%40react-three_fiber_dist_10swxn6._.js:15286:23)
[  701464ms] ReferenceError: PIN_LABEL is not defined
    at useLabelProjection.useFrame [as current] (http://localhost:3000/_next/static/chunks/src_1aak4l9._.js?id=%255Bproject%255D%252Fsrc%252Fchapters%252Fch5%252FShowOrHideScene.tsx+%255Bapp-client%255D+%2528ecmascript%2529:1497:36)
    at update (http://localhost:3000/_next/static/chunks/node_modules_%40react-three_fiber_dist_10swxn6._.js:15260:26)
    at loop (http://localhost:3000/_next/static/chunks/node_modules_%40react-three_fiber_dist_10swxn6._.js:15286:23)
[  701472ms] ReferenceError: PIN_LABEL is not defined
    at useLabelProjection.useFrame [as current] (http://localhost:3000/_next/static/chunks/src_1aak4l9._.js?id=%255Bproject%255D%252Fsrc%252Fchapters%252Fch5%252FShowOrHideScene.tsx+%255Bapp-client%255D+%2528ecmascript%2529:1497:36)
    at update (http://localhost:3000/_next/static/chunks/node_modules_%40react-three_fiber_dist_10swxn6._.js:15260:26)
    at loop (http://localhost:3000/_next/static/chunks/node_modules_%40react-three_fiber_dist_10swxn6._.js:15286:23)
[  701481ms] ReferenceError: PIN_LABEL is not defined
    at useLabelProjection.useFrame [as current] (http://localhost:3000/_next/static/chunks/src_1aak4l9._.js?id=%255Bproject%255D%252Fsrc%252Fchapters%252Fch5%252FShowOrHideScene.tsx+%255Bapp-client%255D+%2528ecmascript%2529:1497:36)
    at update (http://localhost:3000/_next/static/chunks/node_modules_%40react-three_fiber_dist_10swxn6._.js:15260:26)
    at loop (http://localhost:3000/_next/static/chunks/node_modules_%40react-three_fiber_dist_10swxn6._.js:15286:23)
[  701490ms] ReferenceError: PIN_LABEL is not defined
    at useLabelProjection.useFrame [as current] (http://localhost:3000/_next/static/chunks/src_1aak4l9._.js?id=%255Bproject%255D%252Fsrc%252Fchapters%252Fch5%252FShowOrHideScene.tsx+%255Bapp-client%255D+%2528ecmascript%2529:1497:36)
    at update (http://localhost:3000/_next/static/chunks/node_modules_%40react-three_fiber_dist_10swxn6._.js:15260:26)
    at loop (http://localhost:3000/_next/static/chunks/node_modules_%40react-three_fiber_dist_10swxn6._.js:15286:23)
[  701498ms] ReferenceError: PIN_LABEL is not defined
    at useLabelProjection.useFrame [as current] (http://localhost:3000/_next/static/chunks/src_1aak4l9._.js?id=%255Bproject%255D%252Fsrc%252Fchapters%252Fch5%252FShowOrHideScene.tsx+%255Bapp-client%255D+%2528ecmascript%2529:1497:36)
    at update (http://localhost:3000/_next/static/chunks/node_modules_%40react-three_fiber_dist_10swxn6._.js:15260:26)
    at loop (http://localhost:3000/_next/static/chunks/node_modules_%40react-three_fiber_dist_10swxn6._.js:15286:23)
[  701506ms] ReferenceError: PIN_LABEL is not defined
    at useLabelProjection.useFrame [as current] (http://localhost:3000/_next/static/chunks/src_1aak4l9._.js?id=%255Bproject%255D%252Fsrc%252Fchapters%252Fch5%252FShowOrHideScene.tsx+%255Bapp-client%255D+%2528ecmascript%2529:1497:36)
    at update (http://localhost:3000/_next/static/chunks/node_modules_%40react-three_fiber_dist_10swxn6._.js:15260:26)
    at loop (http://localhost:3000/_next/static/chunks/node_modules_%40react-three_fiber_dist_10swxn6._.js:15286:23)
[  701514ms] ReferenceError: PIN_LABEL is not defined
    at useLabelProjection.useFrame [as current] (http://localhost:3000/_next/static/chunks/src_1aak4l9._.js?id=%255Bproject%255D%252Fsrc%252Fchapters%252Fch5%252FShowOrHideScene.tsx+%255Bapp-client%255D+%2528ecmascript%2529:1497:36)
    at update (http://localhost:3000/_next/static/chunks/node_modules_%40react-three_fiber_dist_10swxn6._.js:15260:26)
    at loop (http://localhost:3000/_next/static/chunks/node_modules_%40react-three_fiber_dist_10swxn6._.js:15286:23)
[  701523ms] ReferenceError: PIN_LABEL is not defined
    at useLabelProjection.useFrame [as current] (http://localhost:3000/_next/static/chunks/src_1aak4l9._.js?id=%255Bproject%255D%252Fsrc%252Fchapters%252Fch5%252FShowOrHideScene.tsx+%255Bapp-client%255D+%2528ecmascript%2529:1497:36)
    at update (http://localhost:3000/_next/static/chunks/node_modules_%40react-three_fiber_dist_10swxn6._.js:15260:26)
    at loop (http://localhost:3000/_next/static/chunks/node_modules_%40react-three_fiber_dist_10swxn6._.js:15286:23)
[  701531ms] ReferenceError: PIN_LABEL is not defined
    at useLabelProjection.useFrame [as current] (http://localhost:3000/_next/static/chunks/src_1aak4l9._.js?id=%255Bproject%255D%252Fsrc%252Fchapters%252Fch5%252FShowOrHideScene.tsx+%255Bapp-client%255D+%2528ecmascript%2529:1497:36)
    at update (http://localhost:3000/_next/static/chunks/node_modules_%40react-three_fiber_dist_10swxn6._.js:15260:26)
    at loop (http://localhost:3000/_next/static/chunks/node_modules_%40react-three_fiber_dist_10swxn6._.js:15286:23)
[  701540ms] ReferenceError: PIN_LABEL is not defined
    at useLabelProjection.useFrame [as current] (http://localhost:3000/_next/static/chunks/src_1aak4l9._.js?id=%255Bproject%255D%252Fsrc%252Fchapters%252Fch5%252FShowOrHideScene.tsx+%255Bapp-client%255D+%2528ecmascript%2529:1497:36)
    at update (http://localhost:3000/_next/static/chunks/node_modules_%40react-three_fiber_dist_10swxn6._.js:15260:26)
    at loop (http://localhost:3000/_next/static/chunks/node_modules_%40react-three_fiber_dist_10swxn6._.js:15286:23)
[  701548ms] ReferenceError: PIN_LABEL is not defined
    at useLabelProjection.useFrame [as current] (http://localhost:3000/_next/static/chunks/src_1aak4l9._.js?id=%255Bproject%255D%252Fsrc%252Fchapters%252Fch5%252FShowOrHideScene.tsx+%255Bapp-client%255D+%2528ecmascript%2529:1497:36)
    at update (http://localhost:3000/_next/static/chunks/node_modules_%40react-three_fiber_dist_10swxn6._.js:15260:26)
    at loop (http://localhost:3000/_next/static/chunks/node_modules_%40react-three_fiber_dist_10swxn6._.js:15286:23)
[  701556ms] ReferenceError: PIN_LABEL is not defined
    at useLabelProjection.useFrame [as current] (http://localhost:3000/_next/static/chunks/src_1aak4l9._.js?id=%255Bproject%255D%252Fsrc%252Fchapters%252Fch5%252FShowOrHideScene.tsx+%255Bapp-client%255D+%2528ecmascript%2529:1497:36)
    at update (http://localhost:3000/_next/static/chunks/node_modules_%40react-three_fiber_dist_10swxn6._.js:15260:26)
    at loop (http://localhost:3000/_next/static/chunks/node_modules_%40react-three_fiber_dist_10swxn6._.js:15286:23)
[  701564ms] ReferenceError: PIN_LABEL is not defined
    at useLabelProjection.useFrame [as current] (http://localhost:3000/_next/static/chunks/src_1aak4l9._.js?id=%255Bproject%255D%252Fsrc%252Fchapters%252Fch5%252FShowOrHideScene.tsx+%255Bapp-client%255D+%2528ecmascript%2529:1497:36)
    at update (http://localhost:3000/_next/static/chunks/node_modules_%40react-three_fiber_dist_10swxn6._.js:15260:26)
    at loop (http://localhost:3000/_next/static/chunks/node_modules_%40react-three_fiber_dist_10swxn6._.js:15286:23)
[  701573ms] ReferenceError: PIN_LABEL is not defined
    at useLabelProjection.useFrame [as current] (http://localhost:3000/_next/static/chunks/src_1aak4l9._.js?id=%255Bproject%255D%252Fsrc%252Fchapters%252Fch5%252FShowOrHideScene.tsx+%255Bapp-client%255D+%2528ecmascript%2529:1497:36)
    at update (http://localhost:3000/_next/static/chunks/node_modules_%40react-three_fiber_dist_10swxn6._.js:15260:26)
    at loop (http://localhost:3000/_next/static/chunks/node_modules_%40react-three_fiber_dist_10swxn6._.js:15286:23)
[  701581ms] ReferenceError: PIN_LABEL is not defined
    at useLabelProjection.useFrame [as current] (http://localhost:3000/_next/static/chunks/src_1aak4l9._.js?id=%255Bproject%255D%252Fsrc%252Fchapters%252Fch5%252FShowOrHideScene.tsx+%255Bapp-client%255D+%2528ecmascript%2529:1497:36)
    at update (http://localhost:3000/_next/static/chunks/node_modules_%40react-three_fiber_dist_10swxn6._.js:15260:26)
    at loop (http://localhost:3000/_next/static/chunks/node_modules_%40react-three_fiber_dist_10swxn6._.js:15286:23)
[  701590ms] ReferenceError: PIN_LABEL is not defined
    at useLabelProjection.useFrame [as current] (http://localhost:3000/_next/static/chunks/src_1aak4l9._.js?id=%255Bproject%255D%252Fsrc%252Fchapters%252Fch5%252FShowOrHideScene.tsx+%255Bapp-client%255D+%2528ecmascript%2529:1497:36)
    at update (http://localhost:3000/_next/static/chunks/node_modules_%40react-three_fiber_dist_10swxn6._.js:15260:26)
    at loop (http://localhost:3000/_next/static/chunks/node_modules_%40react-three_fiber_dist_10swxn6._.js:15286:23)
[  701598ms] ReferenceError: PIN_LABEL is not defined
    at useLabelProjection.useFrame [as current] (http://localhost:3000/_next/static/chunks/src_1aak4l9._.js?id=%255Bproject%255D%252Fsrc%252Fchapters%252Fch5%252FShowOrHideScene.tsx+%255Bapp-client%255D+%2528ecmascript%2529:1497:36)
    at update (http://localhost:3000/_next/static/chunks/node_modules_%40react-three_fiber_dist_10swxn6._.js:15260:26)
    at loop (http://localhost:3000/_next/static/chunks/node_modules_%40react-three_fiber_dist_10swxn6._.js:15286:23)
[  701606ms] ReferenceError: PIN_LABEL is not defined
    at useLabelProjection.useFrame [as current] (http://localhost:3000/_next/static/chunks/src_1aak4l9._.js?id=%255Bproject%255D%252Fsrc%252Fchapters%252Fch5%252FShowOrHideScene.tsx+%255Bapp-client%255D+%2528ecmascript%2529:1497:36)
    at update (http://localhost:3000/_next/static/chunks/node_modules_%40react-three_fiber_dist_10swxn6._.js:15260:26)
    at loop (http://localhost:3000/_next/static/chunks/node_modules_%40react-three_fiber_dist_10swxn6._.js:15286:23)
[  701615ms] ReferenceError: PIN_LABEL is not defined
    at useLabelProjection.useFrame [as current] (http://localhost:3000/_next/static/chunks/src_1aak4l9._.js?id=%255Bproject%255D%252Fsrc%252Fchapters%252Fch5%252FShowOrHideScene.tsx+%255Bapp-client%255D+%2528ecmascript%2529:1497:36)
    at update (http://localhost:3000/_next/static/chunks/node_modules_%40react-three_fiber_dist_10swxn6._.js:15260:26)
    at loop (http://localhost:3000/_next/static/chunks/node_modules_%40react-three_fiber_dist_10swxn6._.js:15286:23)
[  701623ms] ReferenceError: PIN_LABEL is not defined
    at useLabelProjection.useFrame [as current] (http://localhost:3000/_next/static/chunks/src_1aak4l9._.js?id=%255Bproject%255D%252Fsrc%252Fchapters%252Fch5%252FShowOrHideScene.tsx+%255Bapp-client%255D+%2528ecmascript%2529:1497:36)
    at update (http://localhost:3000/_next/static/chunks/node_modules_%40react-three_fiber_dist_10swxn6._.js:15260:26)
    at loop (http://localhost:3000/_next/static/chunks/node_modules_%40react-three_fiber_dist_10swxn6._.js:15286:23)
[  701631ms] ReferenceError: PIN_LABEL is not defined
    at useLabelProjection.useFrame [as current] (http://localhost:3000/_next/static/chunks/src_1aak4l9._.js?id=%255Bproject%255D%252Fsrc%252Fchapters%252Fch5%252FShowOrHideScene.tsx+%255Bapp-client%255D+%2528ecmascript%2529:1497:36)
    at update (http://localhost:3000/_next/static/chunks/node_modules_%40react-three_fiber_dist_10swxn6._.js:15260:26)
    at loop (http://localhost:3000/_next/static/chunks/node_modules_%40react-three_fiber_dist_10swxn6._.js:15286:23)
[  701639ms] ReferenceError: PIN_LABEL is not defined
    at useLabelProjection.useFrame [as current] (http://localhost:3000/_next/static/chunks/src_1aak4l9._.js?id=%255Bproject%255D%252Fsrc%252Fchapters%252Fch5%252FShowOrHideScene.tsx+%255Bapp-client%255D+%2528ecmascript%2529:1497:36)
    at update (http://localhost:3000/_next/static/chunks/node_modules_%40react-three_fiber_dist_10swxn6._.js:15260:26)
    at loop (http://localhost:3000/_next/static/chunks/node_modules_%40react-three_fiber_dist_10swxn6._.js:15286:23)
[  701649ms] ReferenceError: PIN_LABEL is not defined
    at useLabelProjection.useFrame [as current] (http://localhost:3000/_next/static/chunks/src_1aak4l9._.js?id=%255Bproject%255D%252Fsrc%252Fchapters%252Fch5%252FShowOrHideScene.tsx+%255Bapp-client%255D+%2528ecmascript%2529:1497:36)
    at update (http://localhost:3000/_next/static/chunks/node_modules_%40react-three_fiber_dist_10swxn6._.js:15260:26)
    at loop (http://localhost:3000/_next/static/chunks/node_modules_%40react-three_fiber_dist_10swxn6._.js:15286:23)
[  701656ms] ReferenceError: PIN_LABEL is not defined
    at useLabelProjection.useFrame [as current] (http://localhost:3000/_next/static/chunks/src_1aak4l9._.js?id=%255Bproject%255D%252Fsrc%252Fchapters%252Fch5%252FShowOrHideScene.tsx+%255Bapp-client%255D+%2528ecmascript%2529:1497:36)
    at update (http://localhost:3000/_next/static/chunks/node_modules_%40react-three_fiber_dist_10swxn6._.js:15260:26)
    at loop (http://localhost:3000/_next/static/chunks/node_modules_%40react-three_fiber_dist_10swxn6._.js:15286:23)
[  701665ms] ReferenceError: PIN_LABEL is not defined
    at useLabelProjection.useFrame [as current] (http://localhost:3000/_next/static/chunks/src_1aak4l9._.js?id=%255Bproject%255D%252Fsrc%252Fchapters%252Fch5%252FShowOrHideScene.tsx+%255Bapp-client%255D+%2528ecmascript%2529:1497:36)
    at update (http://localhost:3000/_next/static/chunks/node_modules_%40react-three_fiber_dist_10swxn6._.js:15260:26)
    at loop (http://localhost:3000/_next/static/chunks/node_modules_%40react-three_fiber_dist_10swxn6._.js:15286:23)
[  701673ms] ReferenceError: PIN_LABEL is not defined
    at useLabelProjection.useFrame [as current] (http://localhost:3000/_next/static/chunks/src_1aak4l9._.js?id=%255Bproject%255D%252Fsrc%252Fchapters%252Fch5%252FShowOrHideScene.tsx+%255Bapp-client%255D+%2528ecmascript%2529:1497:36)
    at update (http://localhost:3000/_next/static/chunks/node_modules_%40react-three_fiber_dist_10swxn6._.js:15260:26)
    at loop (http://localhost:3000/_next/static/chunks/node_modules_%40react-three_fiber_dist_10swxn6._.js:15286:23)
[  701681ms] ReferenceError: PIN_LABEL is not defined
    at useLabelProjection.useFrame [as current] (http://localhost:3000/_next/static/chunks/src_1aak4l9._.js?id=%255Bproject%255D%252Fsrc%252Fchapters%252Fch5%252FShowOrHideScene.tsx+%255Bapp-client%255D+%2528ecmascript%2529:1497:36)
    at update (http://localhost:3000/_next/static/chunks/node_modules_%40react-three_fiber_dist_10swxn6._.js:15260:26)
    at loop (http://localhost:3000/_next/static/chunks/node_modules_%40react-three_fiber_dist_10swxn6._.js:15286:23)
[  701690ms] ReferenceError: PIN_LABEL is not defined
    at useLabelProjection.useFrame [as current] (http://localhost:3000/_next/static/chunks/src_1aak4l9._.js?id=%255Bproject%255D%252Fsrc%252Fchapters%252Fch5%252FShowOrHideScene.tsx+%255Bapp-client%255D+%2528ecmascript%2529:1497:36)
    at update (http://localhost:3000/_next/static/chunks/node_modules_%40react-three_fiber_dist_10swxn6._.js:15260:26)
    at loop (http://localhost:3000/_next/static/chunks/node_modules_%40react-three_fiber_dist_10swxn6._.js:15286:23)
[  701698ms] ReferenceError: PIN_LABEL is not defined
    at useLabelProjection.useFrame [as current] (http://localhost:3000/_next/static/chunks/src_1aak4l9._.js?id=%255Bproject%255D%252Fsrc%252Fchapters%252Fch5%252FShowOrHideScene.tsx+%255Bapp-client%255D+%2528ecmascript%2529:1497:36)
    at update (http://localhost:3000/_next/static/chunks/node_modules_%40react-three_fiber_dist_10swxn6._.js:15260:26)
    at loop (http://localhost:3000/_next/static/chunks/node_modules_%40react-three_fiber_dist_10swxn6._.js:15286:23)
[  701706ms] ReferenceError: PIN_LABEL is not defined
    at useLabelProjection.useFrame [as current] (http://localhost:3000/_next/static/chunks/src_1aak4l9._.js?id=%255Bproject%255D%252Fsrc%252Fchapters%252Fch5%252FShowOrHideScene.tsx+%255Bapp-client%255D+%2528ecmascript%2529:1497:36)
    at update (http://localhost:3000/_next/static/chunks/node_modules_%40react-three_fiber_dist_10swxn6._.js:15260:26)
    at loop (http://localhost:3000/_next/static/chunks/node_modules_%40react-three_fiber_dist_10swxn6._.js:15286:23)
[  701714ms] ReferenceError: PIN_LABEL is not defined
    at useLabelProjection.useFrame [as current] (http://localhost:3000/_next/static/chunks/src_1aak4l9._.js?id=%255Bproject%255D%252Fsrc%252Fchapters%252Fch5%252FShowOrHideScene.tsx+%255Bapp-client%255D+%2528ecmascript%2529:1497:36)
    at update (http://localhost:3000/_next/static/chunks/node_modules_%40react-three_fiber_dist_10swxn6._.js:15260:26)
    at loop (http://localhost:3000/_next/static/chunks/node_modules_%40react-three_fiber_dist_10swxn6._.js:15286:23)
[  701723ms] ReferenceError: PIN_LABEL is not defined
    at useLabelProjection.useFrame [as current] (http://localhost:3000/_next/static/chunks/src_1aak4l9._.js?id=%255Bproject%255D%252Fsrc%252Fchapters%252Fch5%252FShowOrHideScene.tsx+%255Bapp-client%255D+%2528ecmascript%2529:1497:36)
    at update (http://localhost:3000/_next/static/chunks/node_modules_%40react-three_fiber_dist_10swxn6._.js:15260:26)
    at loop (http://localhost:3000/_next/static/chunks/node_modules_%40react-three_fiber_dist_10swxn6._.js:15286:23)
[  701731ms] ReferenceError: PIN_LABEL is not defined
    at useLabelProjection.useFrame [as current] (http://localhost:3000/_next/static/chunks/src_1aak4l9._.js?id=%255Bproject%255D%252Fsrc%252Fchapters%252Fch5%252FShowOrHideScene.tsx+%255Bapp-client%255D+%2528ecmascript%2529:1497:36)
    at update (http://localhost:3000/_next/static/chunks/node_modules_%40react-three_fiber_dist_10swxn6._.js:15260:26)
    at loop (http://localhost:3000/_next/static/chunks/node_modules_%40react-three_fiber_dist_10swxn6._.js:15286:23)
[  701739ms] ReferenceError: PIN_LABEL is not defined
    at useLabelProjection.useFrame [as current] (http://localhost:3000/_next/static/chunks/src_1aak4l9._.js?id=%255Bproject%255D%252Fsrc%252Fchapters%252Fch5%252FShowOrHideScene.tsx+%255Bapp-client%255D+%2528ecmascript%2529:1497:36)
    at update (http://localhost:3000/_next/static/chunks/node_modules_%40react-three_fiber_dist_10swxn6._.js:15260:26)
    at loop (http://localhost:3000/_next/static/chunks/node_modules_%40react-three_fiber_dist_10swxn6._.js:15286:23)
[  701748ms] ReferenceError: PIN_LABEL is not defined
    at useLabelProjection.useFrame [as current] (http://localhost:3000/_next/static/chunks/src_1aak4l9._.js?id=%255Bproject%255D%252Fsrc%252Fchapters%252Fch5%252FShowOrHideScene.tsx+%255Bapp-client%255D+%2528ecmascript%2529:1497:36)
    at update (http://localhost:3000/_next/static/chunks/node_modules_%40react-three_fiber_dist_10swxn6._.js:15260:26)
    at loop (http://localhost:3000/_next/static/chunks/node_modules_%40react-three_fiber_dist_10swxn6._.js:15286:23)
[  701756ms] ReferenceError: PIN_LABEL is not defined
    at useLabelProjection.useFrame [as current] (http://localhost:3000/_next/static/chunks/src_1aak4l9._.js?id=%255Bproject%255D%252Fsrc%252Fchapters%252Fch5%252FShowOrHideScene.tsx+%255Bapp-client%255D+%2528ecmascript%2529:1497:36)
    at update (http://localhost:3000/_next/static/chunks/node_modules_%40react-three_fiber_dist_10swxn6._.js:15260:26)
    at loop (http://localhost:3000/_next/static/chunks/node_modules_%40react-three_fiber_dist_10swxn6._.js:15286:23)
[  701764ms] ReferenceError: PIN_LABEL is not defined
    at useLabelProjection.useFrame [as current] (http://localhost:3000/_next/static/chunks/src_1aak4l9._.js?id=%255Bproject%255D%252Fsrc%252Fchapters%252Fch5%252FShowOrHideScene.tsx+%255Bapp-client%255D+%2528ecmascript%2529:1497:36)
    at update (http://localhost:3000/_next/static/chunks/node_modules_%40react-three_fiber_dist_10swxn6._.js:15260:26)
    at loop (http://localhost:3000/_next/static/chunks/node_modules_%40react-three_fiber_dist_10swxn6._.js:15286:23)
[  701773ms] ReferenceError: PIN_LABEL is not defined
    at useLabelProjection.useFrame [as current] (http://localhost:3000/_next/static/chunks/src_1aak4l9._.js?id=%255Bproject%255D%252Fsrc%252Fchapters%252Fch5%252FShowOrHideScene.tsx+%255Bapp-client%255D+%2528ecmascript%2529:1497:36)
    at update (http://localhost:3000/_next/static/chunks/node_modules_%40react-three_fiber_dist_10swxn6._.js:15260:26)
    at loop (http://localhost:3000/_next/static/chunks/node_modules_%40react-three_fiber_dist_10swxn6._.js:15286:23)
[  701782ms] ReferenceError: PIN_LABEL is not defined
    at useLabelProjection.useFrame [as current] (http://localhost:3000/_next/static/chunks/src_1aak4l9._.js?id=%255Bproject%255D%252Fsrc%252Fchapters%252Fch5%252FShowOrHideScene.tsx+%255Bapp-client%255D+%2528ecmascript%2529:1497:36)
    at update (http://localhost:3000/_next/static/chunks/node_modules_%40react-three_fiber_dist_10swxn6._.js:15260:26)
    at loop (http://localhost:3000/_next/static/chunks/node_modules_%40react-three_fiber_dist_10swxn6._.js:15286:23)
[  701789ms] ReferenceError: PIN_LABEL is not defined
    at useLabelProjection.useFrame [as current] (http://localhost:3000/_next/static/chunks/src_1aak4l9._.js?id=%255Bproject%255D%252Fsrc%252Fchapters%252Fch5%252FShowOrHideScene.tsx+%255Bapp-client%255D+%2528ecmascript%2529:1497:36)
    at update (http://localhost:3000/_next/static/chunks/node_modules_%40react-three_fiber_dist_10swxn6._.js:15260:26)
    at loop (http://localhost:3000/_next/static/chunks/node_modules_%40react-three_fiber_dist_10swxn6._.js:15286:23)
[  701798ms] ReferenceError: PIN_LABEL is not defined
    at useLabelProjection.useFrame [as current] (http://localhost:3000/_next/static/chunks/src_1aak4l9._.js?id=%255Bproject%255D%252Fsrc%252Fchapters%252Fch5%252FShowOrHideScene.tsx+%255Bapp-client%255D+%2528ecmascript%2529:1497:36)
    at update (http://localhost:3000/_next/static/chunks/node_modules_%40react-three_fiber_dist_10swxn6._.js:15260:26)
    at loop (http://localhost:3000/_next/static/chunks/node_modules_%40react-three_fiber_dist_10swxn6._.js:15286:23)
[  701807ms] ReferenceError: PIN_LABEL is not defined
    at useLabelProjection.useFrame [as current] (http://localhost:3000/_next/static/chunks/src_1aak4l9._.js?id=%255Bproject%255D%252Fsrc%252Fchapters%252Fch5%252FShowOrHideScene.tsx+%255Bapp-client%255D+%2528ecmascript%2529:1497:36)
    at update (http://localhost:3000/_next/static/chunks/node_modules_%40react-three_fiber_dist_10swxn6._.js:15260:26)
    at loop (http://localhost:3000/_next/static/chunks/node_modules_%40react-three_fiber_dist_10swxn6._.js:15286:23)
[  701814ms] ReferenceError: PIN_LABEL is not defined
    at useLabelProjection.useFrame [as current] (http://localhost:3000/_next/static/chunks/src_1aak4l9._.js?id=%255Bproject%255D%252Fsrc%252Fchapters%252Fch5%252FShowOrHideScene.tsx+%255Bapp-client%255D+%2528ecmascript%2529:1497:36)
    at update (http://localhost:3000/_next/static/chunks/node_modules_%40react-three_fiber_dist_10swxn6._.js:15260:26)
    at loop (http://localhost:3000/_next/static/chunks/node_modules_%40react-three_fiber_dist_10swxn6._.js:15286:23)
[  701823ms] ReferenceError: PIN_LABEL is not defined
    at useLabelProjection.useFrame [as current] (http://localhost:3000/_next/static/chunks/src_1aak4l9._.js?id=%255Bproject%255D%252Fsrc%252Fchapters%252Fch5%252FShowOrHideScene.tsx+%255Bapp-client%255D+%2528ecmascript%2529:1497:36)
    at update (http://localhost:3000/_next/static/chunks/node_modules_%40react-three_fiber_dist_10swxn6._.js:15260:26)
    at loop (http://localhost:3000/_next/static/chunks/node_modules_%40react-three_fiber_dist_10swxn6._.js:15286:23)
[  701831ms] ReferenceError: PIN_LABEL is not defined
    at useLabelProjection.useFrame [as current] (http://localhost:3000/_next/static/chunks/src_1aak4l9._.js?id=%255Bproject%255D%252Fsrc%252Fchapters%252Fch5%252FShowOrHideScene.tsx+%255Bapp-client%255D+%2528ecmascript%2529:1497:36)
    at update (http://localhost:3000/_next/static/chunks/node_modules_%40react-three_fiber_dist_10swxn6._.js:15260:26)
    at loop (http://localhost:3000/_next/static/chunks/node_modules_%40react-three_fiber_dist_10swxn6._.js:15286:23)
[  701839ms] ReferenceError: PIN_LABEL is not defined
    at useLabelProjection.useFrame [as current] (http://localhost:3000/_next/static/chunks/src_1aak4l9._.js?id=%255Bproject%255D%252Fsrc%252Fchapters%252Fch5%252FShowOrHideScene.tsx+%255Bapp-client%255D+%2528ecmascript%2529:1497:36)
    at update (http://localhost:3000/_next/static/chunks/node_modules_%40react-three_fiber_dist_10swxn6._.js:15260:26)
    at loop (http://localhost:3000/_next/static/chunks/node_modules_%40react-three_fiber_dist_10swxn6._.js:15286:23)
[  701847ms] ReferenceError: PIN_LABEL is not defined
    at useLabelProjection.useFrame [as current] (http://localhost:3000/_next/static/chunks/src_1aak4l9._.js?id=%255Bproject%255D%252Fsrc%252Fchapters%252Fch5%252FShowOrHideScene.tsx+%255Bapp-client%255D+%2528ecmascript%2529:1497:36)
    at update (http://localhost:3000/_next/static/chunks/node_modules_%40react-three_fiber_dist_10swxn6._.js:15260:26)
    at loop (http://localhost:3000/_next/static/chunks/node_modules_%40react-three_fiber_dist_10swxn6._.js:15286:23)
[  701856ms] ReferenceError: PIN_LABEL is not defined
    at useLabelProjection.useFrame [as current] (http://localhost:3000/_next/static/chunks/src_1aak4l9._.js?id=%255Bproject%255D%252Fsrc%252Fchapters%252Fch5%252FShowOrHideScene.tsx+%255Bapp-client%255D+%2528ecmascript%2529:1497:36)
    at update (http://localhost:3000/_next/static/chunks/node_modules_%40react-three_fiber_dist_10swxn6._.js:15260:26)
    at loop (http://localhost:3000/_next/static/chunks/node_modules_%40react-three_fiber_dist_10swxn6._.js:15286:23)
[  701864ms] ReferenceError: PIN_LABEL is not defined
    at useLabelProjection.useFrame [as current] (http://localhost:3000/_next/static/chunks/src_1aak4l9._.js?id=%255Bproject%255D%252Fsrc%252Fchapters%252Fch5%252FShowOrHideScene.tsx+%255Bapp-client%255D+%2528ecmascript%2529:1497:36)
    at update (http://localhost:3000/_next/static/chunks/node_modules_%40react-three_fiber_dist_10swxn6._.js:15260:26)
    at loop (http://localhost:3000/_next/static/chunks/node_modules_%40react-three_fiber_dist_10swxn6._.js:15286:23)
[  701872ms] ReferenceError: PIN_LABEL is not defined
    at useLabelProjection.useFrame [as current] (http://localhost:3000/_next/static/chunks/src_1aak4l9._.js?id=%255Bproject%255D%252Fsrc%252Fchapters%252Fch5%252FShowOrHideScene.tsx+%255Bapp-client%255D+%2528ecmascript%2529:1497:36)
    at update (http://localhost:3000/_next/static/chunks/node_modules_%40react-three_fiber_dist_10swxn6._.js:15260:26)
    at loop (http://localhost:3000/_next/static/chunks/node_modules_%40react-three_fiber_dist_10swxn6._.js:15286:23)
[  701881ms] ReferenceError: PIN_LABEL is not defined
    at useLabelProjection.useFrame [as current] (http://localhost:3000/_next/static/chunks/src_1aak4l9._.js?id=%255Bproject%255D%252Fsrc%252Fchapters%252Fch5%252FShowOrHideScene.tsx+%255Bapp-client%255D+%2528ecmascript%2529:1497:36)
    at update (http://localhost:3000/_next/static/chunks/node_modules_%40react-three_fiber_dist_10swxn6._.js:15260:26)
    at loop (http://localhost:3000/_next/static/chunks/node_modules_%40react-three_fiber_dist_10swxn6._.js:15286:23)
[  701889ms] ReferenceError: PIN_LABEL is not defined
    at useLabelProjection.useFrame [as current] (http://localhost:3000/_next/static/chunks/src_1aak4l9._.js?id=%255Bproject%255D%252Fsrc%252Fchapters%252Fch5%252FShowOrHideScene.tsx+%255Bapp-client%255D+%2528ecmascript%2529:1497:36)
    at update (http://localhost:3000/_next/static/chunks/node_modules_%40react-three_fiber_dist_10swxn6._.js:15260:26)
    at loop (http://localhost:3000/_next/static/chunks/node_modules_%40react-three_fiber_dist_10swxn6._.js:15286:23)
[  701898ms] ReferenceError: PIN_LABEL is not defined
    at useLabelProjection.useFrame [as current] (http://localhost:3000/_next/static/chunks/src_1aak4l9._.js?id=%255Bproject%255D%252Fsrc%252Fchapters%252Fch5%252FShowOrHideScene.tsx+%255Bapp-client%255D+%2528ecmascript%2529:1497:36)
    at update (http://localhost:3000/_next/static/chunks/node_modules_%40react-three_fiber_dist_10swxn6._.js:15260:26)
    at loop (http://localhost:3000/_next/static/chunks/node_modules_%40react-three_fiber_dist_10swxn6._.js:15286:23)
[  701906ms] ReferenceError: PIN_LABEL is not defined
    at useLabelProjection.useFrame [as current] (http://localhost:3000/_next/static/chunks/src_1aak4l9._.js?id=%255Bproject%255D%252Fsrc%252Fchapters%252Fch5%252FShowOrHideScene.tsx+%255Bapp-client%255D+%2528ecmascript%2529:1497:36)
    at update (http://localhost:3000/_next/static/chunks/node_modules_%40react-three_fiber_dist_10swxn6._.js:15260:26)
    at loop (http://localhost:3000/_next/static/chunks/node_modules_%40react-three_fiber_dist_10swxn6._.js:15286:23)
[  701914ms] ReferenceError: PIN_LABEL is not defined
    at useLabelProjection.useFrame [as current] (http://localhost:3000/_next/static/chunks/src_1aak4l9._.js?id=%255Bproject%255D%252Fsrc%252Fchapters%252Fch5%252FShowOrHideScene.tsx+%255Bapp-client%255D+%2528ecmascript%2529:1497:36)
    at update (http://localhost:3000/_next/static/chunks/node_modules_%40react-three_fiber_dist_10swxn6._.js:15260:26)
    at loop (http://localhost:3000/_next/static/chunks/node_modules_%40react-three_fiber_dist_10swxn6._.js:15286:23)
[  701923ms] ReferenceError: PIN_LABEL is not defined
    at useLabelProjection.useFrame [as current] (http://localhost:3000/_next/static/chunks/src_1aak4l9._.js?id=%255Bproject%255D%252Fsrc%252Fchapters%252Fch5%252FShowOrHideScene.tsx+%255Bapp-client%255D+%2528ecmascript%2529:1497:36)
    at update (http://localhost:3000/_next/static/chunks/node_modules_%40react-three_fiber_dist_10swxn6._.js:15260:26)
    at loop (http://localhost:3000/_next/static/chunks/node_modules_%40react-three_fiber_dist_10swxn6._.js:15286:23)
[  701931ms] ReferenceError: PIN_LABEL is not defined
    at useLabelProjection.useFrame [as current] (http://localhost:3000/_next/static/chunks/src_1aak4l9._.js?id=%255Bproject%255D%252Fsrc%252Fchapters%252Fch5%252FShowOrHideScene.tsx+%255Bapp-client%255D+%2528ecmascript%2529:1497:36)
    at update (http://localhost:3000/_next/static/chunks/node_modules_%40react-three_fiber_dist_10swxn6._.js:15260:26)
    at loop (http://localhost:3000/_next/static/chunks/node_modules_%40react-three_fiber_dist_10swxn6._.js:15286:23)
[  701939ms] ReferenceError: PIN_LABEL is not defined
    at useLabelProjection.useFrame [as current] (http://localhost:3000/_next/static/chunks/src_1aak4l9._.js?id=%255Bproject%255D%252Fsrc%252Fchapters%252Fch5%252FShowOrHideScene.tsx+%255Bapp-client%255D+%2528ecmascript%2529:1497:36)
    at update (http://localhost:3000/_next/static/chunks/node_modules_%40react-three_fiber_dist_10swxn6._.js:15260:26)
    at loop (http://localhost:3000/_next/static/chunks/node_modules_%40react-three_fiber_dist_10swxn6._.js:15286:23)
[  701948ms] ReferenceError: PIN_LABEL is not defined
    at useLabelProjection.useFrame [as current] (http://localhost:3000/_next/static/chunks/src_1aak4l9._.js?id=%255Bproject%255D%252Fsrc%252Fchapters%252Fch5%252FShowOrHideScene.tsx+%255Bapp-client%255D+%2528ecmascript%2529:1497:36)
    at update (http://localhost:3000/_next/static/chunks/node_modules_%40react-three_fiber_dist_10swxn6._.js:15260:26)
    at loop (http://localhost:3000/_next/static/chunks/node_modules_%40react-three_fiber_dist_10swxn6._.js:15286:23)
[  701956ms] ReferenceError: PIN_LABEL is not defined
    at useLabelProjection.useFrame [as current] (http://localhost:3000/_next/static/chunks/src_1aak4l9._.js?id=%255Bproject%255D%252Fsrc%252Fchapters%252Fch5%252FShowOrHideScene.tsx+%255Bapp-client%255D+%2528ecmascript%2529:1497:36)
    at update (http://localhost:3000/_next/static/chunks/node_modules_%40react-three_fiber_dist_10swxn6._.js:15260:26)
    at loop (http://localhost:3000/_next/static/chunks/node_modules_%40react-three_fiber_dist_10swxn6._.js:15286:23)
[  701965ms] ReferenceError: PIN_LABEL is not defined
    at useLabelProjection.useFrame [as current] (http://localhost:3000/_next/static/chunks/src_1aak4l9._.js?id=%255Bproject%255D%252Fsrc%252Fchapters%252Fch5%252FShowOrHideScene.tsx+%255Bapp-client%255D+%2528ecmascript%2529:1497:36)
    at update (http://localhost:3000/_next/static/chunks/node_modules_%40react-three_fiber_dist_10swxn6._.js:15260:26)
    at loop (http://localhost:3000/_next/static/chunks/node_modules_%40react-three_fiber_dist_10swxn6._.js:15286:23)
[  701973ms] ReferenceError: PIN_LABEL is not defined
    at useLabelProjection.useFrame [as current] (http://localhost:3000/_next/static/chunks/src_1aak4l9._.js?id=%255Bproject%255D%252Fsrc%252Fchapters%252Fch5%252FShowOrHideScene.tsx+%255Bapp-client%255D+%2528ecmascript%2529:1497:36)
    at update (http://localhost:3000/_next/static/chunks/node_modules_%40react-three_fiber_dist_10swxn6._.js:15260:26)
    at loop (http://localhost:3000/_next/static/chunks/node_modules_%40react-three_fiber_dist_10swxn6._.js:15286:23)
[  701981ms] ReferenceError: PIN_LABEL is not defined
    at useLabelProjection.useFrame [as current] (http://localhost:3000/_next/static/chunks/src_1aak4l9._.js?id=%255Bproject%255D%252Fsrc%252Fchapters%252Fch5%252FShowOrHideScene.tsx+%255Bapp-client%255D+%2528ecmascript%2529:1497:36)
    at update (http://localhost:3000/_next/static/chunks/node_modules_%40react-three_fiber_dist_10swxn6._.js:15260:26)
    at loop (http://localhost:3000/_next/static/chunks/node_modules_%40react-three_fiber_dist_10swxn6._.js:15286:23)
[  701989ms] ReferenceError: PIN_LABEL is not defined
    at useLabelProjection.useFrame [as current] (http://localhost:3000/_next/static/chunks/src_1aak4l9._.js?id=%255Bproject%255D%252Fsrc%252Fchapters%252Fch5%252FShowOrHideScene.tsx+%255Bapp-client%255D+%2528ecmascript%2529:1497:36)
    at update (http://localhost:3000/_next/static/chunks/node_modules_%40react-three_fiber_dist_10swxn6._.js:15260:26)
    at loop (http://localhost:3000/_next/static/chunks/node_modules_%40react-three_fiber_dist_10swxn6._.js:15286:23)
[  701998ms] ReferenceError: PIN_LABEL is not defined
    at useLabelProjection.useFrame [as current] (http://localhost:3000/_next/static/chunks/src_1aak4l9._.js?id=%255Bproject%255D%252Fsrc%252Fchapters%252Fch5%252FShowOrHideScene.tsx+%255Bapp-client%255D+%2528ecmascript%2529:1497:36)
    at update (http://localhost:3000/_next/static/chunks/node_modules_%40react-three_fiber_dist_10swxn6._.js:15260:26)
    at loop (http://localhost:3000/_next/static/chunks/node_modules_%40react-three_fiber_dist_10swxn6._.js:15286:23)
[  702006ms] ReferenceError: PIN_LABEL is not defined
    at useLabelProjection.useFrame [as current] (http://localhost:3000/_next/static/chunks/src_1aak4l9._.js?id=%255Bproject%255D%252Fsrc%252Fchapters%252Fch5%252FShowOrHideScene.tsx+%255Bapp-client%255D+%2528ecmascript%2529:1497:36)
    at update (http://localhost:3000/_next/static/chunks/node_modules_%40react-three_fiber_dist_10swxn6._.js:15260:26)
    at loop (http://localhost:3000/_next/static/chunks/node_modules_%40react-three_fiber_dist_10swxn6._.js:15286:23)
[  702014ms] ReferenceError: PIN_LABEL is not defined
    at useLabelProjection.useFrame [as current] (http://localhost:3000/_next/static/chunks/src_1aak4l9._.js?id=%255Bproject%255D%252Fsrc%252Fchapters%252Fch5%252FShowOrHideScene.tsx+%255Bapp-client%255D+%2528ecmascript%2529:1497:36)
    at update (http://localhost:3000/_next/static/chunks/node_modules_%40react-three_fiber_dist_10swxn6._.js:15260:26)
    at loop (http://localhost:3000/_next/static/chunks/node_modules_%40react-three_fiber_dist_10swxn6._.js:15286:23)
[  702022ms] ReferenceError: PIN_LABEL is not defined
    at useLabelProjection.useFrame [as current] (http://localhost:3000/_next/static/chunks/src_1aak4l9._.js?id=%255Bproject%255D%252Fsrc%252Fchapters%252Fch5%252FShowOrHideScene.tsx+%255Bapp-client%255D+%2528ecmascript%2529:1497:36)
    at update (http://localhost:3000/_next/static/chunks/node_modules_%40react-three_fiber_dist_10swxn6._.js:15260:26)
    at loop (http://localhost:3000/_next/static/chunks/node_modules_%40react-three_fiber_dist_10swxn6._.js:15286:23)
[  702031ms] ReferenceError: PIN_LABEL is not defined
    at useLabelProjection.useFrame [as current] (http://localhost:3000/_next/static/chunks/src_1aak4l9._.js?id=%255Bproject%255D%252Fsrc%252Fchapters%252Fch5%252FShowOrHideScene.tsx+%255Bapp-client%255D+%2528ecmascript%2529:1497:36)
    at update (http://localhost:3000/_next/static/chunks/node_modules_%40react-three_fiber_dist_10swxn6._.js:15260:26)
    at loop (http://localhost:3000/_next/static/chunks/node_modules_%40react-three_fiber_dist_10swxn6._.js:15286:23)
[  702040ms] ReferenceError: PIN_LABEL is not defined
    at useLabelProjection.useFrame [as current] (http://localhost:3000/_next/static/chunks/src_1aak4l9._.js?id=%255Bproject%255D%252Fsrc%252Fchapters%252Fch5%252FShowOrHideScene.tsx+%255Bapp-client%255D+%2528ecmascript%2529:1497:36)
    at update (http://localhost:3000/_next/static/chunks/node_modules_%40react-three_fiber_dist_10swxn6._.js:15260:26)
    at loop (http://localhost:3000/_next/static/chunks/node_modules_%40react-three_fiber_dist_10swxn6._.js:15286:23)
[  702048ms] ReferenceError: PIN_LABEL is not defined
    at useLabelProjection.useFrame [as current] (http://localhost:3000/_next/static/chunks/src_1aak4l9._.js?id=%255Bproject%255D%252Fsrc%252Fchapters%252Fch5%252FShowOrHideScene.tsx+%255Bapp-client%255D+%2528ecmascript%2529:1497:36)
    at update (http://localhost:3000/_next/static/chunks/node_modules_%40react-three_fiber_dist_10swxn6._.js:15260:26)
    at loop (http://localhost:3000/_next/static/chunks/node_modules_%40react-three_fiber_dist_10swxn6._.js:15286:23)
[  702056ms] ReferenceError: PIN_LABEL is not defined
    at useLabelProjection.useFrame [as current] (http://localhost:3000/_next/static/chunks/src_1aak4l9._.js?id=%255Bproject%255D%252Fsrc%252Fchapters%252Fch5%252FShowOrHideScene.tsx+%255Bapp-client%255D+%2528ecmascript%2529:1497:36)
    at update (http://localhost:3000/_next/static/chunks/node_modules_%40react-three_fiber_dist_10swxn6._.js:15260:26)
    at loop (http://localhost:3000/_next/static/chunks/node_modules_%40react-three_fiber_dist_10swxn6._.js:15286:23)
[  702064ms] ReferenceError: PIN_LABEL is not defined
    at useLabelProjection.useFrame [as current] (http://localhost:3000/_next/static/chunks/src_1aak4l9._.js?id=%255Bproject%255D%252Fsrc%252Fchapters%252Fch5%252FShowOrHideScene.tsx+%255Bapp-client%255D+%2528ecmascript%2529:1497:36)
    at update (http://localhost:3000/_next/static/chunks/node_modules_%40react-three_fiber_dist_10swxn6._.js:15260:26)
    at loop (http://localhost:3000/_next/static/chunks/node_modules_%40react-three_fiber_dist_10swxn6._.js:15286:23)
[  702073ms] ReferenceError: PIN_LABEL is not defined
    at useLabelProjection.useFrame [as current] (http://localhost:3000/_next/static/chunks/src_1aak4l9._.js?id=%255Bproject%255D%252Fsrc%252Fchapters%252Fch5%252FShowOrHideScene.tsx+%255Bapp-client%255D+%2528ecmascript%2529:1497:36)
    at update (http://localhost:3000/_next/static/chunks/node_modules_%40react-three_fiber_dist_10swxn6._.js:15260:26)
    at loop (http://localhost:3000/_next/static/chunks/node_modules_%40react-three_fiber_dist_10swxn6._.js:15286:23)
[  702081ms] ReferenceError: PIN_LABEL is not defined
    at useLabelProjection.useFrame [as current] (http://localhost:3000/_next/static/chunks/src_1aak4l9._.js?id=%255Bproject%255D%252Fsrc%252Fchapters%252Fch5%252FShowOrHideScene.tsx+%255Bapp-client%255D+%2528ecmascript%2529:1497:36)
    at update (http://localhost:3000/_next/static/chunks/node_modules_%40react-three_fiber_dist_10swxn6._.js:15260:26)
    at loop (http://localhost:3000/_next/static/chunks/node_modules_%40react-three_fiber_dist_10swxn6._.js:15286:23)
[  702089ms] ReferenceError: PIN_LABEL is not defined
    at useLabelProjection.useFrame [as current] (http://localhost:3000/_next/static/chunks/src_1aak4l9._.js?id=%255Bproject%255D%252Fsrc%252Fchapters%252Fch5%252FShowOrHideScene.tsx+%255Bapp-client%255D+%2528ecmascript%2529:1497:36)
    at update (http://localhost:3000/_next/static/chunks/node_modules_%40react-three_fiber_dist_10swxn6._.js:15260:26)
    at loop (http://localhost:3000/_next/static/chunks/node_modules_%40react-three_fiber_dist_10swxn6._.js:15286:23)
[  702097ms] ReferenceError: PIN_LABEL is not defined
    at useLabelProjection.useFrame [as current] (http://localhost:3000/_next/static/chunks/src_1aak4l9._.js?id=%255Bproject%255D%252Fsrc%252Fchapters%252Fch5%252FShowOrHideScene.tsx+%255Bapp-client%255D+%2528ecmascript%2529:1497:36)
    at update (http://localhost:3000/_next/static/chunks/node_modules_%40react-three_fiber_dist_10swxn6._.js:15260:26)
    at loop (http://localhost:3000/_next/static/chunks/node_modules_%40react-three_fiber_dist_10swxn6._.js:15286:23)
[  702107ms] ReferenceError: PIN_LABEL is not defined
    at useLabelProjection.useFrame [as current] (http://localhost:3000/_next/static/chunks/src_1aak4l9._.js?id=%255Bproject%255D%252Fsrc%252Fchapters%252Fch5%252FShowOrHideScene.tsx+%255Bapp-client%255D+%2528ecmascript%2529:1497:36)
    at update (http://localhost:3000/_next/static/chunks/node_modules_%40react-three_fiber_dist_10swxn6._.js:15260:26)
    at loop (http://localhost:3000/_next/static/chunks/node_modules_%40react-three_fiber_dist_10swxn6._.js:15286:23)
[  702114ms] ReferenceError: PIN_LABEL is not defined
    at useLabelProjection.useFrame [as current] (http://localhost:3000/_next/static/chunks/src_1aak4l9._.js?id=%255Bproject%255D%252Fsrc%252Fchapters%252Fch5%252FShowOrHideScene.tsx+%255Bapp-client%255D+%2528ecmascript%2529:1497:36)
    at update (http://localhost:3000/_next/static/chunks/node_modules_%40react-three_fiber_dist_10swxn6._.js:15260:26)
    at loop (http://localhost:3000/_next/static/chunks/node_modules_%40react-three_fiber_dist_10swxn6._.js:15286:23)
[  702123ms] ReferenceError: PIN_LABEL is not defined
    at useLabelProjection.useFrame [as current] (http://localhost:3000/_next/static/chunks/src_1aak4l9._.js?id=%255Bproject%255D%252Fsrc%252Fchapters%252Fch5%252FShowOrHideScene.tsx+%255Bapp-client%255D+%2528ecmascript%2529:1497:36)
    at update (http://localhost:3000/_next/static/chunks/node_modules_%40react-three_fiber_dist_10swxn6._.js:15260:26)
    at loop (http://localhost:3000/_next/static/chunks/node_modules_%40react-three_fiber_dist_10swxn6._.js:15286:23)
[  702131ms] ReferenceError: PIN_LABEL is not defined
    at useLabelProjection.useFrame [as current] (http://localhost:3000/_next/static/chunks/src_1aak4l9._.js?id=%255Bproject%255D%252Fsrc%252Fchapters%252Fch5%252FShowOrHideScene.tsx+%255Bapp-client%255D+%2528ecmascript%2529:1497:36)
    at update (http://localhost:3000/_next/static/chunks/node_modules_%40react-three_fiber_dist_10swxn6._.js:15260:26)
    at loop (http://localhost:3000/_next/static/chunks/node_modules_%40react-three_fiber_dist_10swxn6._.js:15286:23)
[  702140ms] ReferenceError: PIN_LABEL is not defined
    at useLabelProjection.useFrame [as current] (http://localhost:3000/_next/static/chunks/src_1aak4l9._.js?id=%255Bproject%255D%252Fsrc%252Fchapters%252Fch5%252FShowOrHideScene.tsx+%255Bapp-client%255D+%2528ecmascript%2529:1497:36)
    at update (http://localhost:3000/_next/static/chunks/node_modules_%40react-three_fiber_dist_10swxn6._.js:15260:26)
    at loop (http://localhost:3000/_next/static/chunks/node_modules_%40react-three_fiber_dist_10swxn6._.js:15286:23)
[  702148ms] ReferenceError: PIN_LABEL is not defined
    at useLabelProjection.useFrame [as current] (http://localhost:3000/_next/static/chunks/src_1aak4l9._.js?id=%255Bproject%255D%252Fsrc%252Fchapters%252Fch5%252FShowOrHideScene.tsx+%255Bapp-client%255D+%2528ecmascript%2529:1497:36)
    at update (http://localhost:3000/_next/static/chunks/node_modules_%40react-three_fiber_dist_10swxn6._.js:15260:26)
    at loop (http://localhost:3000/_next/static/chunks/node_modules_%40react-three_fiber_dist_10swxn6._.js:15286:23)
[  702156ms] ReferenceError: PIN_LABEL is not defined
    at useLabelProjection.useFrame [as current] (http://localhost:3000/_next/static/chunks/src_1aak4l9._.js?id=%255Bproject%255D%252Fsrc%252Fchapters%252Fch5%252FShowOrHideScene.tsx+%255Bapp-client%255D+%2528ecmascript%2529:1497:36)
    at update (http://localhost:3000/_next/static/chunks/node_modules_%40react-three_fiber_dist_10swxn6._.js:15260:26)
    at loop (http://localhost:3000/_next/static/chunks/node_modules_%40react-three_fiber_dist_10swxn6._.js:15286:23)
[  702164ms] ReferenceError: PIN_LABEL is not defined
    at useLabelProjection.useFrame [as current] (http://localhost:3000/_next/static/chunks/src_1aak4l9._.js?id=%255Bproject%255D%252Fsrc%252Fchapters%252Fch5%252FShowOrHideScene.tsx+%255Bapp-client%255D+%2528ecmascript%2529:1497:36)
    at update (http://localhost:3000/_next/static/chunks/node_modules_%40react-three_fiber_dist_10swxn6._.js:15260:26)
    at loop (http://localhost:3000/_next/static/chunks/node_modules_%40react-three_fiber_dist_10swxn6._.js:15286:23)
[  702173ms] ReferenceError: PIN_LABEL is not defined
    at useLabelProjection.useFrame [as current] (http://localhost:3000/_next/static/chunks/src_1aak4l9._.js?id=%255Bproject%255D%252Fsrc%252Fchapters%252Fch5%252FShowOrHideScene.tsx+%255Bapp-client%255D+%2528ecmascript%2529:1497:36)
    at update (http://localhost:3000/_next/static/chunks/node_modules_%40react-three_fiber_dist_10swxn6._.js:15260:26)
    at loop (http://localhost:3000/_next/static/chunks/node_modules_%40react-three_fiber_dist_10swxn6._.js:15286:23)
[  702181ms] ReferenceError: PIN_LABEL is not defined
    at useLabelProjection.useFrame [as current] (http://localhost:3000/_next/static/chunks/src_1aak4l9._.js?id=%255Bproject%255D%252Fsrc%252Fchapters%252Fch5%252FShowOrHideScene.tsx+%255Bapp-client%255D+%2528ecmascript%2529:1497:36)
    at update (http://localhost:3000/_next/static/chunks/node_modules_%40react-three_fiber_dist_10swxn6._.js:15260:26)
    at loop (http://localhost:3000/_next/static/chunks/node_modules_%40react-three_fiber_dist_10swxn6._.js:15286:23)
[  702190ms] ReferenceError: PIN_LABEL is not defined
    at useLabelProjection.useFrame [as current] (http://localhost:3000/_next/static/chunks/src_1aak4l9._.js?id=%255Bproject%255D%252Fsrc%252Fchapters%252Fch5%252FShowOrHideScene.tsx+%255Bapp-client%255D+%2528ecmascript%2529:1497:36)
    at update (http://localhost:3000/_next/static/chunks/node_modules_%40react-three_fiber_dist_10swxn6._.js:15260:26)
    at loop (http://localhost:3000/_next/static/chunks/node_modules_%40react-three_fiber_dist_10swxn6._.js:15286:23)
[  702198ms] ReferenceError: PIN_LABEL is not defined
    at useLabelProjection.useFrame [as current] (http://localhost:3000/_next/static/chunks/src_1aak4l9._.js?id=%255Bproject%255D%252Fsrc%252Fchapters%252Fch5%252FShowOrHideScene.tsx+%255Bapp-client%255D+%2528ecmascript%2529:1497:36)
    at update (http://localhost:3000/_next/static/chunks/node_modules_%40react-three_fiber_dist_10swxn6._.js:15260:26)
    at loop (http://localhost:3000/_next/static/chunks/node_modules_%40react-three_fiber_dist_10swxn6._.js:15286:23)
[  702206ms] ReferenceError: PIN_LABEL is not defined
    at useLabelProjection.useFrame [as current] (http://localhost:3000/_next/static/chunks/src_1aak4l9._.js?id=%255Bproject%255D%252Fsrc%252Fchapters%252Fch5%252FShowOrHideScene.tsx+%255Bapp-client%255D+%2528ecmascript%2529:1497:36)
    at update (http://localhost:3000/_next/static/chunks/node_modules_%40react-three_fiber_dist_10swxn6._.js:15260:26)
    at loop (http://localhost:3000/_next/static/chunks/node_modules_%40react-three_fiber_dist_10swxn6._.js:15286:23)
[  702215ms] ReferenceError: PIN_LABEL is not defined
    at useLabelProjection.useFrame [as current] (http://localhost:3000/_next/static/chunks/src_1aak4l9._.js?id=%255Bproject%255D%252Fsrc%252Fchapters%252Fch5%252FShowOrHideScene.tsx+%255Bapp-client%255D+%2528ecmascript%2529:1497:36)
    at update (http://localhost:3000/_next/static/chunks/node_modules_%40react-three_fiber_dist_10swxn6._.js:15260:26)
    at loop (http://localhost:3000/_next/static/chunks/node_modules_%40react-three_fiber_dist_10swxn6._.js:15286:23)
[  702222ms] ReferenceError: PIN_LABEL is not defined
    at useLabelProjection.useFrame [as current] (http://localhost:3000/_next/static/chunks/src_1aak4l9._.js?id=%255Bproject%255D%252Fsrc%252Fchapters%252Fch5%252FShowOrHideScene.tsx+%255Bapp-client%255D+%2528ecmascript%2529:1497:36)
    at update (http://localhost:3000/_next/static/chunks/node_modules_%40react-three_fiber_dist_10swxn6._.js:15260:26)
    at loop (http://localhost:3000/_next/static/chunks/node_modules_%40react-three_fiber_dist_10swxn6._.js:15286:23)
[  702231ms] ReferenceError: PIN_LABEL is not defined
    at useLabelProjection.useFrame [as current] (http://localhost:3000/_next/static/chunks/src_1aak4l9._.js?id=%255Bproject%255D%252Fsrc%252Fchapters%252Fch5%252FShowOrHideScene.tsx+%255Bapp-client%255D+%2528ecmascript%2529:1497:36)
    at update (http://localhost:3000/_next/static/chunks/node_modules_%40react-three_fiber_dist_10swxn6._.js:15260:26)
    at loop (http://localhost:3000/_next/static/chunks/node_modules_%40react-three_fiber_dist_10swxn6._.js:15286:23)
[  702239ms] ReferenceError: PIN_LABEL is not defined
    at useLabelProjection.useFrame [as current] (http://localhost:3000/_next/static/chunks/src_1aak4l9._.js?id=%255Bproject%255D%252Fsrc%252Fchapters%252Fch5%252FShowOrHideScene.tsx+%255Bapp-client%255D+%2528ecmascript%2529:1497:36)
    at update (http://localhost:3000/_next/static/chunks/node_modules_%40react-three_fiber_dist_10swxn6._.js:15260:26)
    at loop (http://localhost:3000/_next/static/chunks/node_modules_%40react-three_fiber_dist_10swxn6._.js:15286:23)
[  702248ms] ReferenceError: PIN_LABEL is not defined
    at useLabelProjection.useFrame [as current] (http://localhost:3000/_next/static/chunks/src_1aak4l9._.js?id=%255Bproject%255D%252Fsrc%252Fchapters%252Fch5%252FShowOrHideScene.tsx+%255Bapp-client%255D+%2528ecmascript%2529:1497:36)
    at update (http://localhost:3000/_next/static/chunks/node_modules_%40react-three_fiber_dist_10swxn6._.js:15260:26)
    at loop (http://localhost:3000/_next/static/chunks/node_modules_%40react-three_fiber_dist_10swxn6._.js:15286:23)
[  702256ms] ReferenceError: PIN_LABEL is not defined
    at useLabelProjection.useFrame [as current] (http://localhost:3000/_next/static/chunks/src_1aak4l9._.js?id=%255Bproject%255D%252Fsrc%252Fchapters%252Fch5%252FShowOrHideScene.tsx+%255Bapp-client%255D+%2528ecmascript%2529:1497:36)
    at update (http://localhost:3000/_next/static/chunks/node_modules_%40react-three_fiber_dist_10swxn6._.js:15260:26)
    at loop (http://localhost:3000/_next/static/chunks/node_modules_%40react-three_fiber_dist_10swxn6._.js:15286:23)
[  702265ms] ReferenceError: PIN_LABEL is not defined
    at useLabelProjection.useFrame [as current] (http://localhost:3000/_next/static/chunks/src_1aak4l9._.js?id=%255Bproject%255D%252Fsrc%252Fchapters%252Fch5%252FShowOrHideScene.tsx+%255Bapp-client%255D+%2528ecmascript%2529:1497:36)
    at update (http://localhost:3000/_next/static/chunks/node_modules_%40react-three_fiber_dist_10swxn6._.js:15260:26)
    at loop (http://localhost:3000/_next/static/chunks/node_modules_%40react-three_fiber_dist_10swxn6._.js:15286:23)
[  702273ms] ReferenceError: PIN_LABEL is not defined
    at useLabelProjection.useFrame [as current] (http://localhost:3000/_next/static/chunks/src_1aak4l9._.js?id=%255Bproject%255D%252Fsrc%252Fchapters%252Fch5%252FShowOrHideScene.tsx+%255Bapp-client%255D+%2528ecmascript%2529:1497:36)
    at update (http://localhost:3000/_next/static/chunks/node_modules_%40react-three_fiber_dist_10swxn6._.js:15260:26)
    at loop (http://localhost:3000/_next/static/chunks/node_modules_%40react-three_fiber_dist_10swxn6._.js:15286:23)
[  702282ms] ReferenceError: PIN_LABEL is not defined
    at useLabelProjection.useFrame [as current] (http://localhost:3000/_next/static/chunks/src_1aak4l9._.js?id=%255Bproject%255D%252Fsrc%252Fchapters%252Fch5%252FShowOrHideScene.tsx+%255Bapp-client%255D+%2528ecmascript%2529:1497:36)
    at update (http://localhost:3000/_next/static/chunks/node_modules_%40react-three_fiber_dist_10swxn6._.js:15260:26)
    at loop (http://localhost:3000/_next/static/chunks/node_modules_%40react-three_fiber_dist_10swxn6._.js:15286:23)
[  702290ms] ReferenceError: PIN_LABEL is not defined
    at useLabelProjection.useFrame [as current] (http://localhost:3000/_next/static/chunks/src_1aak4l9._.js?id=%255Bproject%255D%252Fsrc%252Fchapters%252Fch5%252FShowOrHideScene.tsx+%255Bapp-client%255D+%2528ecmascript%2529:1497:36)
    at update (http://localhost:3000/_next/static/chunks/node_modules_%40react-three_fiber_dist_10swxn6._.js:15260:26)
    at loop (http://localhost:3000/_next/static/chunks/node_modules_%40react-three_fiber_dist_10swxn6._.js:15286:23)
[  702298ms] ReferenceError: PIN_LABEL is not defined
    at useLabelProjection.useFrame [as current] (http://localhost:3000/_next/static/chunks/src_1aak4l9._.js?id=%255Bproject%255D%252Fsrc%252Fchapters%252Fch5%252FShowOrHideScene.tsx+%255Bapp-client%255D+%2528ecmascript%2529:1497:36)
    at update (http://localhost:3000/_next/static/chunks/node_modules_%40react-three_fiber_dist_10swxn6._.js:15260:26)
    at loop (http://localhost:3000/_next/static/chunks/node_modules_%40react-three_fiber_dist_10swxn6._.js:15286:23)
[  702306ms] ReferenceError: PIN_LABEL is not defined
    at useLabelProjection.useFrame [as current] (http://localhost:3000/_next/static/chunks/src_1aak4l9._.js?id=%255Bproject%255D%252Fsrc%252Fchapters%252Fch5%252FShowOrHideScene.tsx+%255Bapp-client%255D+%2528ecmascript%2529:1497:36)
    at update (http://localhost:3000/_next/static/chunks/node_modules_%40react-three_fiber_dist_10swxn6._.js:15260:26)
    at loop (http://localhost:3000/_next/static/chunks/node_modules_%40react-three_fiber_dist_10swxn6._.js:15286:23)
[  702314ms] ReferenceError: PIN_LABEL is not defined
    at useLabelProjection.useFrame [as current] (http://localhost:3000/_next/static/chunks/src_1aak4l9._.js?id=%255Bproject%255D%252Fsrc%252Fchapters%252Fch5%252FShowOrHideScene.tsx+%255Bapp-client%255D+%2528ecmascript%2529:1497:36)
    at update (http://localhost:3000/_next/static/chunks/node_modules_%40react-three_fiber_dist_10swxn6._.js:15260:26)
    at loop (http://localhost:3000/_next/static/chunks/node_modules_%40react-three_fiber_dist_10swxn6._.js:15286:23)
[  702322ms] ReferenceError: PIN_LABEL is not defined
    at useLabelProjection.useFrame [as current] (http://localhost:3000/_next/static/chunks/src_1aak4l9._.js?id=%255Bproject%255D%252Fsrc%252Fchapters%252Fch5%252FShowOrHideScene.tsx+%255Bapp-client%255D+%2528ecmascript%2529:1497:36)
    at update (http://localhost:3000/_next/static/chunks/node_modules_%40react-three_fiber_dist_10swxn6._.js:15260:26)
    at loop (http://localhost:3000/_next/static/chunks/node_modules_%40react-three_fiber_dist_10swxn6._.js:15286:23)
[  702331ms] ReferenceError: PIN_LABEL is not defined
    at useLabelProjection.useFrame [as current] (http://localhost:3000/_next/static/chunks/src_1aak4l9._.js?id=%255Bproject%255D%252Fsrc%252Fchapters%252Fch5%252FShowOrHideScene.tsx+%255Bapp-client%255D+%2528ecmascript%2529:1497:36)
    at update (http://localhost:3000/_next/static/chunks/node_modules_%40react-three_fiber_dist_10swxn6._.js:15260:26)
    at loop (http://localhost:3000/_next/static/chunks/node_modules_%40react-three_fiber_dist_10swxn6._.js:15286:23)
[  702340ms] ReferenceError: PIN_LABEL is not defined
    at useLabelProjection.useFrame [as current] (http://localhost:3000/_next/static/chunks/src_1aak4l9._.js?id=%255Bproject%255D%252Fsrc%252Fchapters%252Fch5%252FShowOrHideScene.tsx+%255Bapp-client%255D+%2528ecmascript%2529:1497:36)
    at update (http://localhost:3000/_next/static/chunks/node_modules_%40react-three_fiber_dist_10swxn6._.js:15260:26)
    at loop (http://localhost:3000/_next/static/chunks/node_modules_%40react-three_fiber_dist_10swxn6._.js:15286:23)
[  702348ms] ReferenceError: PIN_LABEL is not defined
    at useLabelProjection.useFrame [as current] (http://localhost:3000/_next/static/chunks/src_1aak4l9._.js?id=%255Bproject%255D%252Fsrc%252Fchapters%252Fch5%252FShowOrHideScene.tsx+%255Bapp-client%255D+%2528ecmascript%2529:1497:36)
    at update (http://localhost:3000/_next/static/chunks/node_modules_%40react-three_fiber_dist_10swxn6._.js:15260:26)
    at loop (http://localhost:3000/_next/static/chunks/node_modules_%40react-three_fiber_dist_10swxn6._.js:15286:23)
[  702356ms] ReferenceError: PIN_LABEL is not defined
    at useLabelProjection.useFrame [as current] (http://localhost:3000/_next/static/chunks/src_1aak4l9._.js?id=%255Bproject%255D%252Fsrc%252Fchapters%252Fch5%252FShowOrHideScene.tsx+%255Bapp-client%255D+%2528ecmascript%2529:1497:36)
    at update (http://localhost:3000/_next/static/chunks/node_modules_%40react-three_fiber_dist_10swxn6._.js:15260:26)
    at loop (http://localhost:3000/_next/static/chunks/node_modules_%40react-three_fiber_dist_10swxn6._.js:15286:23)
[  702365ms] ReferenceError: PIN_LABEL is not defined
    at useLabelProjection.useFrame [as current] (http://localhost:3000/_next/static/chunks/src_1aak4l9._.js?id=%255Bproject%255D%252Fsrc%252Fchapters%252Fch5%252FShowOrHideScene.tsx+%255Bapp-client%255D+%2528ecmascript%2529:1497:36)
    at update (http://localhost:3000/_next/static/chunks/node_modules_%40react-three_fiber_dist_10swxn6._.js:15260:26)
    at loop (http://localhost:3000/_next/static/chunks/node_modules_%40react-three_fiber_dist_10swxn6._.js:15286:23)
[  702372ms] ReferenceError: PIN_LABEL is not defined
    at useLabelProjection.useFrame [as current] (http://localhost:3000/_next/static/chunks/src_1aak4l9._.js?id=%255Bproject%255D%252Fsrc%252Fchapters%252Fch5%252FShowOrHideScene.tsx+%255Bapp-client%255D+%2528ecmascript%2529:1497:36)
    at update (http://localhost:3000/_next/static/chunks/node_modules_%40react-three_fiber_dist_10swxn6._.js:15260:26)
    at loop (http://localhost:3000/_next/static/chunks/node_modules_%40react-three_fiber_dist_10swxn6._.js:15286:23)
[  702381ms] ReferenceError: PIN_LABEL is not defined
    at useLabelProjection.useFrame [as current] (http://localhost:3000/_next/static/chunks/src_1aak4l9._.js?id=%255Bproject%255D%252Fsrc%252Fchapters%252Fch5%252FShowOrHideScene.tsx+%255Bapp-client%255D+%2528ecmascript%2529:1497:36)
    at update (http://localhost:3000/_next/static/chunks/node_modules_%40react-three_fiber_dist_10swxn6._.js:15260:26)
    at loop (http://localhost:3000/_next/static/chunks/node_modules_%40react-three_fiber_dist_10swxn6._.js:15286:23)
[  702389ms] ReferenceError: PIN_LABEL is not defined
    at useLabelProjection.useFrame [as current] (http://localhost:3000/_next/static/chunks/src_1aak4l9._.js?id=%255Bproject%255D%252Fsrc%252Fchapters%252Fch5%252FShowOrHideScene.tsx+%255Bapp-client%255D+%2528ecmascript%2529:1497:36)
    at update (http://localhost:3000/_next/static/chunks/node_modules_%40react-three_fiber_dist_10swxn6._.js:15260:26)
    at loop (http://localhost:3000/_next/static/chunks/node_modules_%40react-three_fiber_dist_10swxn6._.js:15286:23)
[  702399ms] ReferenceError: PIN_LABEL is not defined
    at useLabelProjection.useFrame [as current] (http://localhost:3000/_next/static/chunks/src_1aak4l9._.js?id=%255Bproject%255D%252Fsrc%252Fchapters%252Fch5%252FShowOrHideScene.tsx+%255Bapp-client%255D+%2528ecmascript%2529:1497:36)
    at update (http://localhost:3000/_next/static/chunks/node_modules_%40react-three_fiber_dist_10swxn6._.js:15260:26)
    at loop (http://localhost:3000/_next/static/chunks/node_modules_%40react-three_fiber_dist_10swxn6._.js:15286:23)
[  702406ms] ReferenceError: PIN_LABEL is not defined
    at useLabelProjection.useFrame [as current] (http://localhost:3000/_next/static/chunks/src_1aak4l9._.js?id=%255Bproject%255D%252Fsrc%252Fchapters%252Fch5%252FShowOrHideScene.tsx+%255Bapp-client%255D+%2528ecmascript%2529:1497:36)
    at update (http://localhost:3000/_next/static/chunks/node_modules_%40react-three_fiber_dist_10swxn6._.js:15260:26)
    at loop (http://localhost:3000/_next/static/chunks/node_modules_%40react-three_fiber_dist_10swxn6._.js:15286:23)
[  702414ms] ReferenceError: PIN_LABEL is not defined
    at useLabelProjection.useFrame [as current] (http://localhost:3000/_next/static/chunks/src_1aak4l9._.js?id=%255Bproject%255D%252Fsrc%252Fchapters%252Fch5%252FShowOrHideScene.tsx+%255Bapp-client%255D+%2528ecmascript%2529:1497:36)
    at update (http://localhost:3000/_next/static/chunks/node_modules_%40react-three_fiber_dist_10swxn6._.js:15260:26)
    at loop (http://localhost:3000/_next/static/chunks/node_modules_%40react-three_fiber_dist_10swxn6._.js:15286:23)
[  702423ms] ReferenceError: PIN_LABEL is not defined
    at useLabelProjection.useFrame [as current] (http://localhost:3000/_next/static/chunks/src_1aak4l9._.js?id=%255Bproject%255D%252Fsrc%252Fchapters%252Fch5%252FShowOrHideScene.tsx+%255Bapp-client%255D+%2528ecmascript%2529:1497:36)
    at update (http://localhost:3000/_next/static/chunks/node_modules_%40react-three_fiber_dist_10swxn6._.js:15260:26)
    at loop (http://localhost:3000/_next/static/chunks/node_modules_%40react-three_fiber_dist_10swxn6._.js:15286:23)
[  702431ms] ReferenceError: PIN_LABEL is not defined
    at useLabelProjection.useFrame [as current] (http://localhost:3000/_next/static/chunks/src_1aak4l9._.js?id=%255Bproject%255D%252Fsrc%252Fchapters%252Fch5%252FShowOrHideScene.tsx+%255Bapp-client%255D+%2528ecmascript%2529:1497:36)
    at update (http://localhost:3000/_next/static/chunks/node_modules_%40react-three_fiber_dist_10swxn6._.js:15260:26)
    at loop (http://localhost:3000/_next/static/chunks/node_modules_%40react-three_fiber_dist_10swxn6._.js:15286:23)
[  702439ms] ReferenceError: PIN_LABEL is not defined
    at useLabelProjection.useFrame [as current] (http://localhost:3000/_next/static/chunks/src_1aak4l9._.js?id=%255Bproject%255D%252Fsrc%252Fchapters%252Fch5%252FShowOrHideScene.tsx+%255Bapp-client%255D+%2528ecmascript%2529:1497:36)
    at update (http://localhost:3000/_next/static/chunks/node_modules_%40react-three_fiber_dist_10swxn6._.js:15260:26)
    at loop (http://localhost:3000/_next/static/chunks/node_modules_%40react-three_fiber_dist_10swxn6._.js:15286:23)
[  702448ms] ReferenceError: PIN_LABEL is not defined
    at useLabelProjection.useFrame [as current] (http://localhost:3000/_next/static/chunks/src_1aak4l9._.js?id=%255Bproject%255D%252Fsrc%252Fchapters%252Fch5%252FShowOrHideScene.tsx+%255Bapp-client%255D+%2528ecmascript%2529:1497:36)
    at update (http://localhost:3000/_next/static/chunks/node_modules_%40react-three_fiber_dist_10swxn6._.js:15260:26)
    at loop (http://localhost:3000/_next/static/chunks/node_modules_%40react-three_fiber_dist_10swxn6._.js:15286:23)
[  702456ms] ReferenceError: PIN_LABEL is not defined
    at useLabelProjection.useFrame [as current] (http://localhost:3000/_next/static/chunks/src_1aak4l9._.js?id=%255Bproject%255D%252Fsrc%252Fchapters%252Fch5%252FShowOrHideScene.tsx+%255Bapp-client%255D+%2528ecmascript%2529:1497:36)
    at update (http://localhost:3000/_next/static/chunks/node_modules_%40react-three_fiber_dist_10swxn6._.js:15260:26)
    at loop (http://localhost:3000/_next/static/chunks/node_modules_%40react-three_fiber_dist_10swxn6._.js:15286:23)
[  702464ms] ReferenceError: PIN_LABEL is not defined
    at useLabelProjection.useFrame [as current] (http://localhost:3000/_next/static/chunks/src_1aak4l9._.js?id=%255Bproject%255D%252Fsrc%252Fchapters%252Fch5%252FShowOrHideScene.tsx+%255Bapp-client%255D+%2528ecmascript%2529:1497:36)
    at update (http://localhost:3000/_next/static/chunks/node_modules_%40react-three_fiber_dist_10swxn6._.js:15260:26)
    at loop (http://localhost:3000/_next/static/chunks/node_modules_%40react-three_fiber_dist_10swxn6._.js:15286:23)
[  702473ms] ReferenceError: PIN_LABEL is not defined
    at useLabelProjection.useFrame [as current] (http://localhost:3000/_next/static/chunks/src_1aak4l9._.js?id=%255Bproject%255D%252Fsrc%252Fchapters%252Fch5%252FShowOrHideScene.tsx+%255Bapp-client%255D+%2528ecmascript%2529:1497:36)
    at update (http://localhost:3000/_next/static/chunks/node_modules_%40react-three_fiber_dist_10swxn6._.js:15260:26)
    at loop (http://localhost:3000/_next/static/chunks/node_modules_%40react-three_fiber_dist_10swxn6._.js:15286:23)
[  702481ms] ReferenceError: PIN_LABEL is not defined
    at useLabelProjection.useFrame [as current] (http://localhost:3000/_next/static/chunks/src_1aak4l9._.js?id=%255Bproject%255D%252Fsrc%252Fchapters%252Fch5%252FShowOrHideScene.tsx+%255Bapp-client%255D+%2528ecmascript%2529:1497:36)
    at update (http://localhost:3000/_next/static/chunks/node_modules_%40react-three_fiber_dist_10swxn6._.js:15260:26)
    at loop (http://localhost:3000/_next/static/chunks/node_modules_%40react-three_fiber_dist_10swxn6._.js:15286:23)
[  702489ms] ReferenceError: PIN_LABEL is not defined
    at useLabelProjection.useFrame [as current] (http://localhost:3000/_next/static/chunks/src_1aak4l9._.js?id=%255Bproject%255D%252Fsrc%252Fchapters%252Fch5%252FShowOrHideScene.tsx+%255Bapp-client%255D+%2528ecmascript%2529:1497:36)
    at update (http://localhost:3000/_next/static/chunks/node_modules_%40react-three_fiber_dist_10swxn6._.js:15260:26)
    at loop (http://localhost:3000/_next/static/chunks/node_modules_%40react-three_fiber_dist_10swxn6._.js:15286:23)
[  702498ms] ReferenceError: PIN_LABEL is not defined
    at useLabelProjection.useFrame [as current] (http://localhost:3000/_next/static/chunks/src_1aak4l9._.js?id=%255Bproject%255D%252Fsrc%252Fchapters%252Fch5%252FShowOrHideScene.tsx+%255Bapp-client%255D+%2528ecmascript%2529:1497:36)
    at update (http://localhost:3000/_next/static/chunks/node_modules_%40react-three_fiber_dist_10swxn6._.js:15260:26)
    at loop (http://localhost:3000/_next/static/chunks/node_modules_%40react-three_fiber_dist_10swxn6._.js:15286:23)
[  702506ms] ReferenceError: PIN_LABEL is not defined
    at useLabelProjection.useFrame [as current] (http://localhost:3000/_next/static/chunks/src_1aak4l9._.js?id=%255Bproject%255D%252Fsrc%252Fchapters%252Fch5%252FShowOrHideScene.tsx+%255Bapp-client%255D+%2528ecmascript%2529:1497:36)
    at update (http://localhost:3000/_next/static/chunks/node_modules_%40react-three_fiber_dist_10swxn6._.js:15260:26)
    at loop (http://localhost:3000/_next/static/chunks/node_modules_%40react-three_fiber_dist_10swxn6._.js:15286:23)
[  702514ms] ReferenceError: PIN_LABEL is not defined
    at useLabelProjection.useFrame [as current] (http://localhost:3000/_next/static/chunks/src_1aak4l9._.js?id=%255Bproject%255D%252Fsrc%252Fchapters%252Fch5%252FShowOrHideScene.tsx+%255Bapp-client%255D+%2528ecmascript%2529:1497:36)
    at update (http://localhost:3000/_next/static/chunks/node_modules_%40react-three_fiber_dist_10swxn6._.js:15260:26)
    at loop (http://localhost:3000/_next/static/chunks/node_modules_%40react-three_fiber_dist_10swxn6._.js:15286:23)
[  702522ms] ReferenceError: PIN_LABEL is not defined
    at useLabelProjection.useFrame [as current] (http://localhost:3000/_next/static/chunks/src_1aak4l9._.js?id=%255Bproject%255D%252Fsrc%252Fchapters%252Fch5%252FShowOrHideScene.tsx+%255Bapp-client%255D+%2528ecmascript%2529:1497:36)
    at update (http://localhost:3000/_next/static/chunks/node_modules_%40react-three_fiber_dist_10swxn6._.js:15260:26)
    at loop (http://localhost:3000/_next/static/chunks/node_modules_%40react-three_fiber_dist_10swxn6._.js:15286:23)
[  702531ms] ReferenceError: PIN_LABEL is not defined
    at useLabelProjection.useFrame [as current] (http://localhost:3000/_next/static/chunks/src_1aak4l9._.js?id=%255Bproject%255D%252Fsrc%252Fchapters%252Fch5%252FShowOrHideScene.tsx+%255Bapp-client%255D+%2528ecmascript%2529:1497:36)
    at update (http://localhost:3000/_next/static/chunks/node_modules_%40react-three_fiber_dist_10swxn6._.js:15260:26)
    at loop (http://localhost:3000/_next/static/chunks/node_modules_%40react-three_fiber_dist_10swxn6._.js:15286:23)
[  702540ms] ReferenceError: PIN_LABEL is not defined
    at useLabelProjection.useFrame [as current] (http://localhost:3000/_next/static/chunks/src_1aak4l9._.js?id=%255Bproject%255D%252Fsrc%252Fchapters%252Fch5%252FShowOrHideScene.tsx+%255Bapp-client%255D+%2528ecmascript%2529:1497:36)
    at update (http://localhost:3000/_next/static/chunks/node_modules_%40react-three_fiber_dist_10swxn6._.js:15260:26)
    at loop (http://localhost:3000/_next/static/chunks/node_modules_%40react-three_fiber_dist_10swxn6._.js:15286:23)
[  702548ms] ReferenceError: PIN_LABEL is not defined
    at useLabelProjection.useFrame [as current] (http://localhost:3000/_next/static/chunks/src_1aak4l9._.js?id=%255Bproject%255D%252Fsrc%252Fchapters%252Fch5%252FShowOrHideScene.tsx+%255Bapp-client%255D+%2528ecmascript%2529:1497:36)
    at update (http://localhost:3000/_next/static/chunks/node_modules_%40react-three_fiber_dist_10swxn6._.js:15260:26)
    at loop (http://localhost:3000/_next/static/chunks/node_modules_%40react-three_fiber_dist_10swxn6._.js:15286:23)
[  702556ms] ReferenceError: PIN_LABEL is not defined
    at useLabelProjection.useFrame [as current] (http://localhost:3000/_next/static/chunks/src_1aak4l9._.js?id=%255Bproject%255D%252Fsrc%252Fchapters%252Fch5%252FShowOrHideScene.tsx+%255Bapp-client%255D+%2528ecmascript%2529:1497:36)
    at update (http://localhost:3000/_next/static/chunks/node_modules_%40react-three_fiber_dist_10swxn6._.js:15260:26)
    at loop (http://localhost:3000/_next/static/chunks/node_modules_%40react-three_fiber_dist_10swxn6._.js:15286:23)
[  702564ms] ReferenceError: PIN_LABEL is not defined
    at useLabelProjection.useFrame [as current] (http://localhost:3000/_next/static/chunks/src_1aak4l9._.js?id=%255Bproject%255D%252Fsrc%252Fchapters%252Fch5%252FShowOrHideScene.tsx+%255Bapp-client%255D+%2528ecmascript%2529:1497:36)
    at update (http://localhost:3000/_next/static/chunks/node_modules_%40react-three_fiber_dist_10swxn6._.js:15260:26)
    at loop (http://localhost:3000/_next/static/chunks/node_modules_%40react-three_fiber_dist_10swxn6._.js:15286:23)
[  702572ms] ReferenceError: PIN_LABEL is not defined
    at useLabelProjection.useFrame [as current] (http://localhost:3000/_next/static/chunks/src_1aak4l9._.js?id=%255Bproject%255D%252Fsrc%252Fchapters%252Fch5%252FShowOrHideScene.tsx+%255Bapp-client%255D+%2528ecmascript%2529:1497:36)
    at update (http://localhost:3000/_next/static/chunks/node_modules_%40react-three_fiber_dist_10swxn6._.js:15260:26)
    at loop (http://localhost:3000/_next/static/chunks/node_modules_%40react-three_fiber_dist_10swxn6._.js:15286:23)
[  702581ms] ReferenceError: PIN_LABEL is not defined
    at useLabelProjection.useFrame [as current] (http://localhost:3000/_next/static/chunks/src_1aak4l9._.js?id=%255Bproject%255D%252Fsrc%252Fchapters%252Fch5%252FShowOrHideScene.tsx+%255Bapp-client%255D+%2528ecmascript%2529:1497:36)
    at update (http://localhost:3000/_next/static/chunks/node_modules_%40react-three_fiber_dist_10swxn6._.js:15260:26)
    at loop (http://localhost:3000/_next/static/chunks/node_modules_%40react-three_fiber_dist_10swxn6._.js:15286:23)
[  702589ms] ReferenceError: PIN_LABEL is not defined
    at useLabelProjection.useFrame [as current] (http://localhost:3000/_next/static/chunks/src_1aak4l9._.js?id=%255Bproject%255D%252Fsrc%252Fchapters%252Fch5%252FShowOrHideScene.tsx+%255Bapp-client%255D+%2528ecmascript%2529:1497:36)
    at update (http://localhost:3000/_next/static/chunks/node_modules_%40react-three_fiber_dist_10swxn6._.js:15260:26)
    at loop (http://localhost:3000/_next/static/chunks/node_modules_%40react-three_fiber_dist_10swxn6._.js:15286:23)
[  702599ms] ReferenceError: PIN_LABEL is not defined
    at useLabelProjection.useFrame [as current] (http://localhost:3000/_next/static/chunks/src_1aak4l9._.js?id=%255Bproject%255D%252Fsrc%252Fchapters%252Fch5%252FShowOrHideScene.tsx+%255Bapp-client%255D+%2528ecmascript%2529:1497:36)
    at update (http://localhost:3000/_next/static/chunks/node_modules_%40react-three_fiber_dist_10swxn6._.js:15260:26)
    at loop (http://localhost:3000/_next/static/chunks/node_modules_%40react-three_fiber_dist_10swxn6._.js:15286:23)
[  702606ms] ReferenceError: PIN_LABEL is not defined
    at useLabelProjection.useFrame [as current] (http://localhost:3000/_next/static/chunks/src_1aak4l9._.js?id=%255Bproject%255D%252Fsrc%252Fchapters%252Fch5%252FShowOrHideScene.tsx+%255Bapp-client%255D+%2528ecmascript%2529:1497:36)
    at update (http://localhost:3000/_next/static/chunks/node_modules_%40react-three_fiber_dist_10swxn6._.js:15260:26)
    at loop (http://localhost:3000/_next/static/chunks/node_modules_%40react-three_fiber_dist_10swxn6._.js:15286:23)
[  702615ms] ReferenceError: PIN_LABEL is not defined
    at useLabelProjection.useFrame [as current] (http://localhost:3000/_next/static/chunks/src_1aak4l9._.js?id=%255Bproject%255D%252Fsrc%252Fchapters%252Fch5%252FShowOrHideScene.tsx+%255Bapp-client%255D+%2528ecmascript%2529:1497:36)
    at update (http://localhost:3000/_next/static/chunks/node_modules_%40react-three_fiber_dist_10swxn6._.js:15260:26)
    at loop (http://localhost:3000/_next/static/chunks/node_modules_%40react-three_fiber_dist_10swxn6._.js:15286:23)
[  702623ms] ReferenceError: PIN_LABEL is not defined
    at useLabelProjection.useFrame [as current] (http://localhost:3000/_next/static/chunks/src_1aak4l9._.js?id=%255Bproject%255D%252Fsrc%252Fchapters%252Fch5%252FShowOrHideScene.tsx+%255Bapp-client%255D+%2528ecmascript%2529:1497:36)
    at update (http://localhost:3000/_next/static/chunks/node_modules_%40react-three_fiber_dist_10swxn6._.js:15260:26)
    at loop (http://localhost:3000/_next/static/chunks/node_modules_%40react-three_fiber_dist_10swxn6._.js:15286:23)
[  702631ms] ReferenceError: PIN_LABEL is not defined
    at useLabelProjection.useFrame [as current] (http://localhost:3000/_next/static/chunks/src_1aak4l9._.js?id=%255Bproject%255D%252Fsrc%252Fchapters%252Fch5%252FShowOrHideScene.tsx+%255Bapp-client%255D+%2528ecmascript%2529:1497:36)
    at update (http://localhost:3000/_next/static/chunks/node_modules_%40react-three_fiber_dist_10swxn6._.js:15260:26)
    at loop (http://localhost:3000/_next/static/chunks/node_modules_%40react-three_fiber_dist_10swxn6._.js:15286:23)
[  702639ms] ReferenceError: PIN_LABEL is not defined
    at useLabelProjection.useFrame [as current] (http://localhost:3000/_next/static/chunks/src_1aak4l9._.js?id=%255Bproject%255D%252Fsrc%252Fchapters%252Fch5%252FShowOrHideScene.tsx+%255Bapp-client%255D+%2528ecmascript%2529:1497:36)
    at update (http://localhost:3000/_next/static/chunks/node_modules_%40react-three_fiber_dist_10swxn6._.js:15260:26)
    at loop (http://localhost:3000/_next/static/chunks/node_modules_%40react-three_fiber_dist_10swxn6._.js:15286:23)
[  702648ms] ReferenceError: PIN_LABEL is not defined
    at useLabelProjection.useFrame [as current] (http://localhost:3000/_next/static/chunks/src_1aak4l9._.js?id=%255Bproject%255D%252Fsrc%252Fchapters%252Fch5%252FShowOrHideScene.tsx+%255Bapp-client%255D+%2528ecmascript%2529:1497:36)
    at update (http://localhost:3000/_next/static/chunks/node_modules_%40react-three_fiber_dist_10swxn6._.js:15260:26)
    at loop (http://localhost:3000/_next/static/chunks/node_modules_%40react-three_fiber_dist_10swxn6._.js:15286:23)
[  702656ms] ReferenceError: PIN_LABEL is not defined
    at useLabelProjection.useFrame [as current] (http://localhost:3000/_next/static/chunks/src_1aak4l9._.js?id=%255Bproject%255D%252Fsrc%252Fchapters%252Fch5%252FShowOrHideScene.tsx+%255Bapp-client%255D+%2528ecmascript%2529:1497:36)
    at update (http://localhost:3000/_next/static/chunks/node_modules_%40react-three_fiber_dist_10swxn6._.js:15260:26)
    at loop (http://localhost:3000/_next/static/chunks/node_modules_%40react-three_fiber_dist_10swxn6._.js:15286:23)
[  702666ms] ReferenceError: PIN_LABEL is not defined
    at useLabelProjection.useFrame [as current] (http://localhost:3000/_next/static/chunks/src_1aak4l9._.js?id=%255Bproject%255D%252Fsrc%252Fchapters%252Fch5%252FShowOrHideScene.tsx+%255Bapp-client%255D+%2528ecmascript%2529:1497:36)
    at update (http://localhost:3000/_next/static/chunks/node_modules_%40react-three_fiber_dist_10swxn6._.js:15260:26)
    at loop (http://localhost:3000/_next/static/chunks/node_modules_%40react-three_fiber_dist_10swxn6._.js:15286:23)
[  702672ms] ReferenceError: PIN_LABEL is not defined
    at useLabelProjection.useFrame [as current] (http://localhost:3000/_next/static/chunks/src_1aak4l9._.js?id=%255Bproject%255D%252Fsrc%252Fchapters%252Fch5%252FShowOrHideScene.tsx+%255Bapp-client%255D+%2528ecmascript%2529:1497:36)
    at update (http://localhost:3000/_next/static/chunks/node_modules_%40react-three_fiber_dist_10swxn6._.js:15260:26)
    at loop (http://localhost:3000/_next/static/chunks/node_modules_%40react-three_fiber_dist_10swxn6._.js:15286:23)
[  702682ms] ReferenceError: PIN_LABEL is not defined
    at useLabelProjection.useFrame [as current] (http://localhost:3000/_next/static/chunks/src_1aak4l9._.js?id=%255Bproject%255D%252Fsrc%252Fchapters%252Fch5%252FShowOrHideScene.tsx+%255Bapp-client%255D+%2528ecmascript%2529:1497:36)
    at update (http://localhost:3000/_next/static/chunks/node_modules_%40react-three_fiber_dist_10swxn6._.js:15260:26)
    at loop (http://localhost:3000/_next/static/chunks/node_modules_%40react-three_fiber_dist_10swxn6._.js:15286:23)
[  702689ms] ReferenceError: PIN_LABEL is not defined
    at useLabelProjection.useFrame [as current] (http://localhost:3000/_next/static/chunks/src_1aak4l9._.js?id=%255Bproject%255D%252Fsrc%252Fchapters%252Fch5%252FShowOrHideScene.tsx+%255Bapp-client%255D+%2528ecmascript%2529:1497:36)
    at update (http://localhost:3000/_next/static/chunks/node_modules_%40react-three_fiber_dist_10swxn6._.js:15260:26)
    at loop (http://localhost:3000/_next/static/chunks/node_modules_%40react-three_fiber_dist_10swxn6._.js:15286:23)
[  702698ms] ReferenceError: PIN_LABEL is not defined
    at useLabelProjection.useFrame [as current] (http://localhost:3000/_next/static/chunks/src_1aak4l9._.js?id=%255Bproject%255D%252Fsrc%252Fchapters%252Fch5%252FShowOrHideScene.tsx+%255Bapp-client%255D+%2528ecmascript%2529:1497:36)
    at update (http://localhost:3000/_next/static/chunks/node_modules_%40react-three_fiber_dist_10swxn6._.js:15260:26)
    at loop (http://localhost:3000/_next/static/chunks/node_modules_%40react-three_fiber_dist_10swxn6._.js:15286:23)
[  702706ms] ReferenceError: PIN_LABEL is not defined
    at useLabelProjection.useFrame [as current] (http://localhost:3000/_next/static/chunks/src_1aak4l9._.js?id=%255Bproject%255D%252Fsrc%252Fchapters%252Fch5%252FShowOrHideScene.tsx+%255Bapp-client%255D+%2528ecmascript%2529:1497:36)
    at update (http://localhost:3000/_next/static/chunks/node_modules_%40react-three_fiber_dist_10swxn6._.js:15260:26)
    at loop (http://localhost:3000/_next/static/chunks/node_modules_%40react-three_fiber_dist_10swxn6._.js:15286:23)
[  702714ms] ReferenceError: PIN_LABEL is not defined
    at useLabelProjection.useFrame [as current] (http://localhost:3000/_next/static/chunks/src_1aak4l9._.js?id=%255Bproject%255D%252Fsrc%252Fchapters%252Fch5%252FShowOrHideScene.tsx+%255Bapp-client%255D+%2528ecmascript%2529:1497:36)
    at update (http://localhost:3000/_next/static/chunks/node_modules_%40react-three_fiber_dist_10swxn6._.js:15260:26)
    at loop (http://localhost:3000/_next/static/chunks/node_modules_%40react-three_fiber_dist_10swxn6._.js:15286:23)
[  702723ms] ReferenceError: PIN_LABEL is not defined
    at useLabelProjection.useFrame [as current] (http://localhost:3000/_next/static/chunks/src_1aak4l9._.js?id=%255Bproject%255D%252Fsrc%252Fchapters%252Fch5%252FShowOrHideScene.tsx+%255Bapp-client%255D+%2528ecmascript%2529:1497:36)
    at update (http://localhost:3000/_next/static/chunks/node_modules_%40react-three_fiber_dist_10swxn6._.js:15260:26)
    at loop (http://localhost:3000/_next/static/chunks/node_modules_%40react-three_fiber_dist_10swxn6._.js:15286:23)
[  702731ms] ReferenceError: PIN_LABEL is not defined
    at useLabelProjection.useFrame [as current] (http://localhost:3000/_next/static/chunks/src_1aak4l9._.js?id=%255Bproject%255D%252Fsrc%252Fchapters%252Fch5%252FShowOrHideScene.tsx+%255Bapp-client%255D+%2528ecmascript%2529:1497:36)
    at update (http://localhost:3000/_next/static/chunks/node_modules_%40react-three_fiber_dist_10swxn6._.js:15260:26)
    at loop (http://localhost:3000/_next/static/chunks/node_modules_%40react-three_fiber_dist_10swxn6._.js:15286:23)
[  702739ms] ReferenceError: PIN_LABEL is not defined
    at useLabelProjection.useFrame [as current] (http://localhost:3000/_next/static/chunks/src_1aak4l9._.js?id=%255Bproject%255D%252Fsrc%252Fchapters%252Fch5%252FShowOrHideScene.tsx+%255Bapp-client%255D+%2528ecmascript%2529:1497:36)
    at update (http://localhost:3000/_next/static/chunks/node_modules_%40react-three_fiber_dist_10swxn6._.js:15260:26)
    at loop (http://localhost:3000/_next/static/chunks/node_modules_%40react-three_fiber_dist_10swxn6._.js:15286:23)
[  702747ms] ReferenceError: PIN_LABEL is not defined
    at useLabelProjection.useFrame [as current] (http://localhost:3000/_next/static/chunks/src_1aak4l9._.js?id=%255Bproject%255D%252Fsrc%252Fchapters%252Fch5%252FShowOrHideScene.tsx+%255Bapp-client%255D+%2528ecmascript%2529:1497:36)
    at update (http://localhost:3000/_next/static/chunks/node_modules_%40react-three_fiber_dist_10swxn6._.js:15260:26)
    at loop (http://localhost:3000/_next/static/chunks/node_modules_%40react-three_fiber_dist_10swxn6._.js:15286:23)
[  702756ms] ReferenceError: PIN_LABEL is not defined
    at useLabelProjection.useFrame [as current] (http://localhost:3000/_next/static/chunks/src_1aak4l9._.js?id=%255Bproject%255D%252Fsrc%252Fchapters%252Fch5%252FShowOrHideScene.tsx+%255Bapp-client%255D+%2528ecmascript%2529:1497:36)
    at update (http://localhost:3000/_next/static/chunks/node_modules_%40react-three_fiber_dist_10swxn6._.js:15260:26)
    at loop (http://localhost:3000/_next/static/chunks/node_modules_%40react-three_fiber_dist_10swxn6._.js:15286:23)
[  702765ms] ReferenceError: PIN_LABEL is not defined
    at useLabelProjection.useFrame [as current] (http://localhost:3000/_next/static/chunks/src_1aak4l9._.js?id=%255Bproject%255D%252Fsrc%252Fchapters%252Fch5%252FShowOrHideScene.tsx+%255Bapp-client%255D+%2528ecmascript%2529:1497:36)
    at update (http://localhost:3000/_next/static/chunks/node_modules_%40react-three_fiber_dist_10swxn6._.js:15260:26)
    at loop (http://localhost:3000/_next/static/chunks/node_modules_%40react-three_fiber_dist_10swxn6._.js:15286:23)
[  702772ms] ReferenceError: PIN_LABEL is not defined
    at useLabelProjection.useFrame [as current] (http://localhost:3000/_next/static/chunks/src_1aak4l9._.js?id=%255Bproject%255D%252Fsrc%252Fchapters%252Fch5%252FShowOrHideScene.tsx+%255Bapp-client%255D+%2528ecmascript%2529:1497:36)
    at update (http://localhost:3000/_next/static/chunks/node_modules_%40react-three_fiber_dist_10swxn6._.js:15260:26)
    at loop (http://localhost:3000/_next/static/chunks/node_modules_%40react-three_fiber_dist_10swxn6._.js:15286:23)
[  702781ms] ReferenceError: PIN_LABEL is not defined
    at useLabelProjection.useFrame [as current] (http://localhost:3000/_next/static/chunks/src_1aak4l9._.js?id=%255Bproject%255D%252Fsrc%252Fchapters%252Fch5%252FShowOrHideScene.tsx+%255Bapp-client%255D+%2528ecmascript%2529:1497:36)
    at update (http://localhost:3000/_next/static/chunks/node_modules_%40react-three_fiber_dist_10swxn6._.js:15260:26)
    at loop (http://localhost:3000/_next/static/chunks/node_modules_%40react-three_fiber_dist_10swxn6._.js:15286:23)
[  702789ms] ReferenceError: PIN_LABEL is not defined
    at useLabelProjection.useFrame [as current] (http://localhost:3000/_next/static/chunks/src_1aak4l9._.js?id=%255Bproject%255D%252Fsrc%252Fchapters%252Fch5%252FShowOrHideScene.tsx+%255Bapp-client%255D+%2528ecmascript%2529:1497:36)
    at update (http://localhost:3000/_next/static/chunks/node_modules_%40react-three_fiber_dist_10swxn6._.js:15260:26)
    at loop (http://localhost:3000/_next/static/chunks/node_modules_%40react-three_fiber_dist_10swxn6._.js:15286:23)
[  702798ms] ReferenceError: PIN_LABEL is not defined
    at useLabelProjection.useFrame [as current] (http://localhost:3000/_next/static/chunks/src_1aak4l9._.js?id=%255Bproject%255D%252Fsrc%252Fchapters%252Fch5%252FShowOrHideScene.tsx+%255Bapp-client%255D+%2528ecmascript%2529:1497:36)
    at update (http://localhost:3000/_next/static/chunks/node_modules_%40react-three_fiber_dist_10swxn6._.js:15260:26)
    at loop (http://localhost:3000/_next/static/chunks/node_modules_%40react-three_fiber_dist_10swxn6._.js:15286:23)
[  702806ms] ReferenceError: PIN_LABEL is not defined
    at useLabelProjection.useFrame [as current] (http://localhost:3000/_next/static/chunks/src_1aak4l9._.js?id=%255Bproject%255D%252Fsrc%252Fchapters%252Fch5%252FShowOrHideScene.tsx+%255Bapp-client%255D+%2528ecmascript%2529:1497:36)
    at update (http://localhost:3000/_next/static/chunks/node_modules_%40react-three_fiber_dist_10swxn6._.js:15260:26)
    at loop (http://localhost:3000/_next/static/chunks/node_modules_%40react-three_fiber_dist_10swxn6._.js:15286:23)
[  702814ms] ReferenceError: PIN_LABEL is not defined
    at useLabelProjection.useFrame [as current] (http://localhost:3000/_next/static/chunks/src_1aak4l9._.js?id=%255Bproject%255D%252Fsrc%252Fchapters%252Fch5%252FShowOrHideScene.tsx+%255Bapp-client%255D+%2528ecmascript%2529:1497:36)
    at update (http://localhost:3000/_next/static/chunks/node_modules_%40react-three_fiber_dist_10swxn6._.js:15260:26)
    at loop (http://localhost:3000/_next/static/chunks/node_modules_%40react-three_fiber_dist_10swxn6._.js:15286:23)
[  702823ms] ReferenceError: PIN_LABEL is not defined
    at useLabelProjection.useFrame [as current] (http://localhost:3000/_next/static/chunks/src_1aak4l9._.js?id=%255Bproject%255D%252Fsrc%252Fchapters%252Fch5%252FShowOrHideScene.tsx+%255Bapp-client%255D+%2528ecmascript%2529:1497:36)
    at update (http://localhost:3000/_next/static/chunks/node_modules_%40react-three_fiber_dist_10swxn6._.js:15260:26)
    at loop (http://localhost:3000/_next/static/chunks/node_modules_%40react-three_fiber_dist_10swxn6._.js:15286:23)
[  702831ms] ReferenceError: PIN_LABEL is not defined
    at useLabelProjection.useFrame [as current] (http://localhost:3000/_next/static/chunks/src_1aak4l9._.js?id=%255Bproject%255D%252Fsrc%252Fchapters%252Fch5%252FShowOrHideScene.tsx+%255Bapp-client%255D+%2528ecmascript%2529:1497:36)
    at update (http://localhost:3000/_next/static/chunks/node_modules_%40react-three_fiber_dist_10swxn6._.js:15260:26)
    at loop (http://localhost:3000/_next/static/chunks/node_modules_%40react-three_fiber_dist_10swxn6._.js:15286:23)
[  702840ms] ReferenceError: PIN_LABEL is not defined
    at useLabelProjection.useFrame [as current] (http://localhost:3000/_next/static/chunks/src_1aak4l9._.js?id=%255Bproject%255D%252Fsrc%252Fchapters%252Fch5%252FShowOrHideScene.tsx+%255Bapp-client%255D+%2528ecmascript%2529:1497:36)
    at update (http://localhost:3000/_next/static/chunks/node_modules_%40react-three_fiber_dist_10swxn6._.js:15260:26)
    at loop (http://localhost:3000/_next/static/chunks/node_modules_%40react-three_fiber_dist_10swxn6._.js:15286:23)
[  702848ms] ReferenceError: PIN_LABEL is not defined
    at useLabelProjection.useFrame [as current] (http://localhost:3000/_next/static/chunks/src_1aak4l9._.js?id=%255Bproject%255D%252Fsrc%252Fchapters%252Fch5%252FShowOrHideScene.tsx+%255Bapp-client%255D+%2528ecmascript%2529:1497:36)
    at update (http://localhost:3000/_next/static/chunks/node_modules_%40react-three_fiber_dist_10swxn6._.js:15260:26)
    at loop (http://localhost:3000/_next/static/chunks/node_modules_%40react-three_fiber_dist_10swxn6._.js:15286:23)
[  702856ms] ReferenceError: PIN_LABEL is not defined
    at useLabelProjection.useFrame [as current] (http://localhost:3000/_next/static/chunks/src_1aak4l9._.js?id=%255Bproject%255D%252Fsrc%252Fchapters%252Fch5%252FShowOrHideScene.tsx+%255Bapp-client%255D+%2528ecmascript%2529:1497:36)
    at update (http://localhost:3000/_next/static/chunks/node_modules_%40react-three_fiber_dist_10swxn6._.js:15260:26)
    at loop (http://localhost:3000/_next/static/chunks/node_modules_%40react-three_fiber_dist_10swxn6._.js:15286:23)
[  702864ms] ReferenceError: PIN_LABEL is not defined
    at useLabelProjection.useFrame [as current] (http://localhost:3000/_next/static/chunks/src_1aak4l9._.js?id=%255Bproject%255D%252Fsrc%252Fchapters%252Fch5%252FShowOrHideScene.tsx+%255Bapp-client%255D+%2528ecmascript%2529:1497:36)
    at update (http://localhost:3000/_next/static/chunks/node_modules_%40react-three_fiber_dist_10swxn6._.js:15260:26)
    at loop (http://localhost:3000/_next/static/chunks/node_modules_%40react-three_fiber_dist_10swxn6._.js:15286:23)
[  702873ms] ReferenceError: PIN_LABEL is not defined
    at useLabelProjection.useFrame [as current] (http://localhost:3000/_next/static/chunks/src_1aak4l9._.js?id=%255Bproject%255D%252Fsrc%252Fchapters%252Fch5%252FShowOrHideScene.tsx+%255Bapp-client%255D+%2528ecmascript%2529:1497:36)
    at update (http://localhost:3000/_next/static/chunks/node_modules_%40react-three_fiber_dist_10swxn6._.js:15260:26)
    at loop (http://localhost:3000/_next/static/chunks/node_modules_%40react-three_fiber_dist_10swxn6._.js:15286:23)
[  702881ms] ReferenceError: PIN_LABEL is not defined
    at useLabelProjection.useFrame [as current] (http://localhost:3000/_next/static/chunks/src_1aak4l9._.js?id=%255Bproject%255D%252Fsrc%252Fchapters%252Fch5%252FShowOrHideScene.tsx+%255Bapp-client%255D+%2528ecmascript%2529:1497:36)
    at update (http://localhost:3000/_next/static/chunks/node_modules_%40react-three_fiber_dist_10swxn6._.js:15260:26)
    at loop (http://localhost:3000/_next/static/chunks/node_modules_%40react-three_fiber_dist_10swxn6._.js:15286:23)
[  702889ms] ReferenceError: PIN_LABEL is not defined
    at useLabelProjection.useFrame [as current] (http://localhost:3000/_next/static/chunks/src_1aak4l9._.js?id=%255Bproject%255D%252Fsrc%252Fchapters%252Fch5%252FShowOrHideScene.tsx+%255Bapp-client%255D+%2528ecmascript%2529:1497:36)
    at update (http://localhost:3000/_next/static/chunks/node_modules_%40react-three_fiber_dist_10swxn6._.js:15260:26)
    at loop (http://localhost:3000/_next/static/chunks/node_modules_%40react-three_fiber_dist_10swxn6._.js:15286:23)
[  702898ms] ReferenceError: PIN_LABEL is not defined
    at useLabelProjection.useFrame [as current] (http://localhost:3000/_next/static/chunks/src_1aak4l9._.js?id=%255Bproject%255D%252Fsrc%252Fchapters%252Fch5%252FShowOrHideScene.tsx+%255Bapp-client%255D+%2528ecmascript%2529:1497:36)
    at update (http://localhost:3000/_next/static/chunks/node_modules_%40react-three_fiber_dist_10swxn6._.js:15260:26)
    at loop (http://localhost:3000/_next/static/chunks/node_modules_%40react-three_fiber_dist_10swxn6._.js:15286:23)
[  702906ms] ReferenceError: PIN_LABEL is not defined
    at useLabelProjection.useFrame [as current] (http://localhost:3000/_next/static/chunks/src_1aak4l9._.js?id=%255Bproject%255D%252Fsrc%252Fchapters%252Fch5%252FShowOrHideScene.tsx+%255Bapp-client%255D+%2528ecmascript%2529:1497:36)
    at update (http://localhost:3000/_next/static/chunks/node_modules_%40react-three_fiber_dist_10swxn6._.js:15260:26)
    at loop (http://localhost:3000/_next/static/chunks/node_modules_%40react-three_fiber_dist_10swxn6._.js:15286:23)
[  702914ms] ReferenceError: PIN_LABEL is not defined
    at useLabelProjection.useFrame [as current] (http://localhost:3000/_next/static/chunks/src_1aak4l9._.js?id=%255Bproject%255D%252Fsrc%252Fchapters%252Fch5%252FShowOrHideScene.tsx+%255Bapp-client%255D+%2528ecmascript%2529:1497:36)
    at update (http://localhost:3000/_next/static/chunks/node_modules_%40react-three_fiber_dist_10swxn6._.js:15260:26)
    at loop (http://localhost:3000/_next/static/chunks/node_modules_%40react-three_fiber_dist_10swxn6._.js:15286:23)
[  702923ms] ReferenceError: PIN_LABEL is not defined
    at useLabelProjection.useFrame [as current] (http://localhost:3000/_next/static/chunks/src_1aak4l9._.js?id=%255Bproject%255D%252Fsrc%252Fchapters%252Fch5%252FShowOrHideScene.tsx+%255Bapp-client%255D+%2528ecmascript%2529:1497:36)
    at update (http://localhost:3000/_next/static/chunks/node_modules_%40react-three_fiber_dist_10swxn6._.js:15260:26)
    at loop (http://localhost:3000/_next/static/chunks/node_modules_%40react-three_fiber_dist_10swxn6._.js:15286:23)
[  702931ms] ReferenceError: PIN_LABEL is not defined
    at useLabelProjection.useFrame [as current] (http://localhost:3000/_next/static/chunks/src_1aak4l9._.js?id=%255Bproject%255D%252Fsrc%252Fchapters%252Fch5%252FShowOrHideScene.tsx+%255Bapp-client%255D+%2528ecmascript%2529:1497:36)
    at update (http://localhost:3000/_next/static/chunks/node_modules_%40react-three_fiber_dist_10swxn6._.js:15260:26)
    at loop (http://localhost:3000/_next/static/chunks/node_modules_%40react-three_fiber_dist_10swxn6._.js:15286:23)
[  702939ms] ReferenceError: PIN_LABEL is not defined
    at useLabelProjection.useFrame [as current] (http://localhost:3000/_next/static/chunks/src_1aak4l9._.js?id=%255Bproject%255D%252Fsrc%252Fchapters%252Fch5%252FShowOrHideScene.tsx+%255Bapp-client%255D+%2528ecmascript%2529:1497:36)
    at update (http://localhost:3000/_next/static/chunks/node_modules_%40react-three_fiber_dist_10swxn6._.js:15260:26)
    at loop (http://localhost:3000/_next/static/chunks/node_modules_%40react-three_fiber_dist_10swxn6._.js:15286:23)
[  702948ms] ReferenceError: PIN_LABEL is not defined
    at useLabelProjection.useFrame [as current] (http://localhost:3000/_next/static/chunks/src_1aak4l9._.js?id=%255Bproject%255D%252Fsrc%252Fchapters%252Fch5%252FShowOrHideScene.tsx+%255Bapp-client%255D+%2528ecmascript%2529:1497:36)
    at update (http://localhost:3000/_next/static/chunks/node_modules_%40react-three_fiber_dist_10swxn6._.js:15260:26)
    at loop (http://localhost:3000/_next/static/chunks/node_modules_%40react-three_fiber_dist_10swxn6._.js:15286:23)
[  702956ms] ReferenceError: PIN_LABEL is not defined
    at useLabelProjection.useFrame [as current] (http://localhost:3000/_next/static/chunks/src_1aak4l9._.js?id=%255Bproject%255D%252Fsrc%252Fchapters%252Fch5%252FShowOrHideScene.tsx+%255Bapp-client%255D+%2528ecmascript%2529:1497:36)
    at update (http://localhost:3000/_next/static/chunks/node_modules_%40react-three_fiber_dist_10swxn6._.js:15260:26)
    at loop (http://localhost:3000/_next/static/chunks/node_modules_%40react-three_fiber_dist_10swxn6._.js:15286:23)
[  702965ms] ReferenceError: PIN_LABEL is not defined
    at useLabelProjection.useFrame [as current] (http://localhost:3000/_next/static/chunks/src_1aak4l9._.js?id=%255Bproject%255D%252Fsrc%252Fchapters%252Fch5%252FShowOrHideScene.tsx+%255Bapp-client%255D+%2528ecmascript%2529:1497:36)
    at update (http://localhost:3000/_next/static/chunks/node_modules_%40react-three_fiber_dist_10swxn6._.js:15260:26)
    at loop (http://localhost:3000/_next/static/chunks/node_modules_%40react-three_fiber_dist_10swxn6._.js:15286:23)
[  702972ms] ReferenceError: PIN_LABEL is not defined
    at useLabelProjection.useFrame [as current] (http://localhost:3000/_next/static/chunks/src_1aak4l9._.js?id=%255Bproject%255D%252Fsrc%252Fchapters%252Fch5%252FShowOrHideScene.tsx+%255Bapp-client%255D+%2528ecmascript%2529:1497:36)
    at update (http://localhost:3000/_next/static/chunks/node_modules_%40react-three_fiber_dist_10swxn6._.js:15260:26)
    at loop (http://localhost:3000/_next/static/chunks/node_modules_%40react-three_fiber_dist_10swxn6._.js:15286:23)
[  702981ms] ReferenceError: PIN_LABEL is not defined
    at useLabelProjection.useFrame [as current] (http://localhost:3000/_next/static/chunks/src_1aak4l9._.js?id=%255Bproject%255D%252Fsrc%252Fchapters%252Fch5%252FShowOrHideScene.tsx+%255Bapp-client%255D+%2528ecmascript%2529:1497:36)
    at update (http://localhost:3000/_next/static/chunks/node_modules_%40react-three_fiber_dist_10swxn6._.js:15260:26)
    at loop (http://localhost:3000/_next/static/chunks/node_modules_%40react-three_fiber_dist_10swxn6._.js:15286:23)
[  702989ms] ReferenceError: PIN_LABEL is not defined
    at useLabelProjection.useFrame [as current] (http://localhost:3000/_next/static/chunks/src_1aak4l9._.js?id=%255Bproject%255D%252Fsrc%252Fchapters%252Fch5%252FShowOrHideScene.tsx+%255Bapp-client%255D+%2528ecmascript%2529:1497:36)
    at update (http://localhost:3000/_next/static/chunks/node_modules_%40react-three_fiber_dist_10swxn6._.js:15260:26)
    at loop (http://localhost:3000/_next/static/chunks/node_modules_%40react-three_fiber_dist_10swxn6._.js:15286:23)
[  702998ms] ReferenceError: PIN_LABEL is not defined
    at useLabelProjection.useFrame [as current] (http://localhost:3000/_next/static/chunks/src_1aak4l9._.js?id=%255Bproject%255D%252Fsrc%252Fchapters%252Fch5%252FShowOrHideScene.tsx+%255Bapp-client%255D+%2528ecmascript%2529:1497:36)
    at update (http://localhost:3000/_next/static/chunks/node_modules_%40react-three_fiber_dist_10swxn6._.js:15260:26)
    at loop (http://localhost:3000/_next/static/chunks/node_modules_%40react-three_fiber_dist_10swxn6._.js:15286:23)
[  703006ms] ReferenceError: PIN_LABEL is not defined
    at useLabelProjection.useFrame [as current] (http://localhost:3000/_next/static/chunks/src_1aak4l9._.js?id=%255Bproject%255D%252Fsrc%252Fchapters%252Fch5%252FShowOrHideScene.tsx+%255Bapp-client%255D+%2528ecmascript%2529:1497:36)
    at update (http://localhost:3000/_next/static/chunks/node_modules_%40react-three_fiber_dist_10swxn6._.js:15260:26)
    at loop (http://localhost:3000/_next/static/chunks/node_modules_%40react-three_fiber_dist_10swxn6._.js:15286:23)
[  703014ms] ReferenceError: PIN_LABEL is not defined
    at useLabelProjection.useFrame [as current] (http://localhost:3000/_next/static/chunks/src_1aak4l9._.js?id=%255Bproject%255D%252Fsrc%252Fchapters%252Fch5%252FShowOrHideScene.tsx+%255Bapp-client%255D+%2528ecmascript%2529:1497:36)
    at update (http://localhost:3000/_next/static/chunks/node_modules_%40react-three_fiber_dist_10swxn6._.js:15260:26)
    at loop (http://localhost:3000/_next/static/chunks/node_modules_%40react-three_fiber_dist_10swxn6._.js:15286:23)
[  703024ms] ReferenceError: PIN_LABEL is not defined
    at useLabelProjection.useFrame [as current] (http://localhost:3000/_next/static/chunks/src_1aak4l9._.js?id=%255Bproject%255D%252Fsrc%252Fchapters%252Fch5%252FShowOrHideScene.tsx+%255Bapp-client%255D+%2528ecmascript%2529:1497:36)
    at update (http://localhost:3000/_next/static/chunks/node_modules_%40react-three_fiber_dist_10swxn6._.js:15260:26)
    at loop (http://localhost:3000/_next/static/chunks/node_modules_%40react-three_fiber_dist_10swxn6._.js:15286:23)
[  703031ms] ReferenceError: PIN_LABEL is not defined
    at useLabelProjection.useFrame [as current] (http://localhost:3000/_next/static/chunks/src_1aak4l9._.js?id=%255Bproject%255D%252Fsrc%252Fchapters%252Fch5%252FShowOrHideScene.tsx+%255Bapp-client%255D+%2528ecmascript%2529:1497:36)
    at update (http://localhost:3000/_next/static/chunks/node_modules_%40react-three_fiber_dist_10swxn6._.js:15260:26)
    at loop (http://localhost:3000/_next/static/chunks/node_modules_%40react-three_fiber_dist_10swxn6._.js:15286:23)
[  703040ms] ReferenceError: PIN_LABEL is not defined
    at useLabelProjection.useFrame [as current] (http://localhost:3000/_next/static/chunks/src_1aak4l9._.js?id=%255Bproject%255D%252Fsrc%252Fchapters%252Fch5%252FShowOrHideScene.tsx+%255Bapp-client%255D+%2528ecmascript%2529:1497:36)
    at update (http://localhost:3000/_next/static/chunks/node_modules_%40react-three_fiber_dist_10swxn6._.js:15260:26)
    at loop (http://localhost:3000/_next/static/chunks/node_modules_%40react-three_fiber_dist_10swxn6._.js:15286:23)
[  703048ms] ReferenceError: PIN_LABEL is not defined
    at useLabelProjection.useFrame [as current] (http://localhost:3000/_next/static/chunks/src_1aak4l9._.js?id=%255Bproject%255D%252Fsrc%252Fchapters%252Fch5%252FShowOrHideScene.tsx+%255Bapp-client%255D+%2528ecmascript%2529:1497:36)
    at update (http://localhost:3000/_next/static/chunks/node_modules_%40react-three_fiber_dist_10swxn6._.js:15260:26)
    at loop (http://localhost:3000/_next/static/chunks/node_modules_%40react-three_fiber_dist_10swxn6._.js:15286:23)
[  703056ms] ReferenceError: PIN_LABEL is not defined
    at useLabelProjection.useFrame [as current] (http://localhost:3000/_next/static/chunks/src_1aak4l9._.js?id=%255Bproject%255D%252Fsrc%252Fchapters%252Fch5%252FShowOrHideScene.tsx+%255Bapp-client%255D+%2528ecmascript%2529:1497:36)
    at update (http://localhost:3000/_next/static/chunks/node_modules_%40react-three_fiber_dist_10swxn6._.js:15260:26)
    at loop (http://localhost:3000/_next/static/chunks/node_modules_%40react-three_fiber_dist_10swxn6._.js:15286:23)
[  703064ms] ReferenceError: PIN_LABEL is not defined
    at useLabelProjection.useFrame [as current] (http://localhost:3000/_next/static/chunks/src_1aak4l9._.js?id=%255Bproject%255D%252Fsrc%252Fchapters%252Fch5%252FShowOrHideScene.tsx+%255Bapp-client%255D+%2528ecmascript%2529:1497:36)
    at update (http://localhost:3000/_next/static/chunks/node_modules_%40react-three_fiber_dist_10swxn6._.js:15260:26)
    at loop (http://localhost:3000/_next/static/chunks/node_modules_%40react-three_fiber_dist_10swxn6._.js:15286:23)
[  703073ms] ReferenceError: PIN_LABEL is not defined
    at useLabelProjection.useFrame [as current] (http://localhost:3000/_next/static/chunks/src_1aak4l9._.js?id=%255Bproject%255D%252Fsrc%252Fchapters%252Fch5%252FShowOrHideScene.tsx+%255Bapp-client%255D+%2528ecmascript%2529:1497:36)
    at update (http://localhost:3000/_next/static/chunks/node_modules_%40react-three_fiber_dist_10swxn6._.js:15260:26)
    at loop (http://localhost:3000/_next/static/chunks/node_modules_%40react-three_fiber_dist_10swxn6._.js:15286:23)
[  703082ms] ReferenceError: PIN_LABEL is not defined
    at useLabelProjection.useFrame [as current] (http://localhost:3000/_next/static/chunks/src_1aak4l9._.js?id=%255Bproject%255D%252Fsrc%252Fchapters%252Fch5%252FShowOrHideScene.tsx+%255Bapp-client%255D+%2528ecmascript%2529:1497:36)
    at update (http://localhost:3000/_next/static/chunks/node_modules_%40react-three_fiber_dist_10swxn6._.js:15260:26)
    at loop (http://localhost:3000/_next/static/chunks/node_modules_%40react-three_fiber_dist_10swxn6._.js:15286:23)
[  703090ms] ReferenceError: PIN_LABEL is not defined
    at useLabelProjection.useFrame [as current] (http://localhost:3000/_next/static/chunks/src_1aak4l9._.js?id=%255Bproject%255D%252Fsrc%252Fchapters%252Fch5%252FShowOrHideScene.tsx+%255Bapp-client%255D+%2528ecmascript%2529:1497:36)
    at update (http://localhost:3000/_next/static/chunks/node_modules_%40react-three_fiber_dist_10swxn6._.js:15260:26)
    at loop (http://localhost:3000/_next/static/chunks/node_modules_%40react-three_fiber_dist_10swxn6._.js:15286:23)
[  703098ms] ReferenceError: PIN_LABEL is not defined
    at useLabelProjection.useFrame [as current] (http://localhost:3000/_next/static/chunks/src_1aak4l9._.js?id=%255Bproject%255D%252Fsrc%252Fchapters%252Fch5%252FShowOrHideScene.tsx+%255Bapp-client%255D+%2528ecmascript%2529:1497:36)
    at update (http://localhost:3000/_next/static/chunks/node_modules_%40react-three_fiber_dist_10swxn6._.js:15260:26)
    at loop (http://localhost:3000/_next/static/chunks/node_modules_%40react-three_fiber_dist_10swxn6._.js:15286:23)
[  703106ms] ReferenceError: PIN_LABEL is not defined
    at useLabelProjection.useFrame [as current] (http://localhost:3000/_next/static/chunks/src_1aak4l9._.js?id=%255Bproject%255D%252Fsrc%252Fchapters%252Fch5%252FShowOrHideScene.tsx+%255Bapp-client%255D+%2528ecmascript%2529:1497:36)
    at update (http://localhost:3000/_next/static/chunks/node_modules_%40react-three_fiber_dist_10swxn6._.js:15260:26)
    at loop (http://localhost:3000/_next/static/chunks/node_modules_%40react-three_fiber_dist_10swxn6._.js:15286:23)
[  703115ms] ReferenceError: PIN_LABEL is not defined
    at useLabelProjection.useFrame [as current] (http://localhost:3000/_next/static/chunks/src_1aak4l9._.js?id=%255Bproject%255D%252Fsrc%252Fchapters%252Fch5%252FShowOrHideScene.tsx+%255Bapp-client%255D+%2528ecmascript%2529:1497:36)
    at update (http://localhost:3000/_next/static/chunks/node_modules_%40react-three_fiber_dist_10swxn6._.js:15260:26)
    at loop (http://localhost:3000/_next/static/chunks/node_modules_%40react-three_fiber_dist_10swxn6._.js:15286:23)
[  703123ms] ReferenceError: PIN_LABEL is not defined
    at useLabelProjection.useFrame [as current] (http://localhost:3000/_next/static/chunks/src_1aak4l9._.js?id=%255Bproject%255D%252Fsrc%252Fchapters%252Fch5%252FShowOrHideScene.tsx+%255Bapp-client%255D+%2528ecmascript%2529:1497:36)
    at update (http://localhost:3000/_next/static/chunks/node_modules_%40react-three_fiber_dist_10swxn6._.js:15260:26)
    at loop (http://localhost:3000/_next/static/chunks/node_modules_%40react-three_fiber_dist_10swxn6._.js:15286:23)
[  703131ms] ReferenceError: PIN_LABEL is not defined
    at useLabelProjection.useFrame [as current] (http://localhost:3000/_next/static/chunks/src_1aak4l9._.js?id=%255Bproject%255D%252Fsrc%252Fchapters%252Fch5%252FShowOrHideScene.tsx+%255Bapp-client%255D+%2528ecmascript%2529:1497:36)
    at update (http://localhost:3000/_next/static/chunks/node_modules_%40react-three_fiber_dist_10swxn6._.js:15260:26)
    at loop (http://localhost:3000/_next/static/chunks/node_modules_%40react-three_fiber_dist_10swxn6._.js:15286:23)
[  703139ms] ReferenceError: PIN_LABEL is not defined
    at useLabelProjection.useFrame [as current] (http://localhost:3000/_next/static/chunks/src_1aak4l9._.js?id=%255Bproject%255D%252Fsrc%252Fchapters%252Fch5%252FShowOrHideScene.tsx+%255Bapp-client%255D+%2528ecmascript%2529:1497:36)
    at update (http://localhost:3000/_next/static/chunks/node_modules_%40react-three_fiber_dist_10swxn6._.js:15260:26)
    at loop (http://localhost:3000/_next/static/chunks/node_modules_%40react-three_fiber_dist_10swxn6._.js:15286:23)
[  703147ms] ReferenceError: PIN_LABEL is not defined
    at useLabelProjection.useFrame [as current] (http://localhost:3000/_next/static/chunks/src_1aak4l9._.js?id=%255Bproject%255D%252Fsrc%252Fchapters%252Fch5%252FShowOrHideScene.tsx+%255Bapp-client%255D+%2528ecmascript%2529:1497:36)
    at update (http://localhost:3000/_next/static/chunks/node_modules_%40react-three_fiber_dist_10swxn6._.js:15260:26)
    at loop (http://localhost:3000/_next/static/chunks/node_modules_%40react-three_fiber_dist_10swxn6._.js:15286:23)
[  703156ms] ReferenceError: PIN_LABEL is not defined
    at useLabelProjection.useFrame [as current] (http://localhost:3000/_next/static/chunks/src_1aak4l9._.js?id=%255Bproject%255D%252Fsrc%252Fchapters%252Fch5%252FShowOrHideScene.tsx+%255Bapp-client%255D+%2528ecmascript%2529:1497:36)
    at update (http://localhost:3000/_next/static/chunks/node_modules_%40react-three_fiber_dist_10swxn6._.js:15260:26)
    at loop (http://localhost:3000/_next/static/chunks/node_modules_%40react-three_fiber_dist_10swxn6._.js:15286:23)
[  703164ms] ReferenceError: PIN_LABEL is not defined
    at useLabelProjection.useFrame [as current] (http://localhost:3000/_next/static/chunks/src_1aak4l9._.js?id=%255Bproject%255D%252Fsrc%252Fchapters%252Fch5%252FShowOrHideScene.tsx+%255Bapp-client%255D+%2528ecmascript%2529:1497:36)
    at update (http://localhost:3000/_next/static/chunks/node_modules_%40react-three_fiber_dist_10swxn6._.js:15260:26)
    at loop (http://localhost:3000/_next/static/chunks/node_modules_%40react-three_fiber_dist_10swxn6._.js:15286:23)
[  703172ms] ReferenceError: PIN_LABEL is not defined
    at useLabelProjection.useFrame [as current] (http://localhost:3000/_next/static/chunks/src_1aak4l9._.js?id=%255Bproject%255D%252Fsrc%252Fchapters%252Fch5%252FShowOrHideScene.tsx+%255Bapp-client%255D+%2528ecmascript%2529:1497:36)
    at update (http://localhost:3000/_next/static/chunks/node_modules_%40react-three_fiber_dist_10swxn6._.js:15260:26)
    at loop (http://localhost:3000/_next/static/chunks/node_modules_%40react-three_fiber_dist_10swxn6._.js:15286:23)
[  703181ms] ReferenceError: PIN_LABEL is not defined
    at useLabelProjection.useFrame [as current] (http://localhost:3000/_next/static/chunks/src_1aak4l9._.js?id=%255Bproject%255D%252Fsrc%252Fchapters%252Fch5%252FShowOrHideScene.tsx+%255Bapp-client%255D+%2528ecmascript%2529:1497:36)
    at update (http://localhost:3000/_next/static/chunks/node_modules_%40react-three_fiber_dist_10swxn6._.js:15260:26)
    at loop (http://localhost:3000/_next/static/chunks/node_modules_%40react-three_fiber_dist_10swxn6._.js:15286:23)
[  703189ms] ReferenceError: PIN_LABEL is not defined
    at useLabelProjection.useFrame [as current] (http://localhost:3000/_next/static/chunks/src_1aak4l9._.js?id=%255Bproject%255D%252Fsrc%252Fchapters%252Fch5%252FShowOrHideScene.tsx+%255Bapp-client%255D+%2528ecmascript%2529:1497:36)
    at update (http://localhost:3000/_next/static/chunks/node_modules_%40react-three_fiber_dist_10swxn6._.js:15260:26)
    at loop (http://localhost:3000/_next/static/chunks/node_modules_%40react-three_fiber_dist_10swxn6._.js:15286:23)
[  703198ms] ReferenceError: PIN_LABEL is not defined
    at useLabelProjection.useFrame [as current] (http://localhost:3000/_next/static/chunks/src_1aak4l9._.js?id=%255Bproject%255D%252Fsrc%252Fchapters%252Fch5%252FShowOrHideScene.tsx+%255Bapp-client%255D+%2528ecmascript%2529:1497:36)
    at update (http://localhost:3000/_next/static/chunks/node_modules_%40react-three_fiber_dist_10swxn6._.js:15260:26)
    at loop (http://localhost:3000/_next/static/chunks/node_modules_%40react-three_fiber_dist_10swxn6._.js:15286:23)
[  703206ms] ReferenceError: PIN_LABEL is not defined
    at useLabelProjection.useFrame [as current] (http://localhost:3000/_next/static/chunks/src_1aak4l9._.js?id=%255Bproject%255D%252Fsrc%252Fchapters%252Fch5%252FShowOrHideScene.tsx+%255Bapp-client%255D+%2528ecmascript%2529:1497:36)
    at update (http://localhost:3000/_next/static/chunks/node_modules_%40react-three_fiber_dist_10swxn6._.js:15260:26)
    at loop (http://localhost:3000/_next/static/chunks/node_modules_%40react-three_fiber_dist_10swxn6._.js:15286:23)
[  703214ms] ReferenceError: PIN_LABEL is not defined
    at useLabelProjection.useFrame [as current] (http://localhost:3000/_next/static/chunks/src_1aak4l9._.js?id=%255Bproject%255D%252Fsrc%252Fchapters%252Fch5%252FShowOrHideScene.tsx+%255Bapp-client%255D+%2528ecmascript%2529:1497:36)
    at update (http://localhost:3000/_next/static/chunks/node_modules_%40react-three_fiber_dist_10swxn6._.js:15260:26)
    at loop (http://localhost:3000/_next/static/chunks/node_modules_%40react-three_fiber_dist_10swxn6._.js:15286:23)
[  703222ms] ReferenceError: PIN_LABEL is not defined
    at useLabelProjection.useFrame [as current] (http://localhost:3000/_next/static/chunks/src_1aak4l9._.js?id=%255Bproject%255D%252Fsrc%252Fchapters%252Fch5%252FShowOrHideScene.tsx+%255Bapp-client%255D+%2528ecmascript%2529:1497:36)
    at update (http://localhost:3000/_next/static/chunks/node_modules_%40react-three_fiber_dist_10swxn6._.js:15260:26)
    at loop (http://localhost:3000/_next/static/chunks/node_modules_%40react-three_fiber_dist_10swxn6._.js:15286:23)
[  703232ms] ReferenceError: PIN_LABEL is not defined
    at useLabelProjection.useFrame [as current] (http://localhost:3000/_next/static/chunks/src_1aak4l9._.js?id=%255Bproject%255D%252Fsrc%252Fchapters%252Fch5%252FShowOrHideScene.tsx+%255Bapp-client%255D+%2528ecmascript%2529:1497:36)
    at update (http://localhost:3000/_next/static/chunks/node_modules_%40react-three_fiber_dist_10swxn6._.js:15260:26)
    at loop (http://localhost:3000/_next/static/chunks/node_modules_%40react-three_fiber_dist_10swxn6._.js:15286:23)
[  703239ms] ReferenceError: PIN_LABEL is not defined
    at useLabelProjection.useFrame [as current] (http://localhost:3000/_next/static/chunks/src_1aak4l9._.js?id=%255Bproject%255D%252Fsrc%252Fchapters%252Fch5%252FShowOrHideScene.tsx+%255Bapp-client%255D+%2528ecmascript%2529:1497:36)
    at update (http://localhost:3000/_next/static/chunks/node_modules_%40react-three_fiber_dist_10swxn6._.js:15260:26)
    at loop (http://localhost:3000/_next/static/chunks/node_modules_%40react-three_fiber_dist_10swxn6._.js:15286:23)
[  703248ms] ReferenceError: PIN_LABEL is not defined
    at useLabelProjection.useFrame [as current] (http://localhost:3000/_next/static/chunks/src_1aak4l9._.js?id=%255Bproject%255D%252Fsrc%252Fchapters%252Fch5%252FShowOrHideScene.tsx+%255Bapp-client%255D+%2528ecmascript%2529:1497:36)
    at update (http://localhost:3000/_next/static/chunks/node_modules_%40react-three_fiber_dist_10swxn6._.js:15260:26)
    at loop (http://localhost:3000/_next/static/chunks/node_modules_%40react-three_fiber_dist_10swxn6._.js:15286:23)
[  703256ms] ReferenceError: PIN_LABEL is not defined
    at useLabelProjection.useFrame [as current] (http://localhost:3000/_next/static/chunks/src_1aak4l9._.js?id=%255Bproject%255D%252Fsrc%252Fchapters%252Fch5%252FShowOrHideScene.tsx+%255Bapp-client%255D+%2528ecmascript%2529:1497:36)
    at update (http://localhost:3000/_next/static/chunks/node_modules_%40react-three_fiber_dist_10swxn6._.js:15260:26)
    at loop (http://localhost:3000/_next/static/chunks/node_modules_%40react-three_fiber_dist_10swxn6._.js:15286:23)
[  703264ms] ReferenceError: PIN_LABEL is not defined
    at useLabelProjection.useFrame [as current] (http://localhost:3000/_next/static/chunks/src_1aak4l9._.js?id=%255Bproject%255D%252Fsrc%252Fchapters%252Fch5%252FShowOrHideScene.tsx+%255Bapp-client%255D+%2528ecmascript%2529:1497:36)
    at update (http://localhost:3000/_next/static/chunks/node_modules_%40react-three_fiber_dist_10swxn6._.js:15260:26)
    at loop (http://localhost:3000/_next/static/chunks/node_modules_%40react-three_fiber_dist_10swxn6._.js:15286:23)
[  703274ms] ReferenceError: PIN_LABEL is not defined
    at useLabelProjection.useFrame [as current] (http://localhost:3000/_next/static/chunks/src_1aak4l9._.js?id=%255Bproject%255D%252Fsrc%252Fchapters%252Fch5%252FShowOrHideScene.tsx+%255Bapp-client%255D+%2528ecmascript%2529:1497:36)
    at update (http://localhost:3000/_next/static/chunks/node_modules_%40react-three_fiber_dist_10swxn6._.js:15260:26)
    at loop (http://localhost:3000/_next/static/chunks/node_modules_%40react-three_fiber_dist_10swxn6._.js:15286:23)
[  703282ms] ReferenceError: PIN_LABEL is not defined
    at useLabelProjection.useFrame [as current] (http://localhost:3000/_next/static/chunks/src_1aak4l9._.js?id=%255Bproject%255D%252Fsrc%252Fchapters%252Fch5%252FShowOrHideScene.tsx+%255Bapp-client%255D+%2528ecmascript%2529:1497:36)
    at update (http://localhost:3000/_next/static/chunks/node_modules_%40react-three_fiber_dist_10swxn6._.js:15260:26)
    at loop (http://localhost:3000/_next/static/chunks/node_modules_%40react-three_fiber_dist_10swxn6._.js:15286:23)
[  703290ms] ReferenceError: PIN_LABEL is not defined
    at useLabelProjection.useFrame [as current] (http://localhost:3000/_next/static/chunks/src_1aak4l9._.js?id=%255Bproject%255D%252Fsrc%252Fchapters%252Fch5%252FShowOrHideScene.tsx+%255Bapp-client%255D+%2528ecmascript%2529:1497:36)
    at update (http://localhost:3000/_next/static/chunks/node_modules_%40react-three_fiber_dist_10swxn6._.js:15260:26)
    at loop (http://localhost:3000/_next/static/chunks/node_modules_%40react-three_fiber_dist_10swxn6._.js:15286:23)
[  703298ms] ReferenceError: PIN_LABEL is not defined
    at useLabelProjection.useFrame [as current] (http://localhost:3000/_next/static/chunks/src_1aak4l9._.js?id=%255Bproject%255D%252Fsrc%252Fchapters%252Fch5%252FShowOrHideScene.tsx+%255Bapp-client%255D+%2528ecmascript%2529:1497:36)
    at update (http://localhost:3000/_next/static/chunks/node_modules_%40react-three_fiber_dist_10swxn6._.js:15260:26)
    at loop (http://localhost:3000/_next/static/chunks/node_modules_%40react-three_fiber_dist_10swxn6._.js:15286:23)
[  703306ms] ReferenceError: PIN_LABEL is not defined
    at useLabelProjection.useFrame [as current] (http://localhost:3000/_next/static/chunks/src_1aak4l9._.js?id=%255Bproject%255D%252Fsrc%252Fchapters%252Fch5%252FShowOrHideScene.tsx+%255Bapp-client%255D+%2528ecmascript%2529:1497:36)
    at update (http://localhost:3000/_next/static/chunks/node_modules_%40react-three_fiber_dist_10swxn6._.js:15260:26)
    at loop (http://localhost:3000/_next/static/chunks/node_modules_%40react-three_fiber_dist_10swxn6._.js:15286:23)
[  703314ms] ReferenceError: PIN_LABEL is not defined
    at useLabelProjection.useFrame [as current] (http://localhost:3000/_next/static/chunks/src_1aak4l9._.js?id=%255Bproject%255D%252Fsrc%252Fchapters%252Fch5%252FShowOrHideScene.tsx+%255Bapp-client%255D+%2528ecmascript%2529:1497:36)
    at update (http://localhost:3000/_next/static/chunks/node_modules_%40react-three_fiber_dist_10swxn6._.js:15260:26)
    at loop (http://localhost:3000/_next/static/chunks/node_modules_%40react-three_fiber_dist_10swxn6._.js:15286:23)
[  703323ms] ReferenceError: PIN_LABEL is not defined
    at useLabelProjection.useFrame [as current] (http://localhost:3000/_next/static/chunks/src_1aak4l9._.js?id=%255Bproject%255D%252Fsrc%252Fchapters%252Fch5%252FShowOrHideScene.tsx+%255Bapp-client%255D+%2528ecmascript%2529:1497:36)
    at update (http://localhost:3000/_next/static/chunks/node_modules_%40react-three_fiber_dist_10swxn6._.js:15260:26)
    at loop (http://localhost:3000/_next/static/chunks/node_modules_%40react-three_fiber_dist_10swxn6._.js:15286:23)
[  703332ms] ReferenceError: PIN_LABEL is not defined
    at useLabelProjection.useFrame [as current] (http://localhost:3000/_next/static/chunks/src_1aak4l9._.js?id=%255Bproject%255D%252Fsrc%252Fchapters%252Fch5%252FShowOrHideScene.tsx+%255Bapp-client%255D+%2528ecmascript%2529:1497:36)
    at update (http://localhost:3000/_next/static/chunks/node_modules_%40react-three_fiber_dist_10swxn6._.js:15260:26)
    at loop (http://localhost:3000/_next/static/chunks/node_modules_%40react-three_fiber_dist_10swxn6._.js:15286:23)
[  703340ms] ReferenceError: PIN_LABEL is not defined
    at useLabelProjection.useFrame [as current] (http://localhost:3000/_next/static/chunks/src_1aak4l9._.js?id=%255Bproject%255D%252Fsrc%252Fchapters%252Fch5%252FShowOrHideScene.tsx+%255Bapp-client%255D+%2528ecmascript%2529:1497:36)
    at update (http://localhost:3000/_next/static/chunks/node_modules_%40react-three_fiber_dist_10swxn6._.js:15260:26)
    at loop (http://localhost:3000/_next/static/chunks/node_modules_%40react-three_fiber_dist_10swxn6._.js:15286:23)
[  703348ms] ReferenceError: PIN_LABEL is not defined
    at useLabelProjection.useFrame [as current] (http://localhost:3000/_next/static/chunks/src_1aak4l9._.js?id=%255Bproject%255D%252Fsrc%252Fchapters%252Fch5%252FShowOrHideScene.tsx+%255Bapp-client%255D+%2528ecmascript%2529:1497:36)
    at update (http://localhost:3000/_next/static/chunks/node_modules_%40react-three_fiber_dist_10swxn6._.js:15260:26)
    at loop (http://localhost:3000/_next/static/chunks/node_modules_%40react-three_fiber_dist_10swxn6._.js:15286:23)
[  703356ms] ReferenceError: PIN_LABEL is not defined
    at useLabelProjection.useFrame [as current] (http://localhost:3000/_next/static/chunks/src_1aak4l9._.js?id=%255Bproject%255D%252Fsrc%252Fchapters%252Fch5%252FShowOrHideScene.tsx+%255Bapp-client%255D+%2528ecmascript%2529:1497:36)
    at update (http://localhost:3000/_next/static/chunks/node_modules_%40react-three_fiber_dist_10swxn6._.js:15260:26)
    at loop (http://localhost:3000/_next/static/chunks/node_modules_%40react-three_fiber_dist_10swxn6._.js:15286:23)
[  703364ms] ReferenceError: PIN_LABEL is not defined
    at useLabelProjection.useFrame [as current] (http://localhost:3000/_next/static/chunks/src_1aak4l9._.js?id=%255Bproject%255D%252Fsrc%252Fchapters%252Fch5%252FShowOrHideScene.tsx+%255Bapp-client%255D+%2528ecmascript%2529:1497:36)
    at update (http://localhost:3000/_next/static/chunks/node_modules_%40react-three_fiber_dist_10swxn6._.js:15260:26)
    at loop (http://localhost:3000/_next/static/chunks/node_modules_%40react-three_fiber_dist_10swxn6._.js:15286:23)
[  703372ms] ReferenceError: PIN_LABEL is not defined
    at useLabelProjection.useFrame [as current] (http://localhost:3000/_next/static/chunks/src_1aak4l9._.js?id=%255Bproject%255D%252Fsrc%252Fchapters%252Fch5%252FShowOrHideScene.tsx+%255Bapp-client%255D+%2528ecmascript%2529:1497:36)
    at update (http://localhost:3000/_next/static/chunks/node_modules_%40react-three_fiber_dist_10swxn6._.js:15260:26)
    at loop (http://localhost:3000/_next/static/chunks/node_modules_%40react-three_fiber_dist_10swxn6._.js:15286:23)
[  703381ms] ReferenceError: PIN_LABEL is not defined
    at useLabelProjection.useFrame [as current] (http://localhost:3000/_next/static/chunks/src_1aak4l9._.js?id=%255Bproject%255D%252Fsrc%252Fchapters%252Fch5%252FShowOrHideScene.tsx+%255Bapp-client%255D+%2528ecmascript%2529:1497:36)
    at update (http://localhost:3000/_next/static/chunks/node_modules_%40react-three_fiber_dist_10swxn6._.js:15260:26)
    at loop (http://localhost:3000/_next/static/chunks/node_modules_%40react-three_fiber_dist_10swxn6._.js:15286:23)
[  703389ms] ReferenceError: PIN_LABEL is not defined
    at useLabelProjection.useFrame [as current] (http://localhost:3000/_next/static/chunks/src_1aak4l9._.js?id=%255Bproject%255D%252Fsrc%252Fchapters%252Fch5%252FShowOrHideScene.tsx+%255Bapp-client%255D+%2528ecmascript%2529:1497:36)
    at update (http://localhost:3000/_next/static/chunks/node_modules_%40react-three_fiber_dist_10swxn6._.js:15260:26)
    at loop (http://localhost:3000/_next/static/chunks/node_modules_%40react-three_fiber_dist_10swxn6._.js:15286:23)
[  703398ms] ReferenceError: PIN_LABEL is not defined
    at useLabelProjection.useFrame [as current] (http://localhost:3000/_next/static/chunks/src_1aak4l9._.js?id=%255Bproject%255D%252Fsrc%252Fchapters%252Fch5%252FShowOrHideScene.tsx+%255Bapp-client%255D+%2528ecmascript%2529:1497:36)
    at update (http://localhost:3000/_next/static/chunks/node_modules_%40react-three_fiber_dist_10swxn6._.js:15260:26)
    at loop (http://localhost:3000/_next/static/chunks/node_modules_%40react-three_fiber_dist_10swxn6._.js:15286:23)
[  703406ms] ReferenceError: PIN_LABEL is not defined
    at useLabelProjection.useFrame [as current] (http://localhost:3000/_next/static/chunks/src_1aak4l9._.js?id=%255Bproject%255D%252Fsrc%252Fchapters%252Fch5%252FShowOrHideScene.tsx+%255Bapp-client%255D+%2528ecmascript%2529:1497:36)
    at update (http://localhost:3000/_next/static/chunks/node_modules_%40react-three_fiber_dist_10swxn6._.js:15260:26)
    at loop (http://localhost:3000/_next/static/chunks/node_modules_%40react-three_fiber_dist_10swxn6._.js:15286:23)
[  703415ms] ReferenceError: PIN_LABEL is not defined
    at useLabelProjection.useFrame [as current] (http://localhost:3000/_next/static/chunks/src_1aak4l9._.js?id=%255Bproject%255D%252Fsrc%252Fchapters%252Fch5%252FShowOrHideScene.tsx+%255Bapp-client%255D+%2528ecmascript%2529:1497:36)
    at update (http://localhost:3000/_next/static/chunks/node_modules_%40react-three_fiber_dist_10swxn6._.js:15260:26)
    at loop (http://localhost:3000/_next/static/chunks/node_modules_%40react-three_fiber_dist_10swxn6._.js:15286:23)
[  703423ms] ReferenceError: PIN_LABEL is not defined
    at useLabelProjection.useFrame [as current] (http://localhost:3000/_next/static/chunks/src_1aak4l9._.js?id=%255Bproject%255D%252Fsrc%252Fchapters%252Fch5%252FShowOrHideScene.tsx+%255Bapp-client%255D+%2528ecmascript%2529:1497:36)
    at update (http://localhost:3000/_next/static/chunks/node_modules_%40react-three_fiber_dist_10swxn6._.js:15260:26)
    at loop (http://localhost:3000/_next/static/chunks/node_modules_%40react-three_fiber_dist_10swxn6._.js:15286:23)
[  703432ms] ReferenceError: PIN_LABEL is not defined
    at useLabelProjection.useFrame [as current] (http://localhost:3000/_next/static/chunks/src_1aak4l9._.js?id=%255Bproject%255D%252Fsrc%252Fchapters%252Fch5%252FShowOrHideScene.tsx+%255Bapp-client%255D+%2528ecmascript%2529:1497:36)
    at update (http://localhost:3000/_next/static/chunks/node_modules_%40react-three_fiber_dist_10swxn6._.js:15260:26)
    at loop (http://localhost:3000/_next/static/chunks/node_modules_%40react-three_fiber_dist_10swxn6._.js:15286:23)
[  703439ms] ReferenceError: PIN_LABEL is not defined
    at useLabelProjection.useFrame [as current] (http://localhost:3000/_next/static/chunks/src_1aak4l9._.js?id=%255Bproject%255D%252Fsrc%252Fchapters%252Fch5%252FShowOrHideScene.tsx+%255Bapp-client%255D+%2528ecmascript%2529:1497:36)
    at update (http://localhost:3000/_next/static/chunks/node_modules_%40react-three_fiber_dist_10swxn6._.js:15260:26)
    at loop (http://localhost:3000/_next/static/chunks/node_modules_%40react-three_fiber_dist_10swxn6._.js:15286:23)
[  703448ms] ReferenceError: PIN_LABEL is not defined
    at useLabelProjection.useFrame [as current] (http://localhost:3000/_next/static/chunks/src_1aak4l9._.js?id=%255Bproject%255D%252Fsrc%252Fchapters%252Fch5%252FShowOrHideScene.tsx+%255Bapp-client%255D+%2528ecmascript%2529:1497:36)
    at update (http://localhost:3000/_next/static/chunks/node_modules_%40react-three_fiber_dist_10swxn6._.js:15260:26)
    at loop (http://localhost:3000/_next/static/chunks/node_modules_%40react-three_fiber_dist_10swxn6._.js:15286:23)
[  703456ms] ReferenceError: PIN_LABEL is not defined
    at useLabelProjection.useFrame [as current] (http://localhost:3000/_next/static/chunks/src_1aak4l9._.js?id=%255Bproject%255D%252Fsrc%252Fchapters%252Fch5%252FShowOrHideScene.tsx+%255Bapp-client%255D+%2528ecmascript%2529:1497:36)
    at update (http://localhost:3000/_next/static/chunks/node_modules_%40react-three_fiber_dist_10swxn6._.js:15260:26)
    at loop (http://localhost:3000/_next/static/chunks/node_modules_%40react-three_fiber_dist_10swxn6._.js:15286:23)
[  703464ms] ReferenceError: PIN_LABEL is not defined
    at useLabelProjection.useFrame [as current] (http://localhost:3000/_next/static/chunks/src_1aak4l9._.js?id=%255Bproject%255D%252Fsrc%252Fchapters%252Fch5%252FShowOrHideScene.tsx+%255Bapp-client%255D+%2528ecmascript%2529:1497:36)
    at update (http://localhost:3000/_next/static/chunks/node_modules_%40react-three_fiber_dist_10swxn6._.js:15260:26)
    at loop (http://localhost:3000/_next/static/chunks/node_modules_%40react-three_fiber_dist_10swxn6._.js:15286:23)
[  703472ms] ReferenceError: PIN_LABEL is not defined
    at useLabelProjection.useFrame [as current] (http://localhost:3000/_next/static/chunks/src_1aak4l9._.js?id=%255Bproject%255D%252Fsrc%252Fchapters%252Fch5%252FShowOrHideScene.tsx+%255Bapp-client%255D+%2528ecmascript%2529:1497:36)
    at update (http://localhost:3000/_next/static/chunks/node_modules_%40react-three_fiber_dist_10swxn6._.js:15260:26)
    at loop (http://localhost:3000/_next/static/chunks/node_modules_%40react-three_fiber_dist_10swxn6._.js:15286:23)
[  703481ms] ReferenceError: PIN_LABEL is not defined
    at useLabelProjection.useFrame [as current] (http://localhost:3000/_next/static/chunks/src_1aak4l9._.js?id=%255Bproject%255D%252Fsrc%252Fchapters%252Fch5%252FShowOrHideScene.tsx+%255Bapp-client%255D+%2528ecmascript%2529:1497:36)
    at update (http://localhost:3000/_next/static/chunks/node_modules_%40react-three_fiber_dist_10swxn6._.js:15260:26)
    at loop (http://localhost:3000/_next/static/chunks/node_modules_%40react-three_fiber_dist_10swxn6._.js:15286:23)
[  703490ms] ReferenceError: PIN_LABEL is not defined
    at useLabelProjection.useFrame [as current] (http://localhost:3000/_next/static/chunks/src_1aak4l9._.js?id=%255Bproject%255D%252Fsrc%252Fchapters%252Fch5%252FShowOrHideScene.tsx+%255Bapp-client%255D+%2528ecmascript%2529:1497:36)
    at update (http://localhost:3000/_next/static/chunks/node_modules_%40react-three_fiber_dist_10swxn6._.js:15260:26)
    at loop (http://localhost:3000/_next/static/chunks/node_modules_%40react-three_fiber_dist_10swxn6._.js:15286:23)
[  703498ms] ReferenceError: PIN_LABEL is not defined
    at useLabelProjection.useFrame [as current] (http://localhost:3000/_next/static/chunks/src_1aak4l9._.js?id=%255Bproject%255D%252Fsrc%252Fchapters%252Fch5%252FShowOrHideScene.tsx+%255Bapp-client%255D+%2528ecmascript%2529:1497:36)
    at update (http://localhost:3000/_next/static/chunks/node_modules_%40react-three_fiber_dist_10swxn6._.js:15260:26)
    at loop (http://localhost:3000/_next/static/chunks/node_modules_%40react-three_fiber_dist_10swxn6._.js:15286:23)
[  703507ms] ReferenceError: PIN_LABEL is not defined
    at useLabelProjection.useFrame [as current] (http://localhost:3000/_next/static/chunks/src_1aak4l9._.js?id=%255Bproject%255D%252Fsrc%252Fchapters%252Fch5%252FShowOrHideScene.tsx+%255Bapp-client%255D+%2528ecmascript%2529:1497:36)
    at update (http://localhost:3000/_next/static/chunks/node_modules_%40react-three_fiber_dist_10swxn6._.js:15260:26)
    at loop (http://localhost:3000/_next/static/chunks/node_modules_%40react-three_fiber_dist_10swxn6._.js:15286:23)
[  703514ms] ReferenceError: PIN_LABEL is not defined
    at useLabelProjection.useFrame [as current] (http://localhost:3000/_next/static/chunks/src_1aak4l9._.js?id=%255Bproject%255D%252Fsrc%252Fchapters%252Fch5%252FShowOrHideScene.tsx+%255Bapp-client%255D+%2528ecmascript%2529:1497:36)
    at update (http://localhost:3000/_next/static/chunks/node_modules_%40react-three_fiber_dist_10swxn6._.js:15260:26)
    at loop (http://localhost:3000/_next/static/chunks/node_modules_%40react-three_fiber_dist_10swxn6._.js:15286:23)
[  703523ms] ReferenceError: PIN_LABEL is not defined
    at useLabelProjection.useFrame [as current] (http://localhost:3000/_next/static/chunks/src_1aak4l9._.js?id=%255Bproject%255D%252Fsrc%252Fchapters%252Fch5%252FShowOrHideScene.tsx+%255Bapp-client%255D+%2528ecmascript%2529:1497:36)
    at update (http://localhost:3000/_next/static/chunks/node_modules_%40react-three_fiber_dist_10swxn6._.js:15260:26)
    at loop (http://localhost:3000/_next/static/chunks/node_modules_%40react-three_fiber_dist_10swxn6._.js:15286:23)
[  703531ms] ReferenceError: PIN_LABEL is not defined
    at useLabelProjection.useFrame [as current] (http://localhost:3000/_next/static/chunks/src_1aak4l9._.js?id=%255Bproject%255D%252Fsrc%252Fchapters%252Fch5%252FShowOrHideScene.tsx+%255Bapp-client%255D+%2528ecmascript%2529:1497:36)
    at update (http://localhost:3000/_next/static/chunks/node_modules_%40react-three_fiber_dist_10swxn6._.js:15260:26)
    at loop (http://localhost:3000/_next/static/chunks/node_modules_%40react-three_fiber_dist_10swxn6._.js:15286:23)
[  703540ms] ReferenceError: PIN_LABEL is not defined
    at useLabelProjection.useFrame [as current] (http://localhost:3000/_next/static/chunks/src_1aak4l9._.js?id=%255Bproject%255D%252Fsrc%252Fchapters%252Fch5%252FShowOrHideScene.tsx+%255Bapp-client%255D+%2528ecmascript%2529:1497:36)
    at update (http://localhost:3000/_next/static/chunks/node_modules_%40react-three_fiber_dist_10swxn6._.js:15260:26)
    at loop (http://localhost:3000/_next/static/chunks/node_modules_%40react-three_fiber_dist_10swxn6._.js:15286:23)
[  703548ms] ReferenceError: PIN_LABEL is not defined
    at useLabelProjection.useFrame [as current] (http://localhost:3000/_next/static/chunks/src_1aak4l9._.js?id=%255Bproject%255D%252Fsrc%252Fchapters%252Fch5%252FShowOrHideScene.tsx+%255Bapp-client%255D+%2528ecmascript%2529:1497:36)
    at update (http://localhost:3000/_next/static/chunks/node_modules_%40react-three_fiber_dist_10swxn6._.js:15260:26)
    at loop (http://localhost:3000/_next/static/chunks/node_modules_%40react-three_fiber_dist_10swxn6._.js:15286:23)
[  703556ms] ReferenceError: PIN_LABEL is not defined
    at useLabelProjection.useFrame [as current] (http://localhost:3000/_next/static/chunks/src_1aak4l9._.js?id=%255Bproject%255D%252Fsrc%252Fchapters%252Fch5%252FShowOrHideScene.tsx+%255Bapp-client%255D+%2528ecmascript%2529:1497:36)
    at update (http://localhost:3000/_next/static/chunks/node_modules_%40react-three_fiber_dist_10swxn6._.js:15260:26)
    at loop (http://localhost:3000/_next/static/chunks/node_modules_%40react-three_fiber_dist_10swxn6._.js:15286:23)
[  703565ms] ReferenceError: PIN_LABEL is not defined
    at useLabelProjection.useFrame [as current] (http://localhost:3000/_next/static/chunks/src_1aak4l9._.js?id=%255Bproject%255D%252Fsrc%252Fchapters%252Fch5%252FShowOrHideScene.tsx+%255Bapp-client%255D+%2528ecmascript%2529:1497:36)
    at update (http://localhost:3000/_next/static/chunks/node_modules_%40react-three_fiber_dist_10swxn6._.js:15260:26)
    at loop (http://localhost:3000/_next/static/chunks/node_modules_%40react-three_fiber_dist_10swxn6._.js:15286:23)
[  703573ms] ReferenceError: PIN_LABEL is not defined
    at useLabelProjection.useFrame [as current] (http://localhost:3000/_next/static/chunks/src_1aak4l9._.js?id=%255Bproject%255D%252Fsrc%252Fchapters%252Fch5%252FShowOrHideScene.tsx+%255Bapp-client%255D+%2528ecmascript%2529:1497:36)
    at update (http://localhost:3000/_next/static/chunks/node_modules_%40react-three_fiber_dist_10swxn6._.js:15260:26)
    at loop (http://localhost:3000/_next/static/chunks/node_modules_%40react-three_fiber_dist_10swxn6._.js:15286:23)
[  703581ms] ReferenceError: PIN_LABEL is not defined
    at useLabelProjection.useFrame [as current] (http://localhost:3000/_next/static/chunks/src_1aak4l9._.js?id=%255Bproject%255D%252Fsrc%252Fchapters%252Fch5%252FShowOrHideScene.tsx+%255Bapp-client%255D+%2528ecmascript%2529:1497:36)
    at update (http://localhost:3000/_next/static/chunks/node_modules_%40react-three_fiber_dist_10swxn6._.js:15260:26)
    at loop (http://localhost:3000/_next/static/chunks/node_modules_%40react-three_fiber_dist_10swxn6._.js:15286:23)
[  703590ms] ReferenceError: PIN_LABEL is not defined
    at useLabelProjection.useFrame [as current] (http://localhost:3000/_next/static/chunks/src_1aak4l9._.js?id=%255Bproject%255D%252Fsrc%252Fchapters%252Fch5%252FShowOrHideScene.tsx+%255Bapp-client%255D+%2528ecmascript%2529:1497:36)
    at update (http://localhost:3000/_next/static/chunks/node_modules_%40react-three_fiber_dist_10swxn6._.js:15260:26)
    at loop (http://localhost:3000/_next/static/chunks/node_modules_%40react-three_fiber_dist_10swxn6._.js:15286:23)
[  703598ms] ReferenceError: PIN_LABEL is not defined
    at useLabelProjection.useFrame [as current] (http://localhost:3000/_next/static/chunks/src_1aak4l9._.js?id=%255Bproject%255D%252Fsrc%252Fchapters%252Fch5%252FShowOrHideScene.tsx+%255Bapp-client%255D+%2528ecmascript%2529:1497:36)
    at update (http://localhost:3000/_next/static/chunks/node_modules_%40react-three_fiber_dist_10swxn6._.js:15260:26)
    at loop (http://localhost:3000/_next/static/chunks/node_modules_%40react-three_fiber_dist_10swxn6._.js:15286:23)
[  703607ms] ReferenceError: PIN_LABEL is not defined
    at useLabelProjection.useFrame [as current] (http://localhost:3000/_next/static/chunks/src_1aak4l9._.js?id=%255Bproject%255D%252Fsrc%252Fchapters%252Fch5%252FShowOrHideScene.tsx+%255Bapp-client%255D+%2528ecmascript%2529:1497:36)
    at update (http://localhost:3000/_next/static/chunks/node_modules_%40react-three_fiber_dist_10swxn6._.js:15260:26)
    at loop (http://localhost:3000/_next/static/chunks/node_modules_%40react-three_fiber_dist_10swxn6._.js:15286:23)
[  703614ms] ReferenceError: PIN_LABEL is not defined
    at useLabelProjection.useFrame [as current] (http://localhost:3000/_next/static/chunks/src_1aak4l9._.js?id=%255Bproject%255D%252Fsrc%252Fchapters%252Fch5%252FShowOrHideScene.tsx+%255Bapp-client%255D+%2528ecmascript%2529:1497:36)
    at update (http://localhost:3000/_next/static/chunks/node_modules_%40react-three_fiber_dist_10swxn6._.js:15260:26)
    at loop (http://localhost:3000/_next/static/chunks/node_modules_%40react-three_fiber_dist_10swxn6._.js:15286:23)
[  703623ms] ReferenceError: PIN_LABEL is not defined
    at useLabelProjection.useFrame [as current] (http://localhost:3000/_next/static/chunks/src_1aak4l9._.js?id=%255Bproject%255D%252Fsrc%252Fchapters%252Fch5%252FShowOrHideScene.tsx+%255Bapp-client%255D+%2528ecmascript%2529:1497:36)
    at update (http://localhost:3000/_next/static/chunks/node_modules_%40react-three_fiber_dist_10swxn6._.js:15260:26)
    at loop (http://localhost:3000/_next/static/chunks/node_modules_%40react-three_fiber_dist_10swxn6._.js:15286:23)
[  703631ms] ReferenceError: PIN_LABEL is not defined
    at useLabelProjection.useFrame [as current] (http://localhost:3000/_next/static/chunks/src_1aak4l9._.js?id=%255Bproject%255D%252Fsrc%252Fchapters%252Fch5%252FShowOrHideScene.tsx+%255Bapp-client%255D+%2528ecmascript%2529:1497:36)
    at update (http://localhost:3000/_next/static/chunks/node_modules_%40react-three_fiber_dist_10swxn6._.js:15260:26)
    at loop (http://localhost:3000/_next/static/chunks/node_modules_%40react-three_fiber_dist_10swxn6._.js:15286:23)
[  703639ms] ReferenceError: PIN_LABEL is not defined
    at useLabelProjection.useFrame [as current] (http://localhost:3000/_next/static/chunks/src_1aak4l9._.js?id=%255Bproject%255D%252Fsrc%252Fchapters%252Fch5%252FShowOrHideScene.tsx+%255Bapp-client%255D+%2528ecmascript%2529:1497:36)
    at update (http://localhost:3000/_next/static/chunks/node_modules_%40react-three_fiber_dist_10swxn6._.js:15260:26)
    at loop (http://localhost:3000/_next/static/chunks/node_modules_%40react-three_fiber_dist_10swxn6._.js:15286:23)
[  703647ms] ReferenceError: PIN_LABEL is not defined
    at useLabelProjection.useFrame [as current] (http://localhost:3000/_next/static/chunks/src_1aak4l9._.js?id=%255Bproject%255D%252Fsrc%252Fchapters%252Fch5%252FShowOrHideScene.tsx+%255Bapp-client%255D+%2528ecmascript%2529:1497:36)
    at update (http://localhost:3000/_next/static/chunks/node_modules_%40react-three_fiber_dist_10swxn6._.js:15260:26)
    at loop (http://localhost:3000/_next/static/chunks/node_modules_%40react-three_fiber_dist_10swxn6._.js:15286:23)
[  703656ms] ReferenceError: PIN_LABEL is not defined
    at useLabelProjection.useFrame [as current] (http://localhost:3000/_next/static/chunks/src_1aak4l9._.js?id=%255Bproject%255D%252Fsrc%252Fchapters%252Fch5%252FShowOrHideScene.tsx+%255Bapp-client%255D+%2528ecmascript%2529:1497:36)
    at update (http://localhost:3000/_next/static/chunks/node_modules_%40react-three_fiber_dist_10swxn6._.js:15260:26)
    at loop (http://localhost:3000/_next/static/chunks/node_modules_%40react-three_fiber_dist_10swxn6._.js:15286:23)
[  703664ms] ReferenceError: PIN_LABEL is not defined
    at useLabelProjection.useFrame [as current] (http://localhost:3000/_next/static/chunks/src_1aak4l9._.js?id=%255Bproject%255D%252Fsrc%252Fchapters%252Fch5%252FShowOrHideScene.tsx+%255Bapp-client%255D+%2528ecmascript%2529:1497:36)
    at update (http://localhost:3000/_next/static/chunks/node_modules_%40react-three_fiber_dist_10swxn6._.js:15260:26)
    at loop (http://localhost:3000/_next/static/chunks/node_modules_%40react-three_fiber_dist_10swxn6._.js:15286:23)
[  703673ms] ReferenceError: PIN_LABEL is not defined
    at useLabelProjection.useFrame [as current] (http://localhost:3000/_next/static/chunks/src_1aak4l9._.js?id=%255Bproject%255D%252Fsrc%252Fchapters%252Fch5%252FShowOrHideScene.tsx+%255Bapp-client%255D+%2528ecmascript%2529:1497:36)
    at update (http://localhost:3000/_next/static/chunks/node_modules_%40react-three_fiber_dist_10swxn6._.js:15260:26)
    at loop (http://localhost:3000/_next/static/chunks/node_modules_%40react-three_fiber_dist_10swxn6._.js:15286:23)
[  703681ms] ReferenceError: PIN_LABEL is not defined
    at useLabelProjection.useFrame [as current] (http://localhost:3000/_next/static/chunks/src_1aak4l9._.js?id=%255Bproject%255D%252Fsrc%252Fchapters%252Fch5%252FShowOrHideScene.tsx+%255Bapp-client%255D+%2528ecmascript%2529:1497:36)
    at update (http://localhost:3000/_next/static/chunks/node_modules_%40react-three_fiber_dist_10swxn6._.js:15260:26)
    at loop (http://localhost:3000/_next/static/chunks/node_modules_%40react-three_fiber_dist_10swxn6._.js:15286:23)
[  703690ms] ReferenceError: PIN_LABEL is not defined
    at useLabelProjection.useFrame [as current] (http://localhost:3000/_next/static/chunks/src_1aak4l9._.js?id=%255Bproject%255D%252Fsrc%252Fchapters%252Fch5%252FShowOrHideScene.tsx+%255Bapp-client%255D+%2528ecmascript%2529:1497:36)
    at update (http://localhost:3000/_next/static/chunks/node_modules_%40react-three_fiber_dist_10swxn6._.js:15260:26)
    at loop (http://localhost:3000/_next/static/chunks/node_modules_%40react-three_fiber_dist_10swxn6._.js:15286:23)
[  703698ms] ReferenceError: PIN_LABEL is not defined
    at useLabelProjection.useFrame [as current] (http://localhost:3000/_next/static/chunks/src_1aak4l9._.js?id=%255Bproject%255D%252Fsrc%252Fchapters%252Fch5%252FShowOrHideScene.tsx+%255Bapp-client%255D+%2528ecmascript%2529:1497:36)
    at update (http://localhost:3000/_next/static/chunks/node_modules_%40react-three_fiber_dist_10swxn6._.js:15260:26)
    at loop (http://localhost:3000/_next/static/chunks/node_modules_%40react-three_fiber_dist_10swxn6._.js:15286:23)
[  703706ms] ReferenceError: PIN_LABEL is not defined
    at useLabelProjection.useFrame [as current] (http://localhost:3000/_next/static/chunks/src_1aak4l9._.js?id=%255Bproject%255D%252Fsrc%252Fchapters%252Fch5%252FShowOrHideScene.tsx+%255Bapp-client%255D+%2528ecmascript%2529:1497:36)
    at update (http://localhost:3000/_next/static/chunks/node_modules_%40react-three_fiber_dist_10swxn6._.js:15260:26)
    at loop (http://localhost:3000/_next/static/chunks/node_modules_%40react-three_fiber_dist_10swxn6._.js:15286:23)
[  703715ms] ReferenceError: PIN_LABEL is not defined
    at useLabelProjection.useFrame [as current] (http://localhost:3000/_next/static/chunks/src_1aak4l9._.js?id=%255Bproject%255D%252Fsrc%252Fchapters%252Fch5%252FShowOrHideScene.tsx+%255Bapp-client%255D+%2528ecmascript%2529:1497:36)
    at update (http://localhost:3000/_next/static/chunks/node_modules_%40react-three_fiber_dist_10swxn6._.js:15260:26)
    at loop (http://localhost:3000/_next/static/chunks/node_modules_%40react-three_fiber_dist_10swxn6._.js:15286:23)
[  703723ms] ReferenceError: PIN_LABEL is not defined
    at useLabelProjection.useFrame [as current] (http://localhost:3000/_next/static/chunks/src_1aak4l9._.js?id=%255Bproject%255D%252Fsrc%252Fchapters%252Fch5%252FShowOrHideScene.tsx+%255Bapp-client%255D+%2528ecmascript%2529:1497:36)
    at update (http://localhost:3000/_next/static/chunks/node_modules_%40react-three_fiber_dist_10swxn6._.js:15260:26)
    at loop (http://localhost:3000/_next/static/chunks/node_modules_%40react-three_fiber_dist_10swxn6._.js:15286:23)
[  703731ms] ReferenceError: PIN_LABEL is not defined
    at useLabelProjection.useFrame [as current] (http://localhost:3000/_next/static/chunks/src_1aak4l9._.js?id=%255Bproject%255D%252Fsrc%252Fchapters%252Fch5%252FShowOrHideScene.tsx+%255Bapp-client%255D+%2528ecmascript%2529:1497:36)
    at update (http://localhost:3000/_next/static/chunks/node_modules_%40react-three_fiber_dist_10swxn6._.js:15260:26)
    at loop (http://localhost:3000/_next/static/chunks/node_modules_%40react-three_fiber_dist_10swxn6._.js:15286:23)
[  703739ms] ReferenceError: PIN_LABEL is not defined
    at useLabelProjection.useFrame [as current] (http://localhost:3000/_next/static/chunks/src_1aak4l9._.js?id=%255Bproject%255D%252Fsrc%252Fchapters%252Fch5%252FShowOrHideScene.tsx+%255Bapp-client%255D+%2528ecmascript%2529:1497:36)
    at update (http://localhost:3000/_next/static/chunks/node_modules_%40react-three_fiber_dist_10swxn6._.js:15260:26)
    at loop (http://localhost:3000/_next/static/chunks/node_modules_%40react-three_fiber_dist_10swxn6._.js:15286:23)
[  703748ms] ReferenceError: PIN_LABEL is not defined
    at useLabelProjection.useFrame [as current] (http://localhost:3000/_next/static/chunks/src_1aak4l9._.js?id=%255Bproject%255D%252Fsrc%252Fchapters%252Fch5%252FShowOrHideScene.tsx+%255Bapp-client%255D+%2528ecmascript%2529:1497:36)
    at update (http://localhost:3000/_next/static/chunks/node_modules_%40react-three_fiber_dist_10swxn6._.js:15260:26)
    at loop (http://localhost:3000/_next/static/chunks/node_modules_%40react-three_fiber_dist_10swxn6._.js:15286:23)
[  703756ms] ReferenceError: PIN_LABEL is not defined
    at useLabelProjection.useFrame [as current] (http://localhost:3000/_next/static/chunks/src_1aak4l9._.js?id=%255Bproject%255D%252Fsrc%252Fchapters%252Fch5%252FShowOrHideScene.tsx+%255Bapp-client%255D+%2528ecmascript%2529:1497:36)
    at update (http://localhost:3000/_next/static/chunks/node_modules_%40react-three_fiber_dist_10swxn6._.js:15260:26)
    at loop (http://localhost:3000/_next/static/chunks/node_modules_%40react-three_fiber_dist_10swxn6._.js:15286:23)
[  703764ms] ReferenceError: PIN_LABEL is not defined
    at useLabelProjection.useFrame [as current] (http://localhost:3000/_next/static/chunks/src_1aak4l9._.js?id=%255Bproject%255D%252Fsrc%252Fchapters%252Fch5%252FShowOrHideScene.tsx+%255Bapp-client%255D+%2528ecmascript%2529:1497:36)
    at update (http://localhost:3000/_next/static/chunks/node_modules_%40react-three_fiber_dist_10swxn6._.js:15260:26)
    at loop (http://localhost:3000/_next/static/chunks/node_modules_%40react-three_fiber_dist_10swxn6._.js:15286:23)
[  703773ms] ReferenceError: PIN_LABEL is not defined
    at useLabelProjection.useFrame [as current] (http://localhost:3000/_next/static/chunks/src_1aak4l9._.js?id=%255Bproject%255D%252Fsrc%252Fchapters%252Fch5%252FShowOrHideScene.tsx+%255Bapp-client%255D+%2528ecmascript%2529:1497:36)
    at update (http://localhost:3000/_next/static/chunks/node_modules_%40react-three_fiber_dist_10swxn6._.js:15260:26)
    at loop (http://localhost:3000/_next/static/chunks/node_modules_%40react-three_fiber_dist_10swxn6._.js:15286:23)
[  703781ms] ReferenceError: PIN_LABEL is not defined
    at useLabelProjection.useFrame [as current] (http://localhost:3000/_next/static/chunks/src_1aak4l9._.js?id=%255Bproject%255D%252Fsrc%252Fchapters%252Fch5%252FShowOrHideScene.tsx+%255Bapp-client%255D+%2528ecmascript%2529:1497:36)
    at update (http://localhost:3000/_next/static/chunks/node_modules_%40react-three_fiber_dist_10swxn6._.js:15260:26)
    at loop (http://localhost:3000/_next/static/chunks/node_modules_%40react-three_fiber_dist_10swxn6._.js:15286:23)
[  703789ms] ReferenceError: PIN_LABEL is not defined
    at useLabelProjection.useFrame [as current] (http://localhost:3000/_next/static/chunks/src_1aak4l9._.js?id=%255Bproject%255D%252Fsrc%252Fchapters%252Fch5%252FShowOrHideScene.tsx+%255Bapp-client%255D+%2528ecmascript%2529:1497:36)
    at update (http://localhost:3000/_next/static/chunks/node_modules_%40react-three_fiber_dist_10swxn6._.js:15260:26)
    at loop (http://localhost:3000/_next/static/chunks/node_modules_%40react-three_fiber_dist_10swxn6._.js:15286:23)
[  703798ms] ReferenceError: PIN_LABEL is not defined
    at useLabelProjection.useFrame [as current] (http://localhost:3000/_next/static/chunks/src_1aak4l9._.js?id=%255Bproject%255D%252Fsrc%252Fchapters%252Fch5%252FShowOrHideScene.tsx+%255Bapp-client%255D+%2528ecmascript%2529:1497:36)
    at update (http://localhost:3000/_next/static/chunks/node_modules_%40react-three_fiber_dist_10swxn6._.js:15260:26)
    at loop (http://localhost:3000/_next/static/chunks/node_modules_%40react-three_fiber_dist_10swxn6._.js:15286:23)
[  703807ms] ReferenceError: PIN_LABEL is not defined
    at useLabelProjection.useFrame [as current] (http://localhost:3000/_next/static/chunks/src_1aak4l9._.js?id=%255Bproject%255D%252Fsrc%252Fchapters%252Fch5%252FShowOrHideScene.tsx+%255Bapp-client%255D+%2528ecmascript%2529:1497:36)
    at update (http://localhost:3000/_next/static/chunks/node_modules_%40react-three_fiber_dist_10swxn6._.js:15260:26)
    at loop (http://localhost:3000/_next/static/chunks/node_modules_%40react-three_fiber_dist_10swxn6._.js:15286:23)
[  703814ms] ReferenceError: PIN_LABEL is not defined
    at useLabelProjection.useFrame [as current] (http://localhost:3000/_next/static/chunks/src_1aak4l9._.js?id=%255Bproject%255D%252Fsrc%252Fchapters%252Fch5%252FShowOrHideScene.tsx+%255Bapp-client%255D+%2528ecmascript%2529:1497:36)
    at update (http://localhost:3000/_next/static/chunks/node_modules_%40react-three_fiber_dist_10swxn6._.js:15260:26)
    at loop (http://localhost:3000/_next/static/chunks/node_modules_%40react-three_fiber_dist_10swxn6._.js:15286:23)
[  703823ms] ReferenceError: PIN_LABEL is not defined
    at useLabelProjection.useFrame [as current] (http://localhost:3000/_next/static/chunks/src_1aak4l9._.js?id=%255Bproject%255D%252Fsrc%252Fchapters%252Fch5%252FShowOrHideScene.tsx+%255Bapp-client%255D+%2528ecmascript%2529:1497:36)
    at update (http://localhost:3000/_next/static/chunks/node_modules_%40react-three_fiber_dist_10swxn6._.js:15260:26)
    at loop (http://localhost:3000/_next/static/chunks/node_modules_%40react-three_fiber_dist_10swxn6._.js:15286:23)
[  703831ms] ReferenceError: PIN_LABEL is not defined
    at useLabelProjection.useFrame [as current] (http://localhost:3000/_next/static/chunks/src_1aak4l9._.js?id=%255Bproject%255D%252Fsrc%252Fchapters%252Fch5%252FShowOrHideScene.tsx+%255Bapp-client%255D+%2528ecmascript%2529:1497:36)
    at update (http://localhost:3000/_next/static/chunks/node_modules_%40react-three_fiber_dist_10swxn6._.js:15260:26)
    at loop (http://localhost:3000/_next/static/chunks/node_modules_%40react-three_fiber_dist_10swxn6._.js:15286:23)
[  703839ms] ReferenceError: PIN_LABEL is not defined
    at useLabelProjection.useFrame [as current] (http://localhost:3000/_next/static/chunks/src_1aak4l9._.js?id=%255Bproject%255D%252Fsrc%252Fchapters%252Fch5%252FShowOrHideScene.tsx+%255Bapp-client%255D+%2528ecmascript%2529:1497:36)
    at update (http://localhost:3000/_next/static/chunks/node_modules_%40react-three_fiber_dist_10swxn6._.js:15260:26)
    at loop (http://localhost:3000/_next/static/chunks/node_modules_%40react-three_fiber_dist_10swxn6._.js:15286:23)
[  703848ms] ReferenceError: PIN_LABEL is not defined
    at useLabelProjection.useFrame [as current] (http://localhost:3000/_next/static/chunks/src_1aak4l9._.js?id=%255Bproject%255D%252Fsrc%252Fchapters%252Fch5%252FShowOrHideScene.tsx+%255Bapp-client%255D+%2528ecmascript%2529:1497:36)
    at update (http://localhost:3000/_next/static/chunks/node_modules_%40react-three_fiber_dist_10swxn6._.js:15260:26)
    at loop (http://localhost:3000/_next/static/chunks/node_modules_%40react-three_fiber_dist_10swxn6._.js:15286:23)
[  703856ms] ReferenceError: PIN_LABEL is not defined
    at useLabelProjection.useFrame [as current] (http://localhost:3000/_next/static/chunks/src_1aak4l9._.js?id=%255Bproject%255D%252Fsrc%252Fchapters%252Fch5%252FShowOrHideScene.tsx+%255Bapp-client%255D+%2528ecmascript%2529:1497:36)
    at update (http://localhost:3000/_next/static/chunks/node_modules_%40react-three_fiber_dist_10swxn6._.js:15260:26)
    at loop (http://localhost:3000/_next/static/chunks/node_modules_%40react-three_fiber_dist_10swxn6._.js:15286:23)
[  703864ms] ReferenceError: PIN_LABEL is not defined
    at useLabelProjection.useFrame [as current] (http://localhost:3000/_next/static/chunks/src_1aak4l9._.js?id=%255Bproject%255D%252Fsrc%252Fchapters%252Fch5%252FShowOrHideScene.tsx+%255Bapp-client%255D+%2528ecmascript%2529:1497:36)
    at update (http://localhost:3000/_next/static/chunks/node_modules_%40react-three_fiber_dist_10swxn6._.js:15260:26)
    at loop (http://localhost:3000/_next/static/chunks/node_modules_%40react-three_fiber_dist_10swxn6._.js:15286:23)
[  703873ms] ReferenceError: PIN_LABEL is not defined
    at useLabelProjection.useFrame [as current] (http://localhost:3000/_next/static/chunks/src_1aak4l9._.js?id=%255Bproject%255D%252Fsrc%252Fchapters%252Fch5%252FShowOrHideScene.tsx+%255Bapp-client%255D+%2528ecmascript%2529:1497:36)
    at update (http://localhost:3000/_next/static/chunks/node_modules_%40react-three_fiber_dist_10swxn6._.js:15260:26)
    at loop (http://localhost:3000/_next/static/chunks/node_modules_%40react-three_fiber_dist_10swxn6._.js:15286:23)
[  703881ms] ReferenceError: PIN_LABEL is not defined
    at useLabelProjection.useFrame [as current] (http://localhost:3000/_next/static/chunks/src_1aak4l9._.js?id=%255Bproject%255D%252Fsrc%252Fchapters%252Fch5%252FShowOrHideScene.tsx+%255Bapp-client%255D+%2528ecmascript%2529:1497:36)
    at update (http://localhost:3000/_next/static/chunks/node_modules_%40react-three_fiber_dist_10swxn6._.js:15260:26)
    at loop (http://localhost:3000/_next/static/chunks/node_modules_%40react-three_fiber_dist_10swxn6._.js:15286:23)
[  703889ms] ReferenceError: PIN_LABEL is not defined
    at useLabelProjection.useFrame [as current] (http://localhost:3000/_next/static/chunks/src_1aak4l9._.js?id=%255Bproject%255D%252Fsrc%252Fchapters%252Fch5%252FShowOrHideScene.tsx+%255Bapp-client%255D+%2528ecmascript%2529:1497:36)
    at update (http://localhost:3000/_next/static/chunks/node_modules_%40react-three_fiber_dist_10swxn6._.js:15260:26)
    at loop (http://localhost:3000/_next/static/chunks/node_modules_%40react-three_fiber_dist_10swxn6._.js:15286:23)
[  703898ms] ReferenceError: PIN_LABEL is not defined
    at useLabelProjection.useFrame [as current] (http://localhost:3000/_next/static/chunks/src_1aak4l9._.js?id=%255Bproject%255D%252Fsrc%252Fchapters%252Fch5%252FShowOrHideScene.tsx+%255Bapp-client%255D+%2528ecmascript%2529:1497:36)
    at update (http://localhost:3000/_next/static/chunks/node_modules_%40react-three_fiber_dist_10swxn6._.js:15260:26)
    at loop (http://localhost:3000/_next/static/chunks/node_modules_%40react-three_fiber_dist_10swxn6._.js:15286:23)
[  703906ms] ReferenceError: PIN_LABEL is not defined
    at useLabelProjection.useFrame [as current] (http://localhost:3000/_next/static/chunks/src_1aak4l9._.js?id=%255Bproject%255D%252Fsrc%252Fchapters%252Fch5%252FShowOrHideScene.tsx+%255Bapp-client%255D+%2528ecmascript%2529:1497:36)
    at update (http://localhost:3000/_next/static/chunks/node_modules_%40react-three_fiber_dist_10swxn6._.js:15260:26)
    at loop (http://localhost:3000/_next/static/chunks/node_modules_%40react-three_fiber_dist_10swxn6._.js:15286:23)
[  703914ms] ReferenceError: PIN_LABEL is not defined
    at useLabelProjection.useFrame [as current] (http://localhost:3000/_next/static/chunks/src_1aak4l9._.js?id=%255Bproject%255D%252Fsrc%252Fchapters%252Fch5%252FShowOrHideScene.tsx+%255Bapp-client%255D+%2528ecmascript%2529:1497:36)
    at update (http://localhost:3000/_next/static/chunks/node_modules_%40react-three_fiber_dist_10swxn6._.js:15260:26)
    at loop (http://localhost:3000/_next/static/chunks/node_modules_%40react-three_fiber_dist_10swxn6._.js:15286:23)
[  703922ms] ReferenceError: PIN_LABEL is not defined
    at useLabelProjection.useFrame [as current] (http://localhost:3000/_next/static/chunks/src_1aak4l9._.js?id=%255Bproject%255D%252Fsrc%252Fchapters%252Fch5%252FShowOrHideScene.tsx+%255Bapp-client%255D+%2528ecmascript%2529:1497:36)
    at update (http://localhost:3000/_next/static/chunks/node_modules_%40react-three_fiber_dist_10swxn6._.js:15260:26)
    at loop (http://localhost:3000/_next/static/chunks/node_modules_%40react-three_fiber_dist_10swxn6._.js:15286:23)
[  703931ms] ReferenceError: PIN_LABEL is not defined
    at useLabelProjection.useFrame [as current] (http://localhost:3000/_next/static/chunks/src_1aak4l9._.js?id=%255Bproject%255D%252Fsrc%252Fchapters%252Fch5%252FShowOrHideScene.tsx+%255Bapp-client%255D+%2528ecmascript%2529:1497:36)
    at update (http://localhost:3000/_next/static/chunks/node_modules_%40react-three_fiber_dist_10swxn6._.js:15260:26)
    at loop (http://localhost:3000/_next/static/chunks/node_modules_%40react-three_fiber_dist_10swxn6._.js:15286:23)
[  703939ms] ReferenceError: PIN_LABEL is not defined
    at useLabelProjection.useFrame [as current] (http://localhost:3000/_next/static/chunks/src_1aak4l9._.js?id=%255Bproject%255D%252Fsrc%252Fchapters%252Fch5%252FShowOrHideScene.tsx+%255Bapp-client%255D+%2528ecmascript%2529:1497:36)
    at update (http://localhost:3000/_next/static/chunks/node_modules_%40react-three_fiber_dist_10swxn6._.js:15260:26)
    at loop (http://localhost:3000/_next/static/chunks/node_modules_%40react-three_fiber_dist_10swxn6._.js:15286:23)
[  703948ms] ReferenceError: PIN_LABEL is not defined
    at useLabelProjection.useFrame [as current] (http://localhost:3000/_next/static/chunks/src_1aak4l9._.js?id=%255Bproject%255D%252Fsrc%252Fchapters%252Fch5%252FShowOrHideScene.tsx+%255Bapp-client%255D+%2528ecmascript%2529:1497:36)
    at update (http://localhost:3000/_next/static/chunks/node_modules_%40react-three_fiber_dist_10swxn6._.js:15260:26)
    at loop (http://localhost:3000/_next/static/chunks/node_modules_%40react-three_fiber_dist_10swxn6._.js:15286:23)
[  703957ms] ReferenceError: PIN_LABEL is not defined
    at useLabelProjection.useFrame [as current] (http://localhost:3000/_next/static/chunks/src_1aak4l9._.js?id=%255Bproject%255D%252Fsrc%252Fchapters%252Fch5%252FShowOrHideScene.tsx+%255Bapp-client%255D+%2528ecmascript%2529:1497:36)
    at update (http://localhost:3000/_next/static/chunks/node_modules_%40react-three_fiber_dist_10swxn6._.js:15260:26)
    at loop (http://localhost:3000/_next/static/chunks/node_modules_%40react-three_fiber_dist_10swxn6._.js:15286:23)
[  703964ms] ReferenceError: PIN_LABEL is not defined
    at useLabelProjection.useFrame [as current] (http://localhost:3000/_next/static/chunks/src_1aak4l9._.js?id=%255Bproject%255D%252Fsrc%252Fchapters%252Fch5%252FShowOrHideScene.tsx+%255Bapp-client%255D+%2528ecmascript%2529:1497:36)
    at update (http://localhost:3000/_next/static/chunks/node_modules_%40react-three_fiber_dist_10swxn6._.js:15260:26)
    at loop (http://localhost:3000/_next/static/chunks/node_modules_%40react-three_fiber_dist_10swxn6._.js:15286:23)
[  703973ms] ReferenceError: PIN_LABEL is not defined
    at useLabelProjection.useFrame [as current] (http://localhost:3000/_next/static/chunks/src_1aak4l9._.js?id=%255Bproject%255D%252Fsrc%252Fchapters%252Fch5%252FShowOrHideScene.tsx+%255Bapp-client%255D+%2528ecmascript%2529:1497:36)
    at update (http://localhost:3000/_next/static/chunks/node_modules_%40react-three_fiber_dist_10swxn6._.js:15260:26)
    at loop (http://localhost:3000/_next/static/chunks/node_modules_%40react-three_fiber_dist_10swxn6._.js:15286:23)
[  703981ms] ReferenceError: PIN_LABEL is not defined
    at useLabelProjection.useFrame [as current] (http://localhost:3000/_next/static/chunks/src_1aak4l9._.js?id=%255Bproject%255D%252Fsrc%252Fchapters%252Fch5%252FShowOrHideScene.tsx+%255Bapp-client%255D+%2528ecmascript%2529:1497:36)
    at update (http://localhost:3000/_next/static/chunks/node_modules_%40react-three_fiber_dist_10swxn6._.js:15260:26)
    at loop (http://localhost:3000/_next/static/chunks/node_modules_%40react-three_fiber_dist_10swxn6._.js:15286:23)
[  703989ms] ReferenceError: PIN_LABEL is not defined
    at useLabelProjection.useFrame [as current] (http://localhost:3000/_next/static/chunks/src_1aak4l9._.js?id=%255Bproject%255D%252Fsrc%252Fchapters%252Fch5%252FShowOrHideScene.tsx+%255Bapp-client%255D+%2528ecmascript%2529:1497:36)
    at update (http://localhost:3000/_next/static/chunks/node_modules_%40react-three_fiber_dist_10swxn6._.js:15260:26)
    at loop (http://localhost:3000/_next/static/chunks/node_modules_%40react-three_fiber_dist_10swxn6._.js:15286:23)
[  703998ms] ReferenceError: PIN_LABEL is not defined
    at useLabelProjection.useFrame [as current] (http://localhost:3000/_next/static/chunks/src_1aak4l9._.js?id=%255Bproject%255D%252Fsrc%252Fchapters%252Fch5%252FShowOrHideScene.tsx+%255Bapp-client%255D+%2528ecmascript%2529:1497:36)
    at update (http://localhost:3000/_next/static/chunks/node_modules_%40react-three_fiber_dist_10swxn6._.js:15260:26)
    at loop (http://localhost:3000/_next/static/chunks/node_modules_%40react-three_fiber_dist_10swxn6._.js:15286:23)
[  704006ms] ReferenceError: PIN_LABEL is not defined
    at useLabelProjection.useFrame [as current] (http://localhost:3000/_next/static/chunks/src_1aak4l9._.js?id=%255Bproject%255D%252Fsrc%252Fchapters%252Fch5%252FShowOrHideScene.tsx+%255Bapp-client%255D+%2528ecmascript%2529:1497:36)
    at update (http://localhost:3000/_next/static/chunks/node_modules_%40react-three_fiber_dist_10swxn6._.js:15260:26)
    at loop (http://localhost:3000/_next/static/chunks/node_modules_%40react-three_fiber_dist_10swxn6._.js:15286:23)
[  704014ms] ReferenceError: PIN_LABEL is not defined
    at useLabelProjection.useFrame [as current] (http://localhost:3000/_next/static/chunks/src_1aak4l9._.js?id=%255Bproject%255D%252Fsrc%252Fchapters%252Fch5%252FShowOrHideScene.tsx+%255Bapp-client%255D+%2528ecmascript%2529:1497:36)
    at update (http://localhost:3000/_next/static/chunks/node_modules_%40react-three_fiber_dist_10swxn6._.js:15260:26)
    at loop (http://localhost:3000/_next/static/chunks/node_modules_%40react-three_fiber_dist_10swxn6._.js:15286:23)
[  704024ms] ReferenceError: PIN_LABEL is not defined
    at useLabelProjection.useFrame [as current] (http://localhost:3000/_next/static/chunks/src_1aak4l9._.js?id=%255Bproject%255D%252Fsrc%252Fchapters%252Fch5%252FShowOrHideScene.tsx+%255Bapp-client%255D+%2528ecmascript%2529:1497:36)
    at update (http://localhost:3000/_next/static/chunks/node_modules_%40react-three_fiber_dist_10swxn6._.js:15260:26)
    at loop (http://localhost:3000/_next/static/chunks/node_modules_%40react-three_fiber_dist_10swxn6._.js:15286:23)
[  704031ms] ReferenceError: PIN_LABEL is not defined
    at useLabelProjection.useFrame [as current] (http://localhost:3000/_next/static/chunks/src_1aak4l9._.js?id=%255Bproject%255D%252Fsrc%252Fchapters%252Fch5%252FShowOrHideScene.tsx+%255Bapp-client%255D+%2528ecmascript%2529:1497:36)
    at update (http://localhost:3000/_next/static/chunks/node_modules_%40react-three_fiber_dist_10swxn6._.js:15260:26)
    at loop (http://localhost:3000/_next/static/chunks/node_modules_%40react-three_fiber_dist_10swxn6._.js:15286:23)
[  704040ms] ReferenceError: PIN_LABEL is not defined
    at useLabelProjection.useFrame [as current] (http://localhost:3000/_next/static/chunks/src_1aak4l9._.js?id=%255Bproject%255D%252Fsrc%252Fchapters%252Fch5%252FShowOrHideScene.tsx+%255Bapp-client%255D+%2528ecmascript%2529:1497:36)
    at update (http://localhost:3000/_next/static/chunks/node_modules_%40react-three_fiber_dist_10swxn6._.js:15260:26)
    at loop (http://localhost:3000/_next/static/chunks/node_modules_%40react-three_fiber_dist_10swxn6._.js:15286:23)
[  704048ms] ReferenceError: PIN_LABEL is not defined
    at useLabelProjection.useFrame [as current] (http://localhost:3000/_next/static/chunks/src_1aak4l9._.js?id=%255Bproject%255D%252Fsrc%252Fchapters%252Fch5%252FShowOrHideScene.tsx+%255Bapp-client%255D+%2528ecmascript%2529:1497:36)
    at update (http://localhost:3000/_next/static/chunks/node_modules_%40react-three_fiber_dist_10swxn6._.js:15260:26)
    at loop (http://localhost:3000/_next/static/chunks/node_modules_%40react-three_fiber_dist_10swxn6._.js:15286:23)
[  704057ms] ReferenceError: PIN_LABEL is not defined
    at useLabelProjection.useFrame [as current] (http://localhost:3000/_next/static/chunks/src_1aak4l9._.js?id=%255Bproject%255D%252Fsrc%252Fchapters%252Fch5%252FShowOrHideScene.tsx+%255Bapp-client%255D+%2528ecmascript%2529:1497:36)
    at update (http://localhost:3000/_next/static/chunks/node_modules_%40react-three_fiber_dist_10swxn6._.js:15260:26)
    at loop (http://localhost:3000/_next/static/chunks/node_modules_%40react-three_fiber_dist_10swxn6._.js:15286:23)
[  704064ms] ReferenceError: PIN_LABEL is not defined
    at useLabelProjection.useFrame [as current] (http://localhost:3000/_next/static/chunks/src_1aak4l9._.js?id=%255Bproject%255D%252Fsrc%252Fchapters%252Fch5%252FShowOrHideScene.tsx+%255Bapp-client%255D+%2528ecmascript%2529:1497:36)
    at update (http://localhost:3000/_next/static/chunks/node_modules_%40react-three_fiber_dist_10swxn6._.js:15260:26)
    at loop (http://localhost:3000/_next/static/chunks/node_modules_%40react-three_fiber_dist_10swxn6._.js:15286:23)
[  704072ms] ReferenceError: PIN_LABEL is not defined
    at useLabelProjection.useFrame [as current] (http://localhost:3000/_next/static/chunks/src_1aak4l9._.js?id=%255Bproject%255D%252Fsrc%252Fchapters%252Fch5%252FShowOrHideScene.tsx+%255Bapp-client%255D+%2528ecmascript%2529:1497:36)
    at update (http://localhost:3000/_next/static/chunks/node_modules_%40react-three_fiber_dist_10swxn6._.js:15260:26)
    at loop (http://localhost:3000/_next/static/chunks/node_modules_%40react-three_fiber_dist_10swxn6._.js:15286:23)
[  704082ms] ReferenceError: PIN_LABEL is not defined
    at useLabelProjection.useFrame [as current] (http://localhost:3000/_next/static/chunks/src_1aak4l9._.js?id=%255Bproject%255D%252Fsrc%252Fchapters%252Fch5%252FShowOrHideScene.tsx+%255Bapp-client%255D+%2528ecmascript%2529:1497:36)
    at update (http://localhost:3000/_next/static/chunks/node_modules_%40react-three_fiber_dist_10swxn6._.js:15260:26)
    at loop (http://localhost:3000/_next/static/chunks/node_modules_%40react-three_fiber_dist_10swxn6._.js:15286:23)
[  704089ms] ReferenceError: PIN_LABEL is not defined
    at useLabelProjection.useFrame [as current] (http://localhost:3000/_next/static/chunks/src_1aak4l9._.js?id=%255Bproject%255D%252Fsrc%252Fchapters%252Fch5%252FShowOrHideScene.tsx+%255Bapp-client%255D+%2528ecmascript%2529:1497:36)
    at update (http://localhost:3000/_next/static/chunks/node_modules_%40react-three_fiber_dist_10swxn6._.js:15260:26)
    at loop (http://localhost:3000/_next/static/chunks/node_modules_%40react-three_fiber_dist_10swxn6._.js:15286:23)
[  704098ms] ReferenceError: PIN_LABEL is not defined
    at useLabelProjection.useFrame [as current] (http://localhost:3000/_next/static/chunks/src_1aak4l9._.js?id=%255Bproject%255D%252Fsrc%252Fchapters%252Fch5%252FShowOrHideScene.tsx+%255Bapp-client%255D+%2528ecmascript%2529:1497:36)
    at update (http://localhost:3000/_next/static/chunks/node_modules_%40react-three_fiber_dist_10swxn6._.js:15260:26)
    at loop (http://localhost:3000/_next/static/chunks/node_modules_%40react-three_fiber_dist_10swxn6._.js:15286:23)
[  704106ms] ReferenceError: PIN_LABEL is not defined
    at useLabelProjection.useFrame [as current] (http://localhost:3000/_next/static/chunks/src_1aak4l9._.js?id=%255Bproject%255D%252Fsrc%252Fchapters%252Fch5%252FShowOrHideScene.tsx+%255Bapp-client%255D+%2528ecmascript%2529:1497:36)
    at update (http://localhost:3000/_next/static/chunks/node_modules_%40react-three_fiber_dist_10swxn6._.js:15260:26)
    at loop (http://localhost:3000/_next/static/chunks/node_modules_%40react-three_fiber_dist_10swxn6._.js:15286:23)
[  704114ms] ReferenceError: PIN_LABEL is not defined
    at useLabelProjection.useFrame [as current] (http://localhost:3000/_next/static/chunks/src_1aak4l9._.js?id=%255Bproject%255D%252Fsrc%252Fchapters%252Fch5%252FShowOrHideScene.tsx+%255Bapp-client%255D+%2528ecmascript%2529:1497:36)
    at update (http://localhost:3000/_next/static/chunks/node_modules_%40react-three_fiber_dist_10swxn6._.js:15260:26)
    at loop (http://localhost:3000/_next/static/chunks/node_modules_%40react-three_fiber_dist_10swxn6._.js:15286:23)
[  704123ms] ReferenceError: PIN_LABEL is not defined
    at useLabelProjection.useFrame [as current] (http://localhost:3000/_next/static/chunks/src_1aak4l9._.js?id=%255Bproject%255D%252Fsrc%252Fchapters%252Fch5%252FShowOrHideScene.tsx+%255Bapp-client%255D+%2528ecmascript%2529:1497:36)
    at update (http://localhost:3000/_next/static/chunks/node_modules_%40react-three_fiber_dist_10swxn6._.js:15260:26)
    at loop (http://localhost:3000/_next/static/chunks/node_modules_%40react-three_fiber_dist_10swxn6._.js:15286:23)
[  704131ms] ReferenceError: PIN_LABEL is not defined
    at useLabelProjection.useFrame [as current] (http://localhost:3000/_next/static/chunks/src_1aak4l9._.js?id=%255Bproject%255D%252Fsrc%252Fchapters%252Fch5%252FShowOrHideScene.tsx+%255Bapp-client%255D+%2528ecmascript%2529:1497:36)
    at update (http://localhost:3000/_next/static/chunks/node_modules_%40react-three_fiber_dist_10swxn6._.js:15260:26)
    at loop (http://localhost:3000/_next/static/chunks/node_modules_%40react-three_fiber_dist_10swxn6._.js:15286:23)
[  704139ms] ReferenceError: PIN_LABEL is not defined
    at useLabelProjection.useFrame [as current] (http://localhost:3000/_next/static/chunks/src_1aak4l9._.js?id=%255Bproject%255D%252Fsrc%252Fchapters%252Fch5%252FShowOrHideScene.tsx+%255Bapp-client%255D+%2528ecmascript%2529:1497:36)
    at update (http://localhost:3000/_next/static/chunks/node_modules_%40react-three_fiber_dist_10swxn6._.js:15260:26)
    at loop (http://localhost:3000/_next/static/chunks/node_modules_%40react-three_fiber_dist_10swxn6._.js:15286:23)
[  704147ms] ReferenceError: PIN_LABEL is not defined
    at useLabelProjection.useFrame [as current] (http://localhost:3000/_next/static/chunks/src_1aak4l9._.js?id=%255Bproject%255D%252Fsrc%252Fchapters%252Fch5%252FShowOrHideScene.tsx+%255Bapp-client%255D+%2528ecmascript%2529:1497:36)
    at update (http://localhost:3000/_next/static/chunks/node_modules_%40react-three_fiber_dist_10swxn6._.js:15260:26)
    at loop (http://localhost:3000/_next/static/chunks/node_modules_%40react-three_fiber_dist_10swxn6._.js:15286:23)
[  704156ms] ReferenceError: PIN_LABEL is not defined
    at useLabelProjection.useFrame [as current] (http://localhost:3000/_next/static/chunks/src_1aak4l9._.js?id=%255Bproject%255D%252Fsrc%252Fchapters%252Fch5%252FShowOrHideScene.tsx+%255Bapp-client%255D+%2528ecmascript%2529:1497:36)
    at update (http://localhost:3000/_next/static/chunks/node_modules_%40react-three_fiber_dist_10swxn6._.js:15260:26)
    at loop (http://localhost:3000/_next/static/chunks/node_modules_%40react-three_fiber_dist_10swxn6._.js:15286:23)
[  704165ms] ReferenceError: PIN_LABEL is not defined
    at useLabelProjection.useFrame [as current] (http://localhost:3000/_next/static/chunks/src_1aak4l9._.js?id=%255Bproject%255D%252Fsrc%252Fchapters%252Fch5%252FShowOrHideScene.tsx+%255Bapp-client%255D+%2528ecmascript%2529:1497:36)
    at update (http://localhost:3000/_next/static/chunks/node_modules_%40react-three_fiber_dist_10swxn6._.js:15260:26)
    at loop (http://localhost:3000/_next/static/chunks/node_modules_%40react-three_fiber_dist_10swxn6._.js:15286:23)
[  704173ms] ReferenceError: PIN_LABEL is not defined
    at useLabelProjection.useFrame [as current] (http://localhost:3000/_next/static/chunks/src_1aak4l9._.js?id=%255Bproject%255D%252Fsrc%252Fchapters%252Fch5%252FShowOrHideScene.tsx+%255Bapp-client%255D+%2528ecmascript%2529:1497:36)
    at update (http://localhost:3000/_next/static/chunks/node_modules_%40react-three_fiber_dist_10swxn6._.js:15260:26)
    at loop (http://localhost:3000/_next/static/chunks/node_modules_%40react-three_fiber_dist_10swxn6._.js:15286:23)
[  704181ms] ReferenceError: PIN_LABEL is not defined
    at useLabelProjection.useFrame [as current] (http://localhost:3000/_next/static/chunks/src_1aak4l9._.js?id=%255Bproject%255D%252Fsrc%252Fchapters%252Fch5%252FShowOrHideScene.tsx+%255Bapp-client%255D+%2528ecmascript%2529:1497:36)
    at update (http://localhost:3000/_next/static/chunks/node_modules_%40react-three_fiber_dist_10swxn6._.js:15260:26)
    at loop (http://localhost:3000/_next/static/chunks/node_modules_%40react-three_fiber_dist_10swxn6._.js:15286:23)
[  704190ms] ReferenceError: PIN_LABEL is not defined
    at useLabelProjection.useFrame [as current] (http://localhost:3000/_next/static/chunks/src_1aak4l9._.js?id=%255Bproject%255D%252Fsrc%252Fchapters%252Fch5%252FShowOrHideScene.tsx+%255Bapp-client%255D+%2528ecmascript%2529:1497:36)
    at update (http://localhost:3000/_next/static/chunks/node_modules_%40react-three_fiber_dist_10swxn6._.js:15260:26)
    at loop (http://localhost:3000/_next/static/chunks/node_modules_%40react-three_fiber_dist_10swxn6._.js:15286:23)
[  704198ms] ReferenceError: PIN_LABEL is not defined
    at useLabelProjection.useFrame [as current] (http://localhost:3000/_next/static/chunks/src_1aak4l9._.js?id=%255Bproject%255D%252Fsrc%252Fchapters%252Fch5%252FShowOrHideScene.tsx+%255Bapp-client%255D+%2528ecmascript%2529:1497:36)
    at update (http://localhost:3000/_next/static/chunks/node_modules_%40react-three_fiber_dist_10swxn6._.js:15260:26)
    at loop (http://localhost:3000/_next/static/chunks/node_modules_%40react-three_fiber_dist_10swxn6._.js:15286:23)
[  704206ms] ReferenceError: PIN_LABEL is not defined
    at useLabelProjection.useFrame [as current] (http://localhost:3000/_next/static/chunks/src_1aak4l9._.js?id=%255Bproject%255D%252Fsrc%252Fchapters%252Fch5%252FShowOrHideScene.tsx+%255Bapp-client%255D+%2528ecmascript%2529:1497:36)
    at update (http://localhost:3000/_next/static/chunks/node_modules_%40react-three_fiber_dist_10swxn6._.js:15260:26)
    at loop (http://localhost:3000/_next/static/chunks/node_modules_%40react-three_fiber_dist_10swxn6._.js:15286:23)
[  704214ms] ReferenceError: PIN_LABEL is not defined
    at useLabelProjection.useFrame [as current] (http://localhost:3000/_next/static/chunks/src_1aak4l9._.js?id=%255Bproject%255D%252Fsrc%252Fchapters%252Fch5%252FShowOrHideScene.tsx+%255Bapp-client%255D+%2528ecmascript%2529:1497:36)
    at update (http://localhost:3000/_next/static/chunks/node_modules_%40react-three_fiber_dist_10swxn6._.js:15260:26)
    at loop (http://localhost:3000/_next/static/chunks/node_modules_%40react-three_fiber_dist_10swxn6._.js:15286:23)
[  704223ms] ReferenceError: PIN_LABEL is not defined
    at useLabelProjection.useFrame [as current] (http://localhost:3000/_next/static/chunks/src_1aak4l9._.js?id=%255Bproject%255D%252Fsrc%252Fchapters%252Fch5%252FShowOrHideScene.tsx+%255Bapp-client%255D+%2528ecmascript%2529:1497:36)
    at update (http://localhost:3000/_next/static/chunks/node_modules_%40react-three_fiber_dist_10swxn6._.js:15260:26)
    at loop (http://localhost:3000/_next/static/chunks/node_modules_%40react-three_fiber_dist_10swxn6._.js:15286:23)
[  704231ms] ReferenceError: PIN_LABEL is not defined
    at useLabelProjection.useFrame [as current] (http://localhost:3000/_next/static/chunks/src_1aak4l9._.js?id=%255Bproject%255D%252Fsrc%252Fchapters%252Fch5%252FShowOrHideScene.tsx+%255Bapp-client%255D+%2528ecmascript%2529:1497:36)
    at update (http://localhost:3000/_next/static/chunks/node_modules_%40react-three_fiber_dist_10swxn6._.js:15260:26)
    at loop (http://localhost:3000/_next/static/chunks/node_modules_%40react-three_fiber_dist_10swxn6._.js:15286:23)
[  704239ms] ReferenceError: PIN_LABEL is not defined
    at useLabelProjection.useFrame [as current] (http://localhost:3000/_next/static/chunks/src_1aak4l9._.js?id=%255Bproject%255D%252Fsrc%252Fchapters%252Fch5%252FShowOrHideScene.tsx+%255Bapp-client%255D+%2528ecmascript%2529:1497:36)
    at update (http://localhost:3000/_next/static/chunks/node_modules_%40react-three_fiber_dist_10swxn6._.js:15260:26)
    at loop (http://localhost:3000/_next/static/chunks/node_modules_%40react-three_fiber_dist_10swxn6._.js:15286:23)
[  704248ms] ReferenceError: PIN_LABEL is not defined
    at useLabelProjection.useFrame [as current] (http://localhost:3000/_next/static/chunks/src_1aak4l9._.js?id=%255Bproject%255D%252Fsrc%252Fchapters%252Fch5%252FShowOrHideScene.tsx+%255Bapp-client%255D+%2528ecmascript%2529:1497:36)
    at update (http://localhost:3000/_next/static/chunks/node_modules_%40react-three_fiber_dist_10swxn6._.js:15260:26)
    at loop (http://localhost:3000/_next/static/chunks/node_modules_%40react-three_fiber_dist_10swxn6._.js:15286:23)
[  704256ms] ReferenceError: PIN_LABEL is not defined
    at useLabelProjection.useFrame [as current] (http://localhost:3000/_next/static/chunks/src_1aak4l9._.js?id=%255Bproject%255D%252Fsrc%252Fchapters%252Fch5%252FShowOrHideScene.tsx+%255Bapp-client%255D+%2528ecmascript%2529:1497:36)
    at update (http://localhost:3000/_next/static/chunks/node_modules_%40react-three_fiber_dist_10swxn6._.js:15260:26)
    at loop (http://localhost:3000/_next/static/chunks/node_modules_%40react-three_fiber_dist_10swxn6._.js:15286:23)
[  704264ms] ReferenceError: PIN_LABEL is not defined
    at useLabelProjection.useFrame [as current] (http://localhost:3000/_next/static/chunks/src_1aak4l9._.js?id=%255Bproject%255D%252Fsrc%252Fchapters%252Fch5%252FShowOrHideScene.tsx+%255Bapp-client%255D+%2528ecmascript%2529:1497:36)
    at update (http://localhost:3000/_next/static/chunks/node_modules_%40react-three_fiber_dist_10swxn6._.js:15260:26)
    at loop (http://localhost:3000/_next/static/chunks/node_modules_%40react-three_fiber_dist_10swxn6._.js:15286:23)
[  704273ms] ReferenceError: PIN_LABEL is not defined
    at useLabelProjection.useFrame [as current] (http://localhost:3000/_next/static/chunks/src_1aak4l9._.js?id=%255Bproject%255D%252Fsrc%252Fchapters%252Fch5%252FShowOrHideScene.tsx+%255Bapp-client%255D+%2528ecmascript%2529:1497:36)
    at update (http://localhost:3000/_next/static/chunks/node_modules_%40react-three_fiber_dist_10swxn6._.js:15260:26)
    at loop (http://localhost:3000/_next/static/chunks/node_modules_%40react-three_fiber_dist_10swxn6._.js:15286:23)
[  704281ms] ReferenceError: PIN_LABEL is not defined
    at useLabelProjection.useFrame [as current] (http://localhost:3000/_next/static/chunks/src_1aak4l9._.js?id=%255Bproject%255D%252Fsrc%252Fchapters%252Fch5%252FShowOrHideScene.tsx+%255Bapp-client%255D+%2528ecmascript%2529:1497:36)
    at update (http://localhost:3000/_next/static/chunks/node_modules_%40react-three_fiber_dist_10swxn6._.js:15260:26)
    at loop (http://localhost:3000/_next/static/chunks/node_modules_%40react-three_fiber_dist_10swxn6._.js:15286:23)
[  704289ms] ReferenceError: PIN_LABEL is not defined
    at useLabelProjection.useFrame [as current] (http://localhost:3000/_next/static/chunks/src_1aak4l9._.js?id=%255Bproject%255D%252Fsrc%252Fchapters%252Fch5%252FShowOrHideScene.tsx+%255Bapp-client%255D+%2528ecmascript%2529:1497:36)
    at update (http://localhost:3000/_next/static/chunks/node_modules_%40react-three_fiber_dist_10swxn6._.js:15260:26)
    at loop (http://localhost:3000/_next/static/chunks/node_modules_%40react-three_fiber_dist_10swxn6._.js:15286:23)
[  704299ms] ReferenceError: PIN_LABEL is not defined
    at useLabelProjection.useFrame [as current] (http://localhost:3000/_next/static/chunks/src_1aak4l9._.js?id=%255Bproject%255D%252Fsrc%252Fchapters%252Fch5%252FShowOrHideScene.tsx+%255Bapp-client%255D+%2528ecmascript%2529:1497:36)
    at update (http://localhost:3000/_next/static/chunks/node_modules_%40react-three_fiber_dist_10swxn6._.js:15260:26)
    at loop (http://localhost:3000/_next/static/chunks/node_modules_%40react-three_fiber_dist_10swxn6._.js:15286:23)
[  704306ms] ReferenceError: PIN_LABEL is not defined
    at useLabelProjection.useFrame [as current] (http://localhost:3000/_next/static/chunks/src_1aak4l9._.js?id=%255Bproject%255D%252Fsrc%252Fchapters%252Fch5%252FShowOrHideScene.tsx+%255Bapp-client%255D+%2528ecmascript%2529:1497:36)
    at update (http://localhost:3000/_next/static/chunks/node_modules_%40react-three_fiber_dist_10swxn6._.js:15260:26)
    at loop (http://localhost:3000/_next/static/chunks/node_modules_%40react-three_fiber_dist_10swxn6._.js:15286:23)
[  704314ms] ReferenceError: PIN_LABEL is not defined
    at useLabelProjection.useFrame [as current] (http://localhost:3000/_next/static/chunks/src_1aak4l9._.js?id=%255Bproject%255D%252Fsrc%252Fchapters%252Fch5%252FShowOrHideScene.tsx+%255Bapp-client%255D+%2528ecmascript%2529:1497:36)
    at update (http://localhost:3000/_next/static/chunks/node_modules_%40react-three_fiber_dist_10swxn6._.js:15260:26)
    at loop (http://localhost:3000/_next/static/chunks/node_modules_%40react-three_fiber_dist_10swxn6._.js:15286:23)
[  704324ms] ReferenceError: PIN_LABEL is not defined
    at useLabelProjection.useFrame [as current] (http://localhost:3000/_next/static/chunks/src_1aak4l9._.js?id=%255Bproject%255D%252Fsrc%252Fchapters%252Fch5%252FShowOrHideScene.tsx+%255Bapp-client%255D+%2528ecmascript%2529:1497:36)
    at update (http://localhost:3000/_next/static/chunks/node_modules_%40react-three_fiber_dist_10swxn6._.js:15260:26)
    at loop (http://localhost:3000/_next/static/chunks/node_modules_%40react-three_fiber_dist_10swxn6._.js:15286:23)
[  704331ms] ReferenceError: PIN_LABEL is not defined
    at useLabelProjection.useFrame [as current] (http://localhost:3000/_next/static/chunks/src_1aak4l9._.js?id=%255Bproject%255D%252Fsrc%252Fchapters%252Fch5%252FShowOrHideScene.tsx+%255Bapp-client%255D+%2528ecmascript%2529:1497:36)
    at update (http://localhost:3000/_next/static/chunks/node_modules_%40react-three_fiber_dist_10swxn6._.js:15260:26)
    at loop (http://localhost:3000/_next/static/chunks/node_modules_%40react-three_fiber_dist_10swxn6._.js:15286:23)
[  704339ms] ReferenceError: PIN_LABEL is not defined
    at useLabelProjection.useFrame [as current] (http://localhost:3000/_next/static/chunks/src_1aak4l9._.js?id=%255Bproject%255D%252Fsrc%252Fchapters%252Fch5%252FShowOrHideScene.tsx+%255Bapp-client%255D+%2528ecmascript%2529:1497:36)
    at update (http://localhost:3000/_next/static/chunks/node_modules_%40react-three_fiber_dist_10swxn6._.js:15260:26)
    at loop (http://localhost:3000/_next/static/chunks/node_modules_%40react-three_fiber_dist_10swxn6._.js:15286:23)
[  704348ms] ReferenceError: PIN_LABEL is not defined
    at useLabelProjection.useFrame [as current] (http://localhost:3000/_next/static/chunks/src_1aak4l9._.js?id=%255Bproject%255D%252Fsrc%252Fchapters%252Fch5%252FShowOrHideScene.tsx+%255Bapp-client%255D+%2528ecmascript%2529:1497:36)
    at update (http://localhost:3000/_next/static/chunks/node_modules_%40react-three_fiber_dist_10swxn6._.js:15260:26)
    at loop (http://localhost:3000/_next/static/chunks/node_modules_%40react-three_fiber_dist_10swxn6._.js:15286:23)
[  704356ms] ReferenceError: PIN_LABEL is not defined
    at useLabelProjection.useFrame [as current] (http://localhost:3000/_next/static/chunks/src_1aak4l9._.js?id=%255Bproject%255D%252Fsrc%252Fchapters%252Fch5%252FShowOrHideScene.tsx+%255Bapp-client%255D+%2528ecmascript%2529:1497:36)
    at update (http://localhost:3000/_next/static/chunks/node_modules_%40react-three_fiber_dist_10swxn6._.js:15260:26)
    at loop (http://localhost:3000/_next/static/chunks/node_modules_%40react-three_fiber_dist_10swxn6._.js:15286:23)
[  704365ms] ReferenceError: PIN_LABEL is not defined
    at useLabelProjection.useFrame [as current] (http://localhost:3000/_next/static/chunks/src_1aak4l9._.js?id=%255Bproject%255D%252Fsrc%252Fchapters%252Fch5%252FShowOrHideScene.tsx+%255Bapp-client%255D+%2528ecmascript%2529:1497:36)
    at update (http://localhost:3000/_next/static/chunks/node_modules_%40react-three_fiber_dist_10swxn6._.js:15260:26)
    at loop (http://localhost:3000/_next/static/chunks/node_modules_%40react-three_fiber_dist_10swxn6._.js:15286:23)
[  704372ms] ReferenceError: PIN_LABEL is not defined
    at useLabelProjection.useFrame [as current] (http://localhost:3000/_next/static/chunks/src_1aak4l9._.js?id=%255Bproject%255D%252Fsrc%252Fchapters%252Fch5%252FShowOrHideScene.tsx+%255Bapp-client%255D+%2528ecmascript%2529:1497:36)
    at update (http://localhost:3000/_next/static/chunks/node_modules_%40react-three_fiber_dist_10swxn6._.js:15260:26)
    at loop (http://localhost:3000/_next/static/chunks/node_modules_%40react-three_fiber_dist_10swxn6._.js:15286:23)
[  704381ms] ReferenceError: PIN_LABEL is not defined
    at useLabelProjection.useFrame [as current] (http://localhost:3000/_next/static/chunks/src_1aak4l9._.js?id=%255Bproject%255D%252Fsrc%252Fchapters%252Fch5%252FShowOrHideScene.tsx+%255Bapp-client%255D+%2528ecmascript%2529:1497:36)
    at update (http://localhost:3000/_next/static/chunks/node_modules_%40react-three_fiber_dist_10swxn6._.js:15260:26)
    at loop (http://localhost:3000/_next/static/chunks/node_modules_%40react-three_fiber_dist_10swxn6._.js:15286:23)
[  704389ms] ReferenceError: PIN_LABEL is not defined
    at useLabelProjection.useFrame [as current] (http://localhost:3000/_next/static/chunks/src_1aak4l9._.js?id=%255Bproject%255D%252Fsrc%252Fchapters%252Fch5%252FShowOrHideScene.tsx+%255Bapp-client%255D+%2528ecmascript%2529:1497:36)
    at update (http://localhost:3000/_next/static/chunks/node_modules_%40react-three_fiber_dist_10swxn6._.js:15260:26)
    at loop (http://localhost:3000/_next/static/chunks/node_modules_%40react-three_fiber_dist_10swxn6._.js:15286:23)
[  704399ms] ReferenceError: PIN_LABEL is not defined
    at useLabelProjection.useFrame [as current] (http://localhost:3000/_next/static/chunks/src_1aak4l9._.js?id=%255Bproject%255D%252Fsrc%252Fchapters%252Fch5%252FShowOrHideScene.tsx+%255Bapp-client%255D+%2528ecmascript%2529:1497:36)
    at update (http://localhost:3000/_next/static/chunks/node_modules_%40react-three_fiber_dist_10swxn6._.js:15260:26)
    at loop (http://localhost:3000/_next/static/chunks/node_modules_%40react-three_fiber_dist_10swxn6._.js:15286:23)
[  704406ms] ReferenceError: PIN_LABEL is not defined
    at useLabelProjection.useFrame [as current] (http://localhost:3000/_next/static/chunks/src_1aak4l9._.js?id=%255Bproject%255D%252Fsrc%252Fchapters%252Fch5%252FShowOrHideScene.tsx+%255Bapp-client%255D+%2528ecmascript%2529:1497:36)
    at update (http://localhost:3000/_next/static/chunks/node_modules_%40react-three_fiber_dist_10swxn6._.js:15260:26)
    at loop (http://localhost:3000/_next/static/chunks/node_modules_%40react-three_fiber_dist_10swxn6._.js:15286:23)
[  704414ms] ReferenceError: PIN_LABEL is not defined
    at useLabelProjection.useFrame [as current] (http://localhost:3000/_next/static/chunks/src_1aak4l9._.js?id=%255Bproject%255D%252Fsrc%252Fchapters%252Fch5%252FShowOrHideScene.tsx+%255Bapp-client%255D+%2528ecmascript%2529:1497:36)
    at update (http://localhost:3000/_next/static/chunks/node_modules_%40react-three_fiber_dist_10swxn6._.js:15260:26)
    at loop (http://localhost:3000/_next/static/chunks/node_modules_%40react-three_fiber_dist_10swxn6._.js:15286:23)
[  704423ms] ReferenceError: PIN_LABEL is not defined
    at useLabelProjection.useFrame [as current] (http://localhost:3000/_next/static/chunks/src_1aak4l9._.js?id=%255Bproject%255D%252Fsrc%252Fchapters%252Fch5%252FShowOrHideScene.tsx+%255Bapp-client%255D+%2528ecmascript%2529:1497:36)
    at update (http://localhost:3000/_next/static/chunks/node_modules_%40react-three_fiber_dist_10swxn6._.js:15260:26)
    at loop (http://localhost:3000/_next/static/chunks/node_modules_%40react-three_fiber_dist_10swxn6._.js:15286:23)
[  704431ms] ReferenceError: PIN_LABEL is not defined
    at useLabelProjection.useFrame [as current] (http://localhost:3000/_next/static/chunks/src_1aak4l9._.js?id=%255Bproject%255D%252Fsrc%252Fchapters%252Fch5%252FShowOrHideScene.tsx+%255Bapp-client%255D+%2528ecmascript%2529:1497:36)
    at update (http://localhost:3000/_next/static/chunks/node_modules_%40react-three_fiber_dist_10swxn6._.js:15260:26)
    at loop (http://localhost:3000/_next/static/chunks/node_modules_%40react-three_fiber_dist_10swxn6._.js:15286:23)
[  704441ms] ReferenceError: PIN_LABEL is not defined
    at useLabelProjection.useFrame [as current] (http://localhost:3000/_next/static/chunks/src_1aak4l9._.js?id=%255Bproject%255D%252Fsrc%252Fchapters%252Fch5%252FShowOrHideScene.tsx+%255Bapp-client%255D+%2528ecmascript%2529:1497:36)
    at update (http://localhost:3000/_next/static/chunks/node_modules_%40react-three_fiber_dist_10swxn6._.js:15260:26)
    at loop (http://localhost:3000/_next/static/chunks/node_modules_%40react-three_fiber_dist_10swxn6._.js:15286:23)
[  704448ms] ReferenceError: PIN_LABEL is not defined
    at useLabelProjection.useFrame [as current] (http://localhost:3000/_next/static/chunks/src_1aak4l9._.js?id=%255Bproject%255D%252Fsrc%252Fchapters%252Fch5%252FShowOrHideScene.tsx+%255Bapp-client%255D+%2528ecmascript%2529:1497:36)
    at update (http://localhost:3000/_next/static/chunks/node_modules_%40react-three_fiber_dist_10swxn6._.js:15260:26)
    at loop (http://localhost:3000/_next/static/chunks/node_modules_%40react-three_fiber_dist_10swxn6._.js:15286:23)
[  704456ms] ReferenceError: PIN_LABEL is not defined
    at useLabelProjection.useFrame [as current] (http://localhost:3000/_next/static/chunks/src_1aak4l9._.js?id=%255Bproject%255D%252Fsrc%252Fchapters%252Fch5%252FShowOrHideScene.tsx+%255Bapp-client%255D+%2528ecmascript%2529:1497:36)
    at update (http://localhost:3000/_next/static/chunks/node_modules_%40react-three_fiber_dist_10swxn6._.js:15260:26)
    at loop (http://localhost:3000/_next/static/chunks/node_modules_%40react-three_fiber_dist_10swxn6._.js:15286:23)
[  704464ms] ReferenceError: PIN_LABEL is not defined
    at useLabelProjection.useFrame [as current] (http://localhost:3000/_next/static/chunks/src_1aak4l9._.js?id=%255Bproject%255D%252Fsrc%252Fchapters%252Fch5%252FShowOrHideScene.tsx+%255Bapp-client%255D+%2528ecmascript%2529:1497:36)
    at update (http://localhost:3000/_next/static/chunks/node_modules_%40react-three_fiber_dist_10swxn6._.js:15260:26)
    at loop (http://localhost:3000/_next/static/chunks/node_modules_%40react-three_fiber_dist_10swxn6._.js:15286:23)
[  704472ms] ReferenceError: PIN_LABEL is not defined
    at useLabelProjection.useFrame [as current] (http://localhost:3000/_next/static/chunks/src_1aak4l9._.js?id=%255Bproject%255D%252Fsrc%252Fchapters%252Fch5%252FShowOrHideScene.tsx+%255Bapp-client%255D+%2528ecmascript%2529:1497:36)
    at update (http://localhost:3000/_next/static/chunks/node_modules_%40react-three_fiber_dist_10swxn6._.js:15260:26)
    at loop (http://localhost:3000/_next/static/chunks/node_modules_%40react-three_fiber_dist_10swxn6._.js:15286:23)
[  704481ms] ReferenceError: PIN_LABEL is not defined
    at useLabelProjection.useFrame [as current] (http://localhost:3000/_next/static/chunks/src_1aak4l9._.js?id=%255Bproject%255D%252Fsrc%252Fchapters%252Fch5%252FShowOrHideScene.tsx+%255Bapp-client%255D+%2528ecmascript%2529:1497:36)
    at update (http://localhost:3000/_next/static/chunks/node_modules_%40react-three_fiber_dist_10swxn6._.js:15260:26)
    at loop (http://localhost:3000/_next/static/chunks/node_modules_%40react-three_fiber_dist_10swxn6._.js:15286:23)
[  704489ms] ReferenceError: PIN_LABEL is not defined
    at useLabelProjection.useFrame [as current] (http://localhost:3000/_next/static/chunks/src_1aak4l9._.js?id=%255Bproject%255D%252Fsrc%252Fchapters%252Fch5%252FShowOrHideScene.tsx+%255Bapp-client%255D+%2528ecmascript%2529:1497:36)
    at update (http://localhost:3000/_next/static/chunks/node_modules_%40react-three_fiber_dist_10swxn6._.js:15260:26)
    at loop (http://localhost:3000/_next/static/chunks/node_modules_%40react-three_fiber_dist_10swxn6._.js:15286:23)
[  704497ms] ReferenceError: PIN_LABEL is not defined
    at useLabelProjection.useFrame [as current] (http://localhost:3000/_next/static/chunks/src_1aak4l9._.js?id=%255Bproject%255D%252Fsrc%252Fchapters%252Fch5%252FShowOrHideScene.tsx+%255Bapp-client%255D+%2528ecmascript%2529:1497:36)
    at update (http://localhost:3000/_next/static/chunks/node_modules_%40react-three_fiber_dist_10swxn6._.js:15260:26)
    at loop (http://localhost:3000/_next/static/chunks/node_modules_%40react-three_fiber_dist_10swxn6._.js:15286:23)
[  704505ms] ReferenceError: PIN_LABEL is not defined
    at useLabelProjection.useFrame [as current] (http://localhost:3000/_next/static/chunks/src_1aak4l9._.js?id=%255Bproject%255D%252Fsrc%252Fchapters%252Fch5%252FShowOrHideScene.tsx+%255Bapp-client%255D+%2528ecmascript%2529:1497:36)
    at update (http://localhost:3000/_next/static/chunks/node_modules_%40react-three_fiber_dist_10swxn6._.js:15260:26)
    at loop (http://localhost:3000/_next/static/chunks/node_modules_%40react-three_fiber_dist_10swxn6._.js:15286:23)
[  704514ms] ReferenceError: PIN_LABEL is not defined
    at useLabelProjection.useFrame [as current] (http://localhost:3000/_next/static/chunks/src_1aak4l9._.js?id=%255Bproject%255D%252Fsrc%252Fchapters%252Fch5%252FShowOrHideScene.tsx+%255Bapp-client%255D+%2528ecmascript%2529:1497:36)
    at update (http://localhost:3000/_next/static/chunks/node_modules_%40react-three_fiber_dist_10swxn6._.js:15260:26)
    at loop (http://localhost:3000/_next/static/chunks/node_modules_%40react-three_fiber_dist_10swxn6._.js:15286:23)
[  704522ms] ReferenceError: PIN_LABEL is not defined
    at useLabelProjection.useFrame [as current] (http://localhost:3000/_next/static/chunks/src_1aak4l9._.js?id=%255Bproject%255D%252Fsrc%252Fchapters%252Fch5%252FShowOrHideScene.tsx+%255Bapp-client%255D+%2528ecmascript%2529:1497:36)
    at update (http://localhost:3000/_next/static/chunks/node_modules_%40react-three_fiber_dist_10swxn6._.js:15260:26)
    at loop (http://localhost:3000/_next/static/chunks/node_modules_%40react-three_fiber_dist_10swxn6._.js:15286:23)
[  704530ms] ReferenceError: PIN_LABEL is not defined
    at useLabelProjection.useFrame [as current] (http://localhost:3000/_next/static/chunks/src_1aak4l9._.js?id=%255Bproject%255D%252Fsrc%252Fchapters%252Fch5%252FShowOrHideScene.tsx+%255Bapp-client%255D+%2528ecmascript%2529:1497:36)
    at update (http://localhost:3000/_next/static/chunks/node_modules_%40react-three_fiber_dist_10swxn6._.js:15260:26)
    at loop (http://localhost:3000/_next/static/chunks/node_modules_%40react-three_fiber_dist_10swxn6._.js:15286:23)
[  704539ms] ReferenceError: PIN_LABEL is not defined
    at useLabelProjection.useFrame [as current] (http://localhost:3000/_next/static/chunks/src_1aak4l9._.js?id=%255Bproject%255D%252Fsrc%252Fchapters%252Fch5%252FShowOrHideScene.tsx+%255Bapp-client%255D+%2528ecmascript%2529:1497:36)
    at update (http://localhost:3000/_next/static/chunks/node_modules_%40react-three_fiber_dist_10swxn6._.js:15260:26)
    at loop (http://localhost:3000/_next/static/chunks/node_modules_%40react-three_fiber_dist_10swxn6._.js:15286:23)
[  704547ms] ReferenceError: PIN_LABEL is not defined
    at useLabelProjection.useFrame [as current] (http://localhost:3000/_next/static/chunks/src_1aak4l9._.js?id=%255Bproject%255D%252Fsrc%252Fchapters%252Fch5%252FShowOrHideScene.tsx+%255Bapp-client%255D+%2528ecmascript%2529:1497:36)
    at update (http://localhost:3000/_next/static/chunks/node_modules_%40react-three_fiber_dist_10swxn6._.js:15260:26)
    at loop (http://localhost:3000/_next/static/chunks/node_modules_%40react-three_fiber_dist_10swxn6._.js:15286:23)
[  704556ms] ReferenceError: PIN_LABEL is not defined
    at useLabelProjection.useFrame [as current] (http://localhost:3000/_next/static/chunks/src_1aak4l9._.js?id=%255Bproject%255D%252Fsrc%252Fchapters%252Fch5%252FShowOrHideScene.tsx+%255Bapp-client%255D+%2528ecmascript%2529:1497:36)
    at update (http://localhost:3000/_next/static/chunks/node_modules_%40react-three_fiber_dist_10swxn6._.js:15260:26)
    at loop (http://localhost:3000/_next/static/chunks/node_modules_%40react-three_fiber_dist_10swxn6._.js:15286:23)
[  704564ms] ReferenceError: PIN_LABEL is not defined
    at useLabelProjection.useFrame [as current] (http://localhost:3000/_next/static/chunks/src_1aak4l9._.js?id=%255Bproject%255D%252Fsrc%252Fchapters%252Fch5%252FShowOrHideScene.tsx+%255Bapp-client%255D+%2528ecmascript%2529:1497:36)
    at update (http://localhost:3000/_next/static/chunks/node_modules_%40react-three_fiber_dist_10swxn6._.js:15260:26)
    at loop (http://localhost:3000/_next/static/chunks/node_modules_%40react-three_fiber_dist_10swxn6._.js:15286:23)
[  704572ms] ReferenceError: PIN_LABEL is not defined
    at useLabelProjection.useFrame [as current] (http://localhost:3000/_next/static/chunks/src_1aak4l9._.js?id=%255Bproject%255D%252Fsrc%252Fchapters%252Fch5%252FShowOrHideScene.tsx+%255Bapp-client%255D+%2528ecmascript%2529:1497:36)
    at update (http://localhost:3000/_next/static/chunks/node_modules_%40react-three_fiber_dist_10swxn6._.js:15260:26)
    at loop (http://localhost:3000/_next/static/chunks/node_modules_%40react-three_fiber_dist_10swxn6._.js:15286:23)
[  704581ms] ReferenceError: PIN_LABEL is not defined
    at useLabelProjection.useFrame [as current] (http://localhost:3000/_next/static/chunks/src_1aak4l9._.js?id=%255Bproject%255D%252Fsrc%252Fchapters%252Fch5%252FShowOrHideScene.tsx+%255Bapp-client%255D+%2528ecmascript%2529:1497:36)
    at update (http://localhost:3000/_next/static/chunks/node_modules_%40react-three_fiber_dist_10swxn6._.js:15260:26)
    at loop (http://localhost:3000/_next/static/chunks/node_modules_%40react-three_fiber_dist_10swxn6._.js:15286:23)
[  704589ms] ReferenceError: PIN_LABEL is not defined
    at useLabelProjection.useFrame [as current] (http://localhost:3000/_next/static/chunks/src_1aak4l9._.js?id=%255Bproject%255D%252Fsrc%252Fchapters%252Fch5%252FShowOrHideScene.tsx+%255Bapp-client%255D+%2528ecmascript%2529:1497:36)
    at update (http://localhost:3000/_next/static/chunks/node_modules_%40react-three_fiber_dist_10swxn6._.js:15260:26)
    at loop (http://localhost:3000/_next/static/chunks/node_modules_%40react-three_fiber_dist_10swxn6._.js:15286:23)
[  704598ms] ReferenceError: PIN_LABEL is not defined
    at useLabelProjection.useFrame [as current] (http://localhost:3000/_next/static/chunks/src_1aak4l9._.js?id=%255Bproject%255D%252Fsrc%252Fchapters%252Fch5%252FShowOrHideScene.tsx+%255Bapp-client%255D+%2528ecmascript%2529:1497:36)
    at update (http://localhost:3000/_next/static/chunks/node_modules_%40react-three_fiber_dist_10swxn6._.js:15260:26)
    at loop (http://localhost:3000/_next/static/chunks/node_modules_%40react-three_fiber_dist_10swxn6._.js:15286:23)
[  704607ms] ReferenceError: PIN_LABEL is not defined
    at useLabelProjection.useFrame [as current] (http://localhost:3000/_next/static/chunks/src_1aak4l9._.js?id=%255Bproject%255D%252Fsrc%252Fchapters%252Fch5%252FShowOrHideScene.tsx+%255Bapp-client%255D+%2528ecmascript%2529:1497:36)
    at update (http://localhost:3000/_next/static/chunks/node_modules_%40react-three_fiber_dist_10swxn6._.js:15260:26)
    at loop (http://localhost:3000/_next/static/chunks/node_modules_%40react-three_fiber_dist_10swxn6._.js:15286:23)
[  704614ms] ReferenceError: PIN_LABEL is not defined
    at useLabelProjection.useFrame [as current] (http://localhost:3000/_next/static/chunks/src_1aak4l9._.js?id=%255Bproject%255D%252Fsrc%252Fchapters%252Fch5%252FShowOrHideScene.tsx+%255Bapp-client%255D+%2528ecmascript%2529:1497:36)
    at update (http://localhost:3000/_next/static/chunks/node_modules_%40react-three_fiber_dist_10swxn6._.js:15260:26)
    at loop (http://localhost:3000/_next/static/chunks/node_modules_%40react-three_fiber_dist_10swxn6._.js:15286:23)
[  704623ms] ReferenceError: PIN_LABEL is not defined
    at useLabelProjection.useFrame [as current] (http://localhost:3000/_next/static/chunks/src_1aak4l9._.js?id=%255Bproject%255D%252Fsrc%252Fchapters%252Fch5%252FShowOrHideScene.tsx+%255Bapp-client%255D+%2528ecmascript%2529:1497:36)
    at update (http://localhost:3000/_next/static/chunks/node_modules_%40react-three_fiber_dist_10swxn6._.js:15260:26)
    at loop (http://localhost:3000/_next/static/chunks/node_modules_%40react-three_fiber_dist_10swxn6._.js:15286:23)
[  704631ms] ReferenceError: PIN_LABEL is not defined
    at useLabelProjection.useFrame [as current] (http://localhost:3000/_next/static/chunks/src_1aak4l9._.js?id=%255Bproject%255D%252Fsrc%252Fchapters%252Fch5%252FShowOrHideScene.tsx+%255Bapp-client%255D+%2528ecmascript%2529:1497:36)
    at update (http://localhost:3000/_next/static/chunks/node_modules_%40react-three_fiber_dist_10swxn6._.js:15260:26)
    at loop (http://localhost:3000/_next/static/chunks/node_modules_%40react-three_fiber_dist_10swxn6._.js:15286:23)
[  704639ms] ReferenceError: PIN_LABEL is not defined
    at useLabelProjection.useFrame [as current] (http://localhost:3000/_next/static/chunks/src_1aak4l9._.js?id=%255Bproject%255D%252Fsrc%252Fchapters%252Fch5%252FShowOrHideScene.tsx+%255Bapp-client%255D+%2528ecmascript%2529:1497:36)
    at update (http://localhost:3000/_next/static/chunks/node_modules_%40react-three_fiber_dist_10swxn6._.js:15260:26)
    at loop (http://localhost:3000/_next/static/chunks/node_modules_%40react-three_fiber_dist_10swxn6._.js:15286:23)
[  704647ms] ReferenceError: PIN_LABEL is not defined
    at useLabelProjection.useFrame [as current] (http://localhost:3000/_next/static/chunks/src_1aak4l9._.js?id=%255Bproject%255D%252Fsrc%252Fchapters%252Fch5%252FShowOrHideScene.tsx+%255Bapp-client%255D+%2528ecmascript%2529:1497:36)
    at update (http://localhost:3000/_next/static/chunks/node_modules_%40react-three_fiber_dist_10swxn6._.js:15260:26)
    at loop (http://localhost:3000/_next/static/chunks/node_modules_%40react-three_fiber_dist_10swxn6._.js:15286:23)
[  704656ms] ReferenceError: PIN_LABEL is not defined
    at useLabelProjection.useFrame [as current] (http://localhost:3000/_next/static/chunks/src_1aak4l9._.js?id=%255Bproject%255D%252Fsrc%252Fchapters%252Fch5%252FShowOrHideScene.tsx+%255Bapp-client%255D+%2528ecmascript%2529:1497:36)
    at update (http://localhost:3000/_next/static/chunks/node_modules_%40react-three_fiber_dist_10swxn6._.js:15260:26)
    at loop (http://localhost:3000/_next/static/chunks/node_modules_%40react-three_fiber_dist_10swxn6._.js:15286:23)
[  704664ms] ReferenceError: PIN_LABEL is not defined
    at useLabelProjection.useFrame [as current] (http://localhost:3000/_next/static/chunks/src_1aak4l9._.js?id=%255Bproject%255D%252Fsrc%252Fchapters%252Fch5%252FShowOrHideScene.tsx+%255Bapp-client%255D+%2528ecmascript%2529:1497:36)
    at update (http://localhost:3000/_next/static/chunks/node_modules_%40react-three_fiber_dist_10swxn6._.js:15260:26)
    at loop (http://localhost:3000/_next/static/chunks/node_modules_%40react-three_fiber_dist_10swxn6._.js:15286:23)
[  704672ms] ReferenceError: PIN_LABEL is not defined
    at useLabelProjection.useFrame [as current] (http://localhost:3000/_next/static/chunks/src_1aak4l9._.js?id=%255Bproject%255D%252Fsrc%252Fchapters%252Fch5%252FShowOrHideScene.tsx+%255Bapp-client%255D+%2528ecmascript%2529:1497:36)
    at update (http://localhost:3000/_next/static/chunks/node_modules_%40react-three_fiber_dist_10swxn6._.js:15260:26)
    at loop (http://localhost:3000/_next/static/chunks/node_modules_%40react-three_fiber_dist_10swxn6._.js:15286:23)
[  704681ms] ReferenceError: PIN_LABEL is not defined
    at useLabelProjection.useFrame [as current] (http://localhost:3000/_next/static/chunks/src_1aak4l9._.js?id=%255Bproject%255D%252Fsrc%252Fchapters%252Fch5%252FShowOrHideScene.tsx+%255Bapp-client%255D+%2528ecmascript%2529:1497:36)
    at update (http://localhost:3000/_next/static/chunks/node_modules_%40react-three_fiber_dist_10swxn6._.js:15260:26)
    at loop (http://localhost:3000/_next/static/chunks/node_modules_%40react-three_fiber_dist_10swxn6._.js:15286:23)
[  704690ms] ReferenceError: PIN_LABEL is not defined
    at useLabelProjection.useFrame [as current] (http://localhost:3000/_next/static/chunks/src_1aak4l9._.js?id=%255Bproject%255D%252Fsrc%252Fchapters%252Fch5%252FShowOrHideScene.tsx+%255Bapp-client%255D+%2528ecmascript%2529:1497:36)
    at update (http://localhost:3000/_next/static/chunks/node_modules_%40react-three_fiber_dist_10swxn6._.js:15260:26)
    at loop (http://localhost:3000/_next/static/chunks/node_modules_%40react-three_fiber_dist_10swxn6._.js:15286:23)
[  704698ms] ReferenceError: PIN_LABEL is not defined
    at useLabelProjection.useFrame [as current] (http://localhost:3000/_next/static/chunks/src_1aak4l9._.js?id=%255Bproject%255D%252Fsrc%252Fchapters%252Fch5%252FShowOrHideScene.tsx+%255Bapp-client%255D+%2528ecmascript%2529:1497:36)
    at update (http://localhost:3000/_next/static/chunks/node_modules_%40react-three_fiber_dist_10swxn6._.js:15260:26)
    at loop (http://localhost:3000/_next/static/chunks/node_modules_%40react-three_fiber_dist_10swxn6._.js:15286:23)
[  704707ms] ReferenceError: PIN_LABEL is not defined
    at useLabelProjection.useFrame [as current] (http://localhost:3000/_next/static/chunks/src_1aak4l9._.js?id=%255Bproject%255D%252Fsrc%252Fchapters%252Fch5%252FShowOrHideScene.tsx+%255Bapp-client%255D+%2528ecmascript%2529:1497:36)
    at update (http://localhost:3000/_next/static/chunks/node_modules_%40react-three_fiber_dist_10swxn6._.js:15260:26)
    at loop (http://localhost:3000/_next/static/chunks/node_modules_%40react-three_fiber_dist_10swxn6._.js:15286:23)
[  704714ms] ReferenceError: PIN_LABEL is not defined
    at useLabelProjection.useFrame [as current] (http://localhost:3000/_next/static/chunks/src_1aak4l9._.js?id=%255Bproject%255D%252Fsrc%252Fchapters%252Fch5%252FShowOrHideScene.tsx+%255Bapp-client%255D+%2528ecmascript%2529:1497:36)
    at update (http://localhost:3000/_next/static/chunks/node_modules_%40react-three_fiber_dist_10swxn6._.js:15260:26)
    at loop (http://localhost:3000/_next/static/chunks/node_modules_%40react-three_fiber_dist_10swxn6._.js:15286:23)
[  704722ms] ReferenceError: PIN_LABEL is not defined
    at useLabelProjection.useFrame [as current] (http://localhost:3000/_next/static/chunks/src_1aak4l9._.js?id=%255Bproject%255D%252Fsrc%252Fchapters%252Fch5%252FShowOrHideScene.tsx+%255Bapp-client%255D+%2528ecmascript%2529:1497:36)
    at update (http://localhost:3000/_next/static/chunks/node_modules_%40react-three_fiber_dist_10swxn6._.js:15260:26)
    at loop (http://localhost:3000/_next/static/chunks/node_modules_%40react-three_fiber_dist_10swxn6._.js:15286:23)
[  704732ms] ReferenceError: PIN_LABEL is not defined
    at useLabelProjection.useFrame [as current] (http://localhost:3000/_next/static/chunks/src_1aak4l9._.js?id=%255Bproject%255D%252Fsrc%252Fchapters%252Fch5%252FShowOrHideScene.tsx+%255Bapp-client%255D+%2528ecmascript%2529:1497:36)
    at update (http://localhost:3000/_next/static/chunks/node_modules_%40react-three_fiber_dist_10swxn6._.js:15260:26)
    at loop (http://localhost:3000/_next/static/chunks/node_modules_%40react-three_fiber_dist_10swxn6._.js:15286:23)
[  704739ms] ReferenceError: PIN_LABEL is not defined
    at useLabelProjection.useFrame [as current] (http://localhost:3000/_next/static/chunks/src_1aak4l9._.js?id=%255Bproject%255D%252Fsrc%252Fchapters%252Fch5%252FShowOrHideScene.tsx+%255Bapp-client%255D+%2528ecmascript%2529:1497:36)
    at update (http://localhost:3000/_next/static/chunks/node_modules_%40react-three_fiber_dist_10swxn6._.js:15260:26)
    at loop (http://localhost:3000/_next/static/chunks/node_modules_%40react-three_fiber_dist_10swxn6._.js:15286:23)
[  704748ms] ReferenceError: PIN_LABEL is not defined
    at useLabelProjection.useFrame [as current] (http://localhost:3000/_next/static/chunks/src_1aak4l9._.js?id=%255Bproject%255D%252Fsrc%252Fchapters%252Fch5%252FShowOrHideScene.tsx+%255Bapp-client%255D+%2528ecmascript%2529:1497:36)
    at update (http://localhost:3000/_next/static/chunks/node_modules_%40react-three_fiber_dist_10swxn6._.js:15260:26)
    at loop (http://localhost:3000/_next/static/chunks/node_modules_%40react-three_fiber_dist_10swxn6._.js:15286:23)
[  704757ms] ReferenceError: PIN_LABEL is not defined
    at useLabelProjection.useFrame [as current] (http://localhost:3000/_next/static/chunks/src_1aak4l9._.js?id=%255Bproject%255D%252Fsrc%252Fchapters%252Fch5%252FShowOrHideScene.tsx+%255Bapp-client%255D+%2528ecmascript%2529:1497:36)
    at update (http://localhost:3000/_next/static/chunks/node_modules_%40react-three_fiber_dist_10swxn6._.js:15260:26)
    at loop (http://localhost:3000/_next/static/chunks/node_modules_%40react-three_fiber_dist_10swxn6._.js:15286:23)
[  704764ms] ReferenceError: PIN_LABEL is not defined
    at useLabelProjection.useFrame [as current] (http://localhost:3000/_next/static/chunks/src_1aak4l9._.js?id=%255Bproject%255D%252Fsrc%252Fchapters%252Fch5%252FShowOrHideScene.tsx+%255Bapp-client%255D+%2528ecmascript%2529:1497:36)
    at update (http://localhost:3000/_next/static/chunks/node_modules_%40react-three_fiber_dist_10swxn6._.js:15260:26)
    at loop (http://localhost:3000/_next/static/chunks/node_modules_%40react-three_fiber_dist_10swxn6._.js:15286:23)
[  704772ms] ReferenceError: PIN_LABEL is not defined
    at useLabelProjection.useFrame [as current] (http://localhost:3000/_next/static/chunks/src_1aak4l9._.js?id=%255Bproject%255D%252Fsrc%252Fchapters%252Fch5%252FShowOrHideScene.tsx+%255Bapp-client%255D+%2528ecmascript%2529:1497:36)
    at update (http://localhost:3000/_next/static/chunks/node_modules_%40react-three_fiber_dist_10swxn6._.js:15260:26)
    at loop (http://localhost:3000/_next/static/chunks/node_modules_%40react-three_fiber_dist_10swxn6._.js:15286:23)
[  704781ms] ReferenceError: PIN_LABEL is not defined
    at useLabelProjection.useFrame [as current] (http://localhost:3000/_next/static/chunks/src_1aak4l9._.js?id=%255Bproject%255D%252Fsrc%252Fchapters%252Fch5%252FShowOrHideScene.tsx+%255Bapp-client%255D+%2528ecmascript%2529:1497:36)
    at update (http://localhost:3000/_next/static/chunks/node_modules_%40react-three_fiber_dist_10swxn6._.js:15260:26)
    at loop (http://localhost:3000/_next/static/chunks/node_modules_%40react-three_fiber_dist_10swxn6._.js:15286:23)
[  704789ms] ReferenceError: PIN_LABEL is not defined
    at useLabelProjection.useFrame [as current] (http://localhost:3000/_next/static/chunks/src_1aak4l9._.js?id=%255Bproject%255D%252Fsrc%252Fchapters%252Fch5%252FShowOrHideScene.tsx+%255Bapp-client%255D+%2528ecmascript%2529:1497:36)
    at update (http://localhost:3000/_next/static/chunks/node_modules_%40react-three_fiber_dist_10swxn6._.js:15260:26)
    at loop (http://localhost:3000/_next/static/chunks/node_modules_%40react-three_fiber_dist_10swxn6._.js:15286:23)
[  704798ms] ReferenceError: PIN_LABEL is not defined
    at useLabelProjection.useFrame [as current] (http://localhost:3000/_next/static/chunks/src_1aak4l9._.js?id=%255Bproject%255D%252Fsrc%252Fchapters%252Fch5%252FShowOrHideScene.tsx+%255Bapp-client%255D+%2528ecmascript%2529:1497:36)
    at update (http://localhost:3000/_next/static/chunks/node_modules_%40react-three_fiber_dist_10swxn6._.js:15260:26)
    at loop (http://localhost:3000/_next/static/chunks/node_modules_%40react-three_fiber_dist_10swxn6._.js:15286:23)
[  704806ms] ReferenceError: PIN_LABEL is not defined
    at useLabelProjection.useFrame [as current] (http://localhost:3000/_next/static/chunks/src_1aak4l9._.js?id=%255Bproject%255D%252Fsrc%252Fchapters%252Fch5%252FShowOrHideScene.tsx+%255Bapp-client%255D+%2528ecmascript%2529:1497:36)
    at update (http://localhost:3000/_next/static/chunks/node_modules_%40react-three_fiber_dist_10swxn6._.js:15260:26)
    at loop (http://localhost:3000/_next/static/chunks/node_modules_%40react-three_fiber_dist_10swxn6._.js:15286:23)
[  704814ms] ReferenceError: PIN_LABEL is not defined
    at useLabelProjection.useFrame [as current] (http://localhost:3000/_next/static/chunks/src_1aak4l9._.js?id=%255Bproject%255D%252Fsrc%252Fchapters%252Fch5%252FShowOrHideScene.tsx+%255Bapp-client%255D+%2528ecmascript%2529:1497:36)
    at update (http://localhost:3000/_next/static/chunks/node_modules_%40react-three_fiber_dist_10swxn6._.js:15260:26)
    at loop (http://localhost:3000/_next/static/chunks/node_modules_%40react-three_fiber_dist_10swxn6._.js:15286:23)
[  704823ms] ReferenceError: PIN_LABEL is not defined
    at useLabelProjection.useFrame [as current] (http://localhost:3000/_next/static/chunks/src_1aak4l9._.js?id=%255Bproject%255D%252Fsrc%252Fchapters%252Fch5%252FShowOrHideScene.tsx+%255Bapp-client%255D+%2528ecmascript%2529:1497:36)
    at update (http://localhost:3000/_next/static/chunks/node_modules_%40react-three_fiber_dist_10swxn6._.js:15260:26)
    at loop (http://localhost:3000/_next/static/chunks/node_modules_%40react-three_fiber_dist_10swxn6._.js:15286:23)
[  704831ms] ReferenceError: PIN_LABEL is not defined
    at useLabelProjection.useFrame [as current] (http://localhost:3000/_next/static/chunks/src_1aak4l9._.js?id=%255Bproject%255D%252Fsrc%252Fchapters%252Fch5%252FShowOrHideScene.tsx+%255Bapp-client%255D+%2528ecmascript%2529:1497:36)
    at update (http://localhost:3000/_next/static/chunks/node_modules_%40react-three_fiber_dist_10swxn6._.js:15260:26)
    at loop (http://localhost:3000/_next/static/chunks/node_modules_%40react-three_fiber_dist_10swxn6._.js:15286:23)
[  704839ms] ReferenceError: PIN_LABEL is not defined
    at useLabelProjection.useFrame [as current] (http://localhost:3000/_next/static/chunks/src_1aak4l9._.js?id=%255Bproject%255D%252Fsrc%252Fchapters%252Fch5%252FShowOrHideScene.tsx+%255Bapp-client%255D+%2528ecmascript%2529:1497:36)
    at update (http://localhost:3000/_next/static/chunks/node_modules_%40react-three_fiber_dist_10swxn6._.js:15260:26)
    at loop (http://localhost:3000/_next/static/chunks/node_modules_%40react-three_fiber_dist_10swxn6._.js:15286:23)
[  704848ms] ReferenceError: PIN_LABEL is not defined
    at useLabelProjection.useFrame [as current] (http://localhost:3000/_next/static/chunks/src_1aak4l9._.js?id=%255Bproject%255D%252Fsrc%252Fchapters%252Fch5%252FShowOrHideScene.tsx+%255Bapp-client%255D+%2528ecmascript%2529:1497:36)
    at update (http://localhost:3000/_next/static/chunks/node_modules_%40react-three_fiber_dist_10swxn6._.js:15260:26)
    at loop (http://localhost:3000/_next/static/chunks/node_modules_%40react-three_fiber_dist_10swxn6._.js:15286:23)
[  704856ms] ReferenceError: PIN_LABEL is not defined
    at useLabelProjection.useFrame [as current] (http://localhost:3000/_next/static/chunks/src_1aak4l9._.js?id=%255Bproject%255D%252Fsrc%252Fchapters%252Fch5%252FShowOrHideScene.tsx+%255Bapp-client%255D+%2528ecmascript%2529:1497:36)
    at update (http://localhost:3000/_next/static/chunks/node_modules_%40react-three_fiber_dist_10swxn6._.js:15260:26)
    at loop (http://localhost:3000/_next/static/chunks/node_modules_%40react-three_fiber_dist_10swxn6._.js:15286:23)
[  704864ms] ReferenceError: PIN_LABEL is not defined
    at useLabelProjection.useFrame [as current] (http://localhost:3000/_next/static/chunks/src_1aak4l9._.js?id=%255Bproject%255D%252Fsrc%252Fchapters%252Fch5%252FShowOrHideScene.tsx+%255Bapp-client%255D+%2528ecmascript%2529:1497:36)
    at update (http://localhost:3000/_next/static/chunks/node_modules_%40react-three_fiber_dist_10swxn6._.js:15260:26)
    at loop (http://localhost:3000/_next/static/chunks/node_modules_%40react-three_fiber_dist_10swxn6._.js:15286:23)
[  704874ms] ReferenceError: PIN_LABEL is not defined
    at useLabelProjection.useFrame [as current] (http://localhost:3000/_next/static/chunks/src_1aak4l9._.js?id=%255Bproject%255D%252Fsrc%252Fchapters%252Fch5%252FShowOrHideScene.tsx+%255Bapp-client%255D+%2528ecmascript%2529:1497:36)
    at update (http://localhost:3000/_next/static/chunks/node_modules_%40react-three_fiber_dist_10swxn6._.js:15260:26)
    at loop (http://localhost:3000/_next/static/chunks/node_modules_%40react-three_fiber_dist_10swxn6._.js:15286:23)
[  704881ms] ReferenceError: PIN_LABEL is not defined
    at useLabelProjection.useFrame [as current] (http://localhost:3000/_next/static/chunks/src_1aak4l9._.js?id=%255Bproject%255D%252Fsrc%252Fchapters%252Fch5%252FShowOrHideScene.tsx+%255Bapp-client%255D+%2528ecmascript%2529:1497:36)
    at update (http://localhost:3000/_next/static/chunks/node_modules_%40react-three_fiber_dist_10swxn6._.js:15260:26)
    at loop (http://localhost:3000/_next/static/chunks/node_modules_%40react-three_fiber_dist_10swxn6._.js:15286:23)
[  704889ms] ReferenceError: PIN_LABEL is not defined
    at useLabelProjection.useFrame [as current] (http://localhost:3000/_next/static/chunks/src_1aak4l9._.js?id=%255Bproject%255D%252Fsrc%252Fchapters%252Fch5%252FShowOrHideScene.tsx+%255Bapp-client%255D+%2528ecmascript%2529:1497:36)
    at update (http://localhost:3000/_next/static/chunks/node_modules_%40react-three_fiber_dist_10swxn6._.js:15260:26)
    at loop (http://localhost:3000/_next/static/chunks/node_modules_%40react-three_fiber_dist_10swxn6._.js:15286:23)
[  704898ms] ReferenceError: PIN_LABEL is not defined
    at useLabelProjection.useFrame [as current] (http://localhost:3000/_next/static/chunks/src_1aak4l9._.js?id=%255Bproject%255D%252Fsrc%252Fchapters%252Fch5%252FShowOrHideScene.tsx+%255Bapp-client%255D+%2528ecmascript%2529:1497:36)
    at update (http://localhost:3000/_next/static/chunks/node_modules_%40react-three_fiber_dist_10swxn6._.js:15260:26)
    at loop (http://localhost:3000/_next/static/chunks/node_modules_%40react-three_fiber_dist_10swxn6._.js:15286:23)
[  704906ms] ReferenceError: PIN_LABEL is not defined
    at useLabelProjection.useFrame [as current] (http://localhost:3000/_next/static/chunks/src_1aak4l9._.js?id=%255Bproject%255D%252Fsrc%252Fchapters%252Fch5%252FShowOrHideScene.tsx+%255Bapp-client%255D+%2528ecmascript%2529:1497:36)
    at update (http://localhost:3000/_next/static/chunks/node_modules_%40react-three_fiber_dist_10swxn6._.js:15260:26)
    at loop (http://localhost:3000/_next/static/chunks/node_modules_%40react-three_fiber_dist_10swxn6._.js:15286:23)
[  704914ms] ReferenceError: PIN_LABEL is not defined
    at useLabelProjection.useFrame [as current] (http://localhost:3000/_next/static/chunks/src_1aak4l9._.js?id=%255Bproject%255D%252Fsrc%252Fchapters%252Fch5%252FShowOrHideScene.tsx+%255Bapp-client%255D+%2528ecmascript%2529:1497:36)
    at update (http://localhost:3000/_next/static/chunks/node_modules_%40react-three_fiber_dist_10swxn6._.js:15260:26)
    at loop (http://localhost:3000/_next/static/chunks/node_modules_%40react-three_fiber_dist_10swxn6._.js:15286:23)
[  704923ms] ReferenceError: PIN_LABEL is not defined
    at useLabelProjection.useFrame [as current] (http://localhost:3000/_next/static/chunks/src_1aak4l9._.js?id=%255Bproject%255D%252Fsrc%252Fchapters%252Fch5%252FShowOrHideScene.tsx+%255Bapp-client%255D+%2528ecmascript%2529:1497:36)
    at update (http://localhost:3000/_next/static/chunks/node_modules_%40react-three_fiber_dist_10swxn6._.js:15260:26)
    at loop (http://localhost:3000/_next/static/chunks/node_modules_%40react-three_fiber_dist_10swxn6._.js:15286:23)
[  704931ms] ReferenceError: PIN_LABEL is not defined
    at useLabelProjection.useFrame [as current] (http://localhost:3000/_next/static/chunks/src_1aak4l9._.js?id=%255Bproject%255D%252Fsrc%252Fchapters%252Fch5%252FShowOrHideScene.tsx+%255Bapp-client%255D+%2528ecmascript%2529:1497:36)
    at update (http://localhost:3000/_next/static/chunks/node_modules_%40react-three_fiber_dist_10swxn6._.js:15260:26)
    at loop (http://localhost:3000/_next/static/chunks/node_modules_%40react-three_fiber_dist_10swxn6._.js:15286:23)
[  704939ms] ReferenceError: PIN_LABEL is not defined
    at useLabelProjection.useFrame [as current] (http://localhost:3000/_next/static/chunks/src_1aak4l9._.js?id=%255Bproject%255D%252Fsrc%252Fchapters%252Fch5%252FShowOrHideScene.tsx+%255Bapp-client%255D+%2528ecmascript%2529:1497:36)
    at update (http://localhost:3000/_next/static/chunks/node_modules_%40react-three_fiber_dist_10swxn6._.js:15260:26)
    at loop (http://localhost:3000/_next/static/chunks/node_modules_%40react-three_fiber_dist_10swxn6._.js:15286:23)
[  704949ms] ReferenceError: PIN_LABEL is not defined
    at useLabelProjection.useFrame [as current] (http://localhost:3000/_next/static/chunks/src_1aak4l9._.js?id=%255Bproject%255D%252Fsrc%252Fchapters%252Fch5%252FShowOrHideScene.tsx+%255Bapp-client%255D+%2528ecmascript%2529:1497:36)
    at update (http://localhost:3000/_next/static/chunks/node_modules_%40react-three_fiber_dist_10swxn6._.js:15260:26)
    at loop (http://localhost:3000/_next/static/chunks/node_modules_%40react-three_fiber_dist_10swxn6._.js:15286:23)
[  704956ms] ReferenceError: PIN_LABEL is not defined
    at useLabelProjection.useFrame [as current] (http://localhost:3000/_next/static/chunks/src_1aak4l9._.js?id=%255Bproject%255D%252Fsrc%252Fchapters%252Fch5%252FShowOrHideScene.tsx+%255Bapp-client%255D+%2528ecmascript%2529:1497:36)
    at update (http://localhost:3000/_next/static/chunks/node_modules_%40react-three_fiber_dist_10swxn6._.js:15260:26)
    at loop (http://localhost:3000/_next/static/chunks/node_modules_%40react-three_fiber_dist_10swxn6._.js:15286:23)
[  704964ms] ReferenceError: PIN_LABEL is not defined
    at useLabelProjection.useFrame [as current] (http://localhost:3000/_next/static/chunks/src_1aak4l9._.js?id=%255Bproject%255D%252Fsrc%252Fchapters%252Fch5%252FShowOrHideScene.tsx+%255Bapp-client%255D+%2528ecmascript%2529:1497:36)
    at update (http://localhost:3000/_next/static/chunks/node_modules_%40react-three_fiber_dist_10swxn6._.js:15260:26)
    at loop (http://localhost:3000/_next/static/chunks/node_modules_%40react-three_fiber_dist_10swxn6._.js:15286:23)
[  704973ms] ReferenceError: PIN_LABEL is not defined
    at useLabelProjection.useFrame [as current] (http://localhost:3000/_next/static/chunks/src_1aak4l9._.js?id=%255Bproject%255D%252Fsrc%252Fchapters%252Fch5%252FShowOrHideScene.tsx+%255Bapp-client%255D+%2528ecmascript%2529:1497:36)
    at update (http://localhost:3000/_next/static/chunks/node_modules_%40react-three_fiber_dist_10swxn6._.js:15260:26)
    at loop (http://localhost:3000/_next/static/chunks/node_modules_%40react-three_fiber_dist_10swxn6._.js:15286:23)
[  704981ms] ReferenceError: PIN_LABEL is not defined
    at useLabelProjection.useFrame [as current] (http://localhost:3000/_next/static/chunks/src_1aak4l9._.js?id=%255Bproject%255D%252Fsrc%252Fchapters%252Fch5%252FShowOrHideScene.tsx+%255Bapp-client%255D+%2528ecmascript%2529:1497:36)
    at update (http://localhost:3000/_next/static/chunks/node_modules_%40react-three_fiber_dist_10swxn6._.js:15260:26)
    at loop (http://localhost:3000/_next/static/chunks/node_modules_%40react-three_fiber_dist_10swxn6._.js:15286:23)
[  704989ms] ReferenceError: PIN_LABEL is not defined
    at useLabelProjection.useFrame [as current] (http://localhost:3000/_next/static/chunks/src_1aak4l9._.js?id=%255Bproject%255D%252Fsrc%252Fchapters%252Fch5%252FShowOrHideScene.tsx+%255Bapp-client%255D+%2528ecmascript%2529:1497:36)
    at update (http://localhost:3000/_next/static/chunks/node_modules_%40react-three_fiber_dist_10swxn6._.js:15260:26)
    at loop (http://localhost:3000/_next/static/chunks/node_modules_%40react-three_fiber_dist_10swxn6._.js:15286:23)
[  704999ms] ReferenceError: PIN_LABEL is not defined
    at useLabelProjection.useFrame [as current] (http://localhost:3000/_next/static/chunks/src_1aak4l9._.js?id=%255Bproject%255D%252Fsrc%252Fchapters%252Fch5%252FShowOrHideScene.tsx+%255Bapp-client%255D+%2528ecmascript%2529:1497:36)
    at update (http://localhost:3000/_next/static/chunks/node_modules_%40react-three_fiber_dist_10swxn6._.js:15260:26)
    at loop (http://localhost:3000/_next/static/chunks/node_modules_%40react-three_fiber_dist_10swxn6._.js:15286:23)
[  705008ms] ReferenceError: PIN_LABEL is not defined
    at useLabelProjection.useFrame [as current] (http://localhost:3000/_next/static/chunks/src_1aak4l9._.js?id=%255Bproject%255D%252Fsrc%252Fchapters%252Fch5%252FShowOrHideScene.tsx+%255Bapp-client%255D+%2528ecmascript%2529:1497:36)
    at update (http://localhost:3000/_next/static/chunks/node_modules_%40react-three_fiber_dist_10swxn6._.js:15260:26)
    at loop (http://localhost:3000/_next/static/chunks/node_modules_%40react-three_fiber_dist_10swxn6._.js:15286:23)
[  705014ms] ReferenceError: PIN_LABEL is not defined
    at useLabelProjection.useFrame [as current] (http://localhost:3000/_next/static/chunks/src_1aak4l9._.js?id=%255Bproject%255D%252Fsrc%252Fchapters%252Fch5%252FShowOrHideScene.tsx+%255Bapp-client%255D+%2528ecmascript%2529:1497:36)
    at update (http://localhost:3000/_next/static/chunks/node_modules_%40react-three_fiber_dist_10swxn6._.js:15260:26)
    at loop (http://localhost:3000/_next/static/chunks/node_modules_%40react-three_fiber_dist_10swxn6._.js:15286:23)
[  705022ms] ReferenceError: PIN_LABEL is not defined
    at useLabelProjection.useFrame [as current] (http://localhost:3000/_next/static/chunks/src_1aak4l9._.js?id=%255Bproject%255D%252Fsrc%252Fchapters%252Fch5%252FShowOrHideScene.tsx+%255Bapp-client%255D+%2528ecmascript%2529:1497:36)
    at update (http://localhost:3000/_next/static/chunks/node_modules_%40react-three_fiber_dist_10swxn6._.js:15260:26)
    at loop (http://localhost:3000/_next/static/chunks/node_modules_%40react-three_fiber_dist_10swxn6._.js:15286:23)
[  705032ms] ReferenceError: PIN_LABEL is not defined
    at useLabelProjection.useFrame [as current] (http://localhost:3000/_next/static/chunks/src_1aak4l9._.js?id=%255Bproject%255D%252Fsrc%252Fchapters%252Fch5%252FShowOrHideScene.tsx+%255Bapp-client%255D+%2528ecmascript%2529:1497:36)
    at update (http://localhost:3000/_next/static/chunks/node_modules_%40react-three_fiber_dist_10swxn6._.js:15260:26)
    at loop (http://localhost:3000/_next/static/chunks/node_modules_%40react-three_fiber_dist_10swxn6._.js:15286:23)
[  705039ms] ReferenceError: PIN_LABEL is not defined
    at useLabelProjection.useFrame [as current] (http://localhost:3000/_next/static/chunks/src_1aak4l9._.js?id=%255Bproject%255D%252Fsrc%252Fchapters%252Fch5%252FShowOrHideScene.tsx+%255Bapp-client%255D+%2528ecmascript%2529:1497:36)
    at update (http://localhost:3000/_next/static/chunks/node_modules_%40react-three_fiber_dist_10swxn6._.js:15260:26)
    at loop (http://localhost:3000/_next/static/chunks/node_modules_%40react-three_fiber_dist_10swxn6._.js:15286:23)
[  705047ms] ReferenceError: PIN_LABEL is not defined
    at useLabelProjection.useFrame [as current] (http://localhost:3000/_next/static/chunks/src_1aak4l9._.js?id=%255Bproject%255D%252Fsrc%252Fchapters%252Fch5%252FShowOrHideScene.tsx+%255Bapp-client%255D+%2528ecmascript%2529:1497:36)
    at update (http://localhost:3000/_next/static/chunks/node_modules_%40react-three_fiber_dist_10swxn6._.js:15260:26)
    at loop (http://localhost:3000/_next/static/chunks/node_modules_%40react-three_fiber_dist_10swxn6._.js:15286:23)
[  705056ms] ReferenceError: PIN_LABEL is not defined
    at useLabelProjection.useFrame [as current] (http://localhost:3000/_next/static/chunks/src_1aak4l9._.js?id=%255Bproject%255D%252Fsrc%252Fchapters%252Fch5%252FShowOrHideScene.tsx+%255Bapp-client%255D+%2528ecmascript%2529:1497:36)
    at update (http://localhost:3000/_next/static/chunks/node_modules_%40react-three_fiber_dist_10swxn6._.js:15260:26)
    at loop (http://localhost:3000/_next/static/chunks/node_modules_%40react-three_fiber_dist_10swxn6._.js:15286:23)
[  705064ms] ReferenceError: PIN_LABEL is not defined
    at useLabelProjection.useFrame [as current] (http://localhost:3000/_next/static/chunks/src_1aak4l9._.js?id=%255Bproject%255D%252Fsrc%252Fchapters%252Fch5%252FShowOrHideScene.tsx+%255Bapp-client%255D+%2528ecmascript%2529:1497:36)
    at update (http://localhost:3000/_next/static/chunks/node_modules_%40react-three_fiber_dist_10swxn6._.js:15260:26)
    at loop (http://localhost:3000/_next/static/chunks/node_modules_%40react-three_fiber_dist_10swxn6._.js:15286:23)
[  705072ms] ReferenceError: PIN_LABEL is not defined
    at useLabelProjection.useFrame [as current] (http://localhost:3000/_next/static/chunks/src_1aak4l9._.js?id=%255Bproject%255D%252Fsrc%252Fchapters%252Fch5%252FShowOrHideScene.tsx+%255Bapp-client%255D+%2528ecmascript%2529:1497:36)
    at update (http://localhost:3000/_next/static/chunks/node_modules_%40react-three_fiber_dist_10swxn6._.js:15260:26)
    at loop (http://localhost:3000/_next/static/chunks/node_modules_%40react-three_fiber_dist_10swxn6._.js:15286:23)
[  705080ms] ReferenceError: PIN_LABEL is not defined
    at useLabelProjection.useFrame [as current] (http://localhost:3000/_next/static/chunks/src_1aak4l9._.js?id=%255Bproject%255D%252Fsrc%252Fchapters%252Fch5%252FShowOrHideScene.tsx+%255Bapp-client%255D+%2528ecmascript%2529:1497:36)
    at update (http://localhost:3000/_next/static/chunks/node_modules_%40react-three_fiber_dist_10swxn6._.js:15260:26)
    at loop (http://localhost:3000/_next/static/chunks/node_modules_%40react-three_fiber_dist_10swxn6._.js:15286:23)
[  705089ms] ReferenceError: PIN_LABEL is not defined
    at useLabelProjection.useFrame [as current] (http://localhost:3000/_next/static/chunks/src_1aak4l9._.js?id=%255Bproject%255D%252Fsrc%252Fchapters%252Fch5%252FShowOrHideScene.tsx+%255Bapp-client%255D+%2528ecmascript%2529:1497:36)
    at update (http://localhost:3000/_next/static/chunks/node_modules_%40react-three_fiber_dist_10swxn6._.js:15260:26)
    at loop (http://localhost:3000/_next/static/chunks/node_modules_%40react-three_fiber_dist_10swxn6._.js:15286:23)
[  705097ms] ReferenceError: PIN_LABEL is not defined
    at useLabelProjection.useFrame [as current] (http://localhost:3000/_next/static/chunks/src_1aak4l9._.js?id=%255Bproject%255D%252Fsrc%252Fchapters%252Fch5%252FShowOrHideScene.tsx+%255Bapp-client%255D+%2528ecmascript%2529:1497:36)
    at update (http://localhost:3000/_next/static/chunks/node_modules_%40react-three_fiber_dist_10swxn6._.js:15260:26)
    at loop (http://localhost:3000/_next/static/chunks/node_modules_%40react-three_fiber_dist_10swxn6._.js:15286:23)
[  705105ms] ReferenceError: PIN_LABEL is not defined
    at useLabelProjection.useFrame [as current] (http://localhost:3000/_next/static/chunks/src_1aak4l9._.js?id=%255Bproject%255D%252Fsrc%252Fchapters%252Fch5%252FShowOrHideScene.tsx+%255Bapp-client%255D+%2528ecmascript%2529:1497:36)
    at update (http://localhost:3000/_next/static/chunks/node_modules_%40react-three_fiber_dist_10swxn6._.js:15260:26)
    at loop (http://localhost:3000/_next/static/chunks/node_modules_%40react-three_fiber_dist_10swxn6._.js:15286:23)
[  705114ms] ReferenceError: PIN_LABEL is not defined
    at useLabelProjection.useFrame [as current] (http://localhost:3000/_next/static/chunks/src_1aak4l9._.js?id=%255Bproject%255D%252Fsrc%252Fchapters%252Fch5%252FShowOrHideScene.tsx+%255Bapp-client%255D+%2528ecmascript%2529:1497:36)
    at update (http://localhost:3000/_next/static/chunks/node_modules_%40react-three_fiber_dist_10swxn6._.js:15260:26)
    at loop (http://localhost:3000/_next/static/chunks/node_modules_%40react-three_fiber_dist_10swxn6._.js:15286:23)
[  705122ms] ReferenceError: PIN_LABEL is not defined
    at useLabelProjection.useFrame [as current] (http://localhost:3000/_next/static/chunks/src_1aak4l9._.js?id=%255Bproject%255D%252Fsrc%252Fchapters%252Fch5%252FShowOrHideScene.tsx+%255Bapp-client%255D+%2528ecmascript%2529:1497:36)
    at update (http://localhost:3000/_next/static/chunks/node_modules_%40react-three_fiber_dist_10swxn6._.js:15260:26)
    at loop (http://localhost:3000/_next/static/chunks/node_modules_%40react-three_fiber_dist_10swxn6._.js:15286:23)
[  705130ms] ReferenceError: PIN_LABEL is not defined
    at useLabelProjection.useFrame [as current] (http://localhost:3000/_next/static/chunks/src_1aak4l9._.js?id=%255Bproject%255D%252Fsrc%252Fchapters%252Fch5%252FShowOrHideScene.tsx+%255Bapp-client%255D+%2528ecmascript%2529:1497:36)
    at update (http://localhost:3000/_next/static/chunks/node_modules_%40react-three_fiber_dist_10swxn6._.js:15260:26)
    at loop (http://localhost:3000/_next/static/chunks/node_modules_%40react-three_fiber_dist_10swxn6._.js:15286:23)
[  705139ms] ReferenceError: PIN_LABEL is not defined
    at useLabelProjection.useFrame [as current] (http://localhost:3000/_next/static/chunks/src_1aak4l9._.js?id=%255Bproject%255D%252Fsrc%252Fchapters%252Fch5%252FShowOrHideScene.tsx+%255Bapp-client%255D+%2528ecmascript%2529:1497:36)
    at update (http://localhost:3000/_next/static/chunks/node_modules_%40react-three_fiber_dist_10swxn6._.js:15260:26)
    at loop (http://localhost:3000/_next/static/chunks/node_modules_%40react-three_fiber_dist_10swxn6._.js:15286:23)
[  705147ms] ReferenceError: PIN_LABEL is not defined
    at useLabelProjection.useFrame [as current] (http://localhost:3000/_next/static/chunks/src_1aak4l9._.js?id=%255Bproject%255D%252Fsrc%252Fchapters%252Fch5%252FShowOrHideScene.tsx+%255Bapp-client%255D+%2528ecmascript%2529:1497:36)
    at update (http://localhost:3000/_next/static/chunks/node_modules_%40react-three_fiber_dist_10swxn6._.js:15260:26)
    at loop (http://localhost:3000/_next/static/chunks/node_modules_%40react-three_fiber_dist_10swxn6._.js:15286:23)
[  705155ms] ReferenceError: PIN_LABEL is not defined
    at useLabelProjection.useFrame [as current] (http://localhost:3000/_next/static/chunks/src_1aak4l9._.js?id=%255Bproject%255D%252Fsrc%252Fchapters%252Fch5%252FShowOrHideScene.tsx+%255Bapp-client%255D+%2528ecmascript%2529:1497:36)
    at update (http://localhost:3000/_next/static/chunks/node_modules_%40react-three_fiber_dist_10swxn6._.js:15260:26)
    at loop (http://localhost:3000/_next/static/chunks/node_modules_%40react-three_fiber_dist_10swxn6._.js:15286:23)
[  705164ms] ReferenceError: PIN_LABEL is not defined
    at useLabelProjection.useFrame [as current] (http://localhost:3000/_next/static/chunks/src_1aak4l9._.js?id=%255Bproject%255D%252Fsrc%252Fchapters%252Fch5%252FShowOrHideScene.tsx+%255Bapp-client%255D+%2528ecmascript%2529:1497:36)
    at update (http://localhost:3000/_next/static/chunks/node_modules_%40react-three_fiber_dist_10swxn6._.js:15260:26)
    at loop (http://localhost:3000/_next/static/chunks/node_modules_%40react-three_fiber_dist_10swxn6._.js:15286:23)
[  705172ms] ReferenceError: PIN_LABEL is not defined
    at useLabelProjection.useFrame [as current] (http://localhost:3000/_next/static/chunks/src_1aak4l9._.js?id=%255Bproject%255D%252Fsrc%252Fchapters%252Fch5%252FShowOrHideScene.tsx+%255Bapp-client%255D+%2528ecmascript%2529:1497:36)
    at update (http://localhost:3000/_next/static/chunks/node_modules_%40react-three_fiber_dist_10swxn6._.js:15260:26)
    at loop (http://localhost:3000/_next/static/chunks/node_modules_%40react-three_fiber_dist_10swxn6._.js:15286:23)
[  705180ms] ReferenceError: PIN_LABEL is not defined
    at useLabelProjection.useFrame [as current] (http://localhost:3000/_next/static/chunks/src_1aak4l9._.js?id=%255Bproject%255D%252Fsrc%252Fchapters%252Fch5%252FShowOrHideScene.tsx+%255Bapp-client%255D+%2528ecmascript%2529:1497:36)
    at update (http://localhost:3000/_next/static/chunks/node_modules_%40react-three_fiber_dist_10swxn6._.js:15260:26)
    at loop (http://localhost:3000/_next/static/chunks/node_modules_%40react-three_fiber_dist_10swxn6._.js:15286:23)
[  705189ms] ReferenceError: PIN_LABEL is not defined
    at useLabelProjection.useFrame [as current] (http://localhost:3000/_next/static/chunks/src_1aak4l9._.js?id=%255Bproject%255D%252Fsrc%252Fchapters%252Fch5%252FShowOrHideScene.tsx+%255Bapp-client%255D+%2528ecmascript%2529:1497:36)
    at update (http://localhost:3000/_next/static/chunks/node_modules_%40react-three_fiber_dist_10swxn6._.js:15260:26)
    at loop (http://localhost:3000/_next/static/chunks/node_modules_%40react-three_fiber_dist_10swxn6._.js:15286:23)
[  705197ms] ReferenceError: PIN_LABEL is not defined
    at useLabelProjection.useFrame [as current] (http://localhost:3000/_next/static/chunks/src_1aak4l9._.js?id=%255Bproject%255D%252Fsrc%252Fchapters%252Fch5%252FShowOrHideScene.tsx+%255Bapp-client%255D+%2528ecmascript%2529:1497:36)
    at update (http://localhost:3000/_next/static/chunks/node_modules_%40react-three_fiber_dist_10swxn6._.js:15260:26)
    at loop (http://localhost:3000/_next/static/chunks/node_modules_%40react-three_fiber_dist_10swxn6._.js:15286:23)
[  705205ms] ReferenceError: PIN_LABEL is not defined
    at useLabelProjection.useFrame [as current] (http://localhost:3000/_next/static/chunks/src_1aak4l9._.js?id=%255Bproject%255D%252Fsrc%252Fchapters%252Fch5%252FShowOrHideScene.tsx+%255Bapp-client%255D+%2528ecmascript%2529:1497:36)
    at update (http://localhost:3000/_next/static/chunks/node_modules_%40react-three_fiber_dist_10swxn6._.js:15260:26)
    at loop (http://localhost:3000/_next/static/chunks/node_modules_%40react-three_fiber_dist_10swxn6._.js:15286:23)
[  705214ms] ReferenceError: PIN_LABEL is not defined
    at useLabelProjection.useFrame [as current] (http://localhost:3000/_next/static/chunks/src_1aak4l9._.js?id=%255Bproject%255D%252Fsrc%252Fchapters%252Fch5%252FShowOrHideScene.tsx+%255Bapp-client%255D+%2528ecmascript%2529:1497:36)
    at update (http://localhost:3000/_next/static/chunks/node_modules_%40react-three_fiber_dist_10swxn6._.js:15260:26)
    at loop (http://localhost:3000/_next/static/chunks/node_modules_%40react-three_fiber_dist_10swxn6._.js:15286:23)
[  705223ms] ReferenceError: PIN_LABEL is not defined
    at useLabelProjection.useFrame [as current] (http://localhost:3000/_next/static/chunks/src_1aak4l9._.js?id=%255Bproject%255D%252Fsrc%252Fchapters%252Fch5%252FShowOrHideScene.tsx+%255Bapp-client%255D+%2528ecmascript%2529:1497:36)
    at update (http://localhost:3000/_next/static/chunks/node_modules_%40react-three_fiber_dist_10swxn6._.js:15260:26)
    at loop (http://localhost:3000/_next/static/chunks/node_modules_%40react-three_fiber_dist_10swxn6._.js:15286:23)
[  705231ms] ReferenceError: PIN_LABEL is not defined
    at useLabelProjection.useFrame [as current] (http://localhost:3000/_next/static/chunks/src_1aak4l9._.js?id=%255Bproject%255D%252Fsrc%252Fchapters%252Fch5%252FShowOrHideScene.tsx+%255Bapp-client%255D+%2528ecmascript%2529:1497:36)
    at update (http://localhost:3000/_next/static/chunks/node_modules_%40react-three_fiber_dist_10swxn6._.js:15260:26)
    at loop (http://localhost:3000/_next/static/chunks/node_modules_%40react-three_fiber_dist_10swxn6._.js:15286:23)
[  705239ms] ReferenceError: PIN_LABEL is not defined
    at useLabelProjection.useFrame [as current] (http://localhost:3000/_next/static/chunks/src_1aak4l9._.js?id=%255Bproject%255D%252Fsrc%252Fchapters%252Fch5%252FShowOrHideScene.tsx+%255Bapp-client%255D+%2528ecmascript%2529:1497:36)
    at update (http://localhost:3000/_next/static/chunks/node_modules_%40react-three_fiber_dist_10swxn6._.js:15260:26)
    at loop (http://localhost:3000/_next/static/chunks/node_modules_%40react-three_fiber_dist_10swxn6._.js:15286:23)
[  705247ms] ReferenceError: PIN_LABEL is not defined
    at useLabelProjection.useFrame [as current] (http://localhost:3000/_next/static/chunks/src_1aak4l9._.js?id=%255Bproject%255D%252Fsrc%252Fchapters%252Fch5%252FShowOrHideScene.tsx+%255Bapp-client%255D+%2528ecmascript%2529:1497:36)
    at update (http://localhost:3000/_next/static/chunks/node_modules_%40react-three_fiber_dist_10swxn6._.js:15260:26)
    at loop (http://localhost:3000/_next/static/chunks/node_modules_%40react-three_fiber_dist_10swxn6._.js:15286:23)
[  705256ms] ReferenceError: PIN_LABEL is not defined
    at useLabelProjection.useFrame [as current] (http://localhost:3000/_next/static/chunks/src_1aak4l9._.js?id=%255Bproject%255D%252Fsrc%252Fchapters%252Fch5%252FShowOrHideScene.tsx+%255Bapp-client%255D+%2528ecmascript%2529:1497:36)
    at update (http://localhost:3000/_next/static/chunks/node_modules_%40react-three_fiber_dist_10swxn6._.js:15260:26)
    at loop (http://localhost:3000/_next/static/chunks/node_modules_%40react-three_fiber_dist_10swxn6._.js:15286:23)
[  705264ms] ReferenceError: PIN_LABEL is not defined
    at useLabelProjection.useFrame [as current] (http://localhost:3000/_next/static/chunks/src_1aak4l9._.js?id=%255Bproject%255D%252Fsrc%252Fchapters%252Fch5%252FShowOrHideScene.tsx+%255Bapp-client%255D+%2528ecmascript%2529:1497:36)
    at update (http://localhost:3000/_next/static/chunks/node_modules_%40react-three_fiber_dist_10swxn6._.js:15260:26)
    at loop (http://localhost:3000/_next/static/chunks/node_modules_%40react-three_fiber_dist_10swxn6._.js:15286:23)
[  705273ms] ReferenceError: PIN_LABEL is not defined
    at useLabelProjection.useFrame [as current] (http://localhost:3000/_next/static/chunks/src_1aak4l9._.js?id=%255Bproject%255D%252Fsrc%252Fchapters%252Fch5%252FShowOrHideScene.tsx+%255Bapp-client%255D+%2528ecmascript%2529:1497:36)
    at update (http://localhost:3000/_next/static/chunks/node_modules_%40react-three_fiber_dist_10swxn6._.js:15260:26)
    at loop (http://localhost:3000/_next/static/chunks/node_modules_%40react-three_fiber_dist_10swxn6._.js:15286:23)
[  705281ms] ReferenceError: PIN_LABEL is not defined
    at useLabelProjection.useFrame [as current] (http://localhost:3000/_next/static/chunks/src_1aak4l9._.js?id=%255Bproject%255D%252Fsrc%252Fchapters%252Fch5%252FShowOrHideScene.tsx+%255Bapp-client%255D+%2528ecmascript%2529:1497:36)
    at update (http://localhost:3000/_next/static/chunks/node_modules_%40react-three_fiber_dist_10swxn6._.js:15260:26)
    at loop (http://localhost:3000/_next/static/chunks/node_modules_%40react-three_fiber_dist_10swxn6._.js:15286:23)
[  705289ms] ReferenceError: PIN_LABEL is not defined
    at useLabelProjection.useFrame [as current] (http://localhost:3000/_next/static/chunks/src_1aak4l9._.js?id=%255Bproject%255D%252Fsrc%252Fchapters%252Fch5%252FShowOrHideScene.tsx+%255Bapp-client%255D+%2528ecmascript%2529:1497:36)
    at update (http://localhost:3000/_next/static/chunks/node_modules_%40react-three_fiber_dist_10swxn6._.js:15260:26)
    at loop (http://localhost:3000/_next/static/chunks/node_modules_%40react-three_fiber_dist_10swxn6._.js:15286:23)
[  705298ms] ReferenceError: PIN_LABEL is not defined
    at useLabelProjection.useFrame [as current] (http://localhost:3000/_next/static/chunks/src_1aak4l9._.js?id=%255Bproject%255D%252Fsrc%252Fchapters%252Fch5%252FShowOrHideScene.tsx+%255Bapp-client%255D+%2528ecmascript%2529:1497:36)
    at update (http://localhost:3000/_next/static/chunks/node_modules_%40react-three_fiber_dist_10swxn6._.js:15260:26)
    at loop (http://localhost:3000/_next/static/chunks/node_modules_%40react-three_fiber_dist_10swxn6._.js:15286:23)
[  705306ms] ReferenceError: PIN_LABEL is not defined
    at useLabelProjection.useFrame [as current] (http://localhost:3000/_next/static/chunks/src_1aak4l9._.js?id=%255Bproject%255D%252Fsrc%252Fchapters%252Fch5%252FShowOrHideScene.tsx+%255Bapp-client%255D+%2528ecmascript%2529:1497:36)
    at update (http://localhost:3000/_next/static/chunks/node_modules_%40react-three_fiber_dist_10swxn6._.js:15260:26)
    at loop (http://localhost:3000/_next/static/chunks/node_modules_%40react-three_fiber_dist_10swxn6._.js:15286:23)
[  705314ms] ReferenceError: PIN_LABEL is not defined
    at useLabelProjection.useFrame [as current] (http://localhost:3000/_next/static/chunks/src_1aak4l9._.js?id=%255Bproject%255D%252Fsrc%252Fchapters%252Fch5%252FShowOrHideScene.tsx+%255Bapp-client%255D+%2528ecmascript%2529:1497:36)
    at update (http://localhost:3000/_next/static/chunks/node_modules_%40react-three_fiber_dist_10swxn6._.js:15260:26)
    at loop (http://localhost:3000/_next/static/chunks/node_modules_%40react-three_fiber_dist_10swxn6._.js:15286:23)
[  705323ms] ReferenceError: PIN_LABEL is not defined
    at useLabelProjection.useFrame [as current] (http://localhost:3000/_next/static/chunks/src_1aak4l9._.js?id=%255Bproject%255D%252Fsrc%252Fchapters%252Fch5%252FShowOrHideScene.tsx+%255Bapp-client%255D+%2528ecmascript%2529:1497:36)
    at update (http://localhost:3000/_next/static/chunks/node_modules_%40react-three_fiber_dist_10swxn6._.js:15260:26)
    at loop (http://localhost:3000/_next/static/chunks/node_modules_%40react-three_fiber_dist_10swxn6._.js:15286:23)
[  705331ms] ReferenceError: PIN_LABEL is not defined
    at useLabelProjection.useFrame [as current] (http://localhost:3000/_next/static/chunks/src_1aak4l9._.js?id=%255Bproject%255D%252Fsrc%252Fchapters%252Fch5%252FShowOrHideScene.tsx+%255Bapp-client%255D+%2528ecmascript%2529:1497:36)
    at update (http://localhost:3000/_next/static/chunks/node_modules_%40react-three_fiber_dist_10swxn6._.js:15260:26)
    at loop (http://localhost:3000/_next/static/chunks/node_modules_%40react-three_fiber_dist_10swxn6._.js:15286:23)
[  705339ms] ReferenceError: PIN_LABEL is not defined
    at useLabelProjection.useFrame [as current] (http://localhost:3000/_next/static/chunks/src_1aak4l9._.js?id=%255Bproject%255D%252Fsrc%252Fchapters%252Fch5%252FShowOrHideScene.tsx+%255Bapp-client%255D+%2528ecmascript%2529:1497:36)
    at update (http://localhost:3000/_next/static/chunks/node_modules_%40react-three_fiber_dist_10swxn6._.js:15260:26)
    at loop (http://localhost:3000/_next/static/chunks/node_modules_%40react-three_fiber_dist_10swxn6._.js:15286:23)
[  705348ms] ReferenceError: PIN_LABEL is not defined
    at useLabelProjection.useFrame [as current] (http://localhost:3000/_next/static/chunks/src_1aak4l9._.js?id=%255Bproject%255D%252Fsrc%252Fchapters%252Fch5%252FShowOrHideScene.tsx+%255Bapp-client%255D+%2528ecmascript%2529:1497:36)
    at update (http://localhost:3000/_next/static/chunks/node_modules_%40react-three_fiber_dist_10swxn6._.js:15260:26)
    at loop (http://localhost:3000/_next/static/chunks/node_modules_%40react-three_fiber_dist_10swxn6._.js:15286:23)
[  705356ms] ReferenceError: PIN_LABEL is not defined
    at useLabelProjection.useFrame [as current] (http://localhost:3000/_next/static/chunks/src_1aak4l9._.js?id=%255Bproject%255D%252Fsrc%252Fchapters%252Fch5%252FShowOrHideScene.tsx+%255Bapp-client%255D+%2528ecmascript%2529:1497:36)
    at update (http://localhost:3000/_next/static/chunks/node_modules_%40react-three_fiber_dist_10swxn6._.js:15260:26)
    at loop (http://localhost:3000/_next/static/chunks/node_modules_%40react-three_fiber_dist_10swxn6._.js:15286:23)
[  705365ms] ReferenceError: PIN_LABEL is not defined
    at useLabelProjection.useFrame [as current] (http://localhost:3000/_next/static/chunks/src_1aak4l9._.js?id=%255Bproject%255D%252Fsrc%252Fchapters%252Fch5%252FShowOrHideScene.tsx+%255Bapp-client%255D+%2528ecmascript%2529:1497:36)
    at update (http://localhost:3000/_next/static/chunks/node_modules_%40react-three_fiber_dist_10swxn6._.js:15260:26)
    at loop (http://localhost:3000/_next/static/chunks/node_modules_%40react-three_fiber_dist_10swxn6._.js:15286:23)
[  705372ms] ReferenceError: PIN_LABEL is not defined
    at useLabelProjection.useFrame [as current] (http://localhost:3000/_next/static/chunks/src_1aak4l9._.js?id=%255Bproject%255D%252Fsrc%252Fchapters%252Fch5%252FShowOrHideScene.tsx+%255Bapp-client%255D+%2528ecmascript%2529:1497:36)
    at update (http://localhost:3000/_next/static/chunks/node_modules_%40react-three_fiber_dist_10swxn6._.js:15260:26)
    at loop (http://localhost:3000/_next/static/chunks/node_modules_%40react-three_fiber_dist_10swxn6._.js:15286:23)
[  705381ms] ReferenceError: PIN_LABEL is not defined
    at useLabelProjection.useFrame [as current] (http://localhost:3000/_next/static/chunks/src_1aak4l9._.js?id=%255Bproject%255D%252Fsrc%252Fchapters%252Fch5%252FShowOrHideScene.tsx+%255Bapp-client%255D+%2528ecmascript%2529:1497:36)
    at update (http://localhost:3000/_next/static/chunks/node_modules_%40react-three_fiber_dist_10swxn6._.js:15260:26)
    at loop (http://localhost:3000/_next/static/chunks/node_modules_%40react-three_fiber_dist_10swxn6._.js:15286:23)
[  705389ms] ReferenceError: PIN_LABEL is not defined
    at useLabelProjection.useFrame [as current] (http://localhost:3000/_next/static/chunks/src_1aak4l9._.js?id=%255Bproject%255D%252Fsrc%252Fchapters%252Fch5%252FShowOrHideScene.tsx+%255Bapp-client%255D+%2528ecmascript%2529:1497:36)
    at update (http://localhost:3000/_next/static/chunks/node_modules_%40react-three_fiber_dist_10swxn6._.js:15260:26)
    at loop (http://localhost:3000/_next/static/chunks/node_modules_%40react-three_fiber_dist_10swxn6._.js:15286:23)
[  705397ms] ReferenceError: PIN_LABEL is not defined
    at useLabelProjection.useFrame [as current] (http://localhost:3000/_next/static/chunks/src_1aak4l9._.js?id=%255Bproject%255D%252Fsrc%252Fchapters%252Fch5%252FShowOrHideScene.tsx+%255Bapp-client%255D+%2528ecmascript%2529:1497:36)
    at update (http://localhost:3000/_next/static/chunks/node_modules_%40react-three_fiber_dist_10swxn6._.js:15260:26)
    at loop (http://localhost:3000/_next/static/chunks/node_modules_%40react-three_fiber_dist_10swxn6._.js:15286:23)
[  705406ms] ReferenceError: PIN_LABEL is not defined
    at useLabelProjection.useFrame [as current] (http://localhost:3000/_next/static/chunks/src_1aak4l9._.js?id=%255Bproject%255D%252Fsrc%252Fchapters%252Fch5%252FShowOrHideScene.tsx+%255Bapp-client%255D+%2528ecmascript%2529:1497:36)
    at update (http://localhost:3000/_next/static/chunks/node_modules_%40react-three_fiber_dist_10swxn6._.js:15260:26)
    at loop (http://localhost:3000/_next/static/chunks/node_modules_%40react-three_fiber_dist_10swxn6._.js:15286:23)
[  705414ms] ReferenceError: PIN_LABEL is not defined
    at useLabelProjection.useFrame [as current] (http://localhost:3000/_next/static/chunks/src_1aak4l9._.js?id=%255Bproject%255D%252Fsrc%252Fchapters%252Fch5%252FShowOrHideScene.tsx+%255Bapp-client%255D+%2528ecmascript%2529:1497:36)
    at update (http://localhost:3000/_next/static/chunks/node_modules_%40react-three_fiber_dist_10swxn6._.js:15260:26)
    at loop (http://localhost:3000/_next/static/chunks/node_modules_%40react-three_fiber_dist_10swxn6._.js:15286:23)
[  705423ms] ReferenceError: PIN_LABEL is not defined
    at useLabelProjection.useFrame [as current] (http://localhost:3000/_next/static/chunks/src_1aak4l9._.js?id=%255Bproject%255D%252Fsrc%252Fchapters%252Fch5%252FShowOrHideScene.tsx+%255Bapp-client%255D+%2528ecmascript%2529:1497:36)
    at update (http://localhost:3000/_next/static/chunks/node_modules_%40react-three_fiber_dist_10swxn6._.js:15260:26)
    at loop (http://localhost:3000/_next/static/chunks/node_modules_%40react-three_fiber_dist_10swxn6._.js:15286:23)
[  705431ms] ReferenceError: PIN_LABEL is not defined
    at useLabelProjection.useFrame [as current] (http://localhost:3000/_next/static/chunks/src_1aak4l9._.js?id=%255Bproject%255D%252Fsrc%252Fchapters%252Fch5%252FShowOrHideScene.tsx+%255Bapp-client%255D+%2528ecmascript%2529:1497:36)
    at update (http://localhost:3000/_next/static/chunks/node_modules_%40react-three_fiber_dist_10swxn6._.js:15260:26)
    at loop (http://localhost:3000/_next/static/chunks/node_modules_%40react-three_fiber_dist_10swxn6._.js:15286:23)
[  705439ms] ReferenceError: PIN_LABEL is not defined
    at useLabelProjection.useFrame [as current] (http://localhost:3000/_next/static/chunks/src_1aak4l9._.js?id=%255Bproject%255D%252Fsrc%252Fchapters%252Fch5%252FShowOrHideScene.tsx+%255Bapp-client%255D+%2528ecmascript%2529:1497:36)
    at update (http://localhost:3000/_next/static/chunks/node_modules_%40react-three_fiber_dist_10swxn6._.js:15260:26)
    at loop (http://localhost:3000/_next/static/chunks/node_modules_%40react-three_fiber_dist_10swxn6._.js:15286:23)
[  705448ms] ReferenceError: PIN_LABEL is not defined
    at useLabelProjection.useFrame [as current] (http://localhost:3000/_next/static/chunks/src_1aak4l9._.js?id=%255Bproject%255D%252Fsrc%252Fchapters%252Fch5%252FShowOrHideScene.tsx+%255Bapp-client%255D+%2528ecmascript%2529:1497:36)
    at update (http://localhost:3000/_next/static/chunks/node_modules_%40react-three_fiber_dist_10swxn6._.js:15260:26)
    at loop (http://localhost:3000/_next/static/chunks/node_modules_%40react-three_fiber_dist_10swxn6._.js:15286:23)
[  705456ms] ReferenceError: PIN_LABEL is not defined
    at useLabelProjection.useFrame [as current] (http://localhost:3000/_next/static/chunks/src_1aak4l9._.js?id=%255Bproject%255D%252Fsrc%252Fchapters%252Fch5%252FShowOrHideScene.tsx+%255Bapp-client%255D+%2528ecmascript%2529:1497:36)
    at update (http://localhost:3000/_next/static/chunks/node_modules_%40react-three_fiber_dist_10swxn6._.js:15260:26)
    at loop (http://localhost:3000/_next/static/chunks/node_modules_%40react-three_fiber_dist_10swxn6._.js:15286:23)
[  705465ms] ReferenceError: PIN_LABEL is not defined
    at useLabelProjection.useFrame [as current] (http://localhost:3000/_next/static/chunks/src_1aak4l9._.js?id=%255Bproject%255D%252Fsrc%252Fchapters%252Fch5%252FShowOrHideScene.tsx+%255Bapp-client%255D+%2528ecmascript%2529:1497:36)
    at update (http://localhost:3000/_next/static/chunks/node_modules_%40react-three_fiber_dist_10swxn6._.js:15260:26)
    at loop (http://localhost:3000/_next/static/chunks/node_modules_%40react-three_fiber_dist_10swxn6._.js:15286:23)
[  705474ms] ReferenceError: PIN_LABEL is not defined
    at useLabelProjection.useFrame [as current] (http://localhost:3000/_next/static/chunks/src_1aak4l9._.js?id=%255Bproject%255D%252Fsrc%252Fchapters%252Fch5%252FShowOrHideScene.tsx+%255Bapp-client%255D+%2528ecmascript%2529:1497:36)
    at update (http://localhost:3000/_next/static/chunks/node_modules_%40react-three_fiber_dist_10swxn6._.js:15260:26)
    at loop (http://localhost:3000/_next/static/chunks/node_modules_%40react-three_fiber_dist_10swxn6._.js:15286:23)
[  705481ms] ReferenceError: PIN_LABEL is not defined
    at useLabelProjection.useFrame [as current] (http://localhost:3000/_next/static/chunks/src_1aak4l9._.js?id=%255Bproject%255D%252Fsrc%252Fchapters%252Fch5%252FShowOrHideScene.tsx+%255Bapp-client%255D+%2528ecmascript%2529:1497:36)
    at update (http://localhost:3000/_next/static/chunks/node_modules_%40react-three_fiber_dist_10swxn6._.js:15260:26)
    at loop (http://localhost:3000/_next/static/chunks/node_modules_%40react-three_fiber_dist_10swxn6._.js:15286:23)
[  705490ms] ReferenceError: PIN_LABEL is not defined
    at useLabelProjection.useFrame [as current] (http://localhost:3000/_next/static/chunks/src_1aak4l9._.js?id=%255Bproject%255D%252Fsrc%252Fchapters%252Fch5%252FShowOrHideScene.tsx+%255Bapp-client%255D+%2528ecmascript%2529:1497:36)
    at update (http://localhost:3000/_next/static/chunks/node_modules_%40react-three_fiber_dist_10swxn6._.js:15260:26)
    at loop (http://localhost:3000/_next/static/chunks/node_modules_%40react-three_fiber_dist_10swxn6._.js:15286:23)
[  705498ms] ReferenceError: PIN_LABEL is not defined
    at useLabelProjection.useFrame [as current] (http://localhost:3000/_next/static/chunks/src_1aak4l9._.js?id=%255Bproject%255D%252Fsrc%252Fchapters%252Fch5%252FShowOrHideScene.tsx+%255Bapp-client%255D+%2528ecmascript%2529:1497:36)
    at update (http://localhost:3000/_next/static/chunks/node_modules_%40react-three_fiber_dist_10swxn6._.js:15260:26)
    at loop (http://localhost:3000/_next/static/chunks/node_modules_%40react-three_fiber_dist_10swxn6._.js:15286:23)
[  705506ms] ReferenceError: PIN_LABEL is not defined
    at useLabelProjection.useFrame [as current] (http://localhost:3000/_next/static/chunks/src_1aak4l9._.js?id=%255Bproject%255D%252Fsrc%252Fchapters%252Fch5%252FShowOrHideScene.tsx+%255Bapp-client%255D+%2528ecmascript%2529:1497:36)
    at update (http://localhost:3000/_next/static/chunks/node_modules_%40react-three_fiber_dist_10swxn6._.js:15260:26)
    at loop (http://localhost:3000/_next/static/chunks/node_modules_%40react-three_fiber_dist_10swxn6._.js:15286:23)
[  705514ms] ReferenceError: PIN_LABEL is not defined
    at useLabelProjection.useFrame [as current] (http://localhost:3000/_next/static/chunks/src_1aak4l9._.js?id=%255Bproject%255D%252Fsrc%252Fchapters%252Fch5%252FShowOrHideScene.tsx+%255Bapp-client%255D+%2528ecmascript%2529:1497:36)
    at update (http://localhost:3000/_next/static/chunks/node_modules_%40react-three_fiber_dist_10swxn6._.js:15260:26)
    at loop (http://localhost:3000/_next/static/chunks/node_modules_%40react-three_fiber_dist_10swxn6._.js:15286:23)
[  705523ms] ReferenceError: PIN_LABEL is not defined
    at useLabelProjection.useFrame [as current] (http://localhost:3000/_next/static/chunks/src_1aak4l9._.js?id=%255Bproject%255D%252Fsrc%252Fchapters%252Fch5%252FShowOrHideScene.tsx+%255Bapp-client%255D+%2528ecmascript%2529:1497:36)
    at update (http://localhost:3000/_next/static/chunks/node_modules_%40react-three_fiber_dist_10swxn6._.js:15260:26)
    at loop (http://localhost:3000/_next/static/chunks/node_modules_%40react-three_fiber_dist_10swxn6._.js:15286:23)
[  705531ms] ReferenceError: PIN_LABEL is not defined
    at useLabelProjection.useFrame [as current] (http://localhost:3000/_next/static/chunks/src_1aak4l9._.js?id=%255Bproject%255D%252Fsrc%252Fchapters%252Fch5%252FShowOrHideScene.tsx+%255Bapp-client%255D+%2528ecmascript%2529:1497:36)
    at update (http://localhost:3000/_next/static/chunks/node_modules_%40react-three_fiber_dist_10swxn6._.js:15260:26)
    at loop (http://localhost:3000/_next/static/chunks/node_modules_%40react-three_fiber_dist_10swxn6._.js:15286:23)
[  705541ms] ReferenceError: PIN_LABEL is not defined
    at useLabelProjection.useFrame [as current] (http://localhost:3000/_next/static/chunks/src_1aak4l9._.js?id=%255Bproject%255D%252Fsrc%252Fchapters%252Fch5%252FShowOrHideScene.tsx+%255Bapp-client%255D+%2528ecmascript%2529:1497:36)
    at update (http://localhost:3000/_next/static/chunks/node_modules_%40react-three_fiber_dist_10swxn6._.js:15260:26)
    at loop (http://localhost:3000/_next/static/chunks/node_modules_%40react-three_fiber_dist_10swxn6._.js:15286:23)
[  705551ms] ReferenceError: PIN_LABEL is not defined
    at useLabelProjection.useFrame [as current] (http://localhost:3000/_next/static/chunks/src_1aak4l9._.js?id=%255Bproject%255D%252Fsrc%252Fchapters%252Fch5%252FShowOrHideScene.tsx+%255Bapp-client%255D+%2528ecmascript%2529:1497:36)
    at update (http://localhost:3000/_next/static/chunks/node_modules_%40react-three_fiber_dist_10swxn6._.js:15260:26)
    at loop (http://localhost:3000/_next/static/chunks/node_modules_%40react-three_fiber_dist_10swxn6._.js:15286:23)
[  705556ms] ReferenceError: PIN_LABEL is not defined
    at useLabelProjection.useFrame [as current] (http://localhost:3000/_next/static/chunks/src_1aak4l9._.js?id=%255Bproject%255D%252Fsrc%252Fchapters%252Fch5%252FShowOrHideScene.tsx+%255Bapp-client%255D+%2528ecmascript%2529:1497:36)
    at update (http://localhost:3000/_next/static/chunks/node_modules_%40react-three_fiber_dist_10swxn6._.js:15260:26)
    at loop (http://localhost:3000/_next/static/chunks/node_modules_%40react-three_fiber_dist_10swxn6._.js:15286:23)
[  705564ms] ReferenceError: PIN_LABEL is not defined
    at useLabelProjection.useFrame [as current] (http://localhost:3000/_next/static/chunks/src_1aak4l9._.js?id=%255Bproject%255D%252Fsrc%252Fchapters%252Fch5%252FShowOrHideScene.tsx+%255Bapp-client%255D+%2528ecmascript%2529:1497:36)
    at update (http://localhost:3000/_next/static/chunks/node_modules_%40react-three_fiber_dist_10swxn6._.js:15260:26)
    at loop (http://localhost:3000/_next/static/chunks/node_modules_%40react-three_fiber_dist_10swxn6._.js:15286:23)
[  705573ms] ReferenceError: PIN_LABEL is not defined
    at useLabelProjection.useFrame [as current] (http://localhost:3000/_next/static/chunks/src_1aak4l9._.js?id=%255Bproject%255D%252Fsrc%252Fchapters%252Fch5%252FShowOrHideScene.tsx+%255Bapp-client%255D+%2528ecmascript%2529:1497:36)
    at update (http://localhost:3000/_next/static/chunks/node_modules_%40react-three_fiber_dist_10swxn6._.js:15260:26)
    at loop (http://localhost:3000/_next/static/chunks/node_modules_%40react-three_fiber_dist_10swxn6._.js:15286:23)
[  705581ms] ReferenceError: PIN_LABEL is not defined
    at useLabelProjection.useFrame [as current] (http://localhost:3000/_next/static/chunks/src_1aak4l9._.js?id=%255Bproject%255D%252Fsrc%252Fchapters%252Fch5%252FShowOrHideScene.tsx+%255Bapp-client%255D+%2528ecmascript%2529:1497:36)
    at update (http://localhost:3000/_next/static/chunks/node_modules_%40react-three_fiber_dist_10swxn6._.js:15260:26)
    at loop (http://localhost:3000/_next/static/chunks/node_modules_%40react-three_fiber_dist_10swxn6._.js:15286:23)
[  705590ms] ReferenceError: PIN_LABEL is not defined
    at useLabelProjection.useFrame [as current] (http://localhost:3000/_next/static/chunks/src_1aak4l9._.js?id=%255Bproject%255D%252Fsrc%252Fchapters%252Fch5%252FShowOrHideScene.tsx+%255Bapp-client%255D+%2528ecmascript%2529:1497:36)
    at update (http://localhost:3000/_next/static/chunks/node_modules_%40react-three_fiber_dist_10swxn6._.js:15260:26)
    at loop (http://localhost:3000/_next/static/chunks/node_modules_%40react-three_fiber_dist_10swxn6._.js:15286:23)
[  705599ms] ReferenceError: PIN_LABEL is not defined
    at useLabelProjection.useFrame [as current] (http://localhost:3000/_next/static/chunks/src_1aak4l9._.js?id=%255Bproject%255D%252Fsrc%252Fchapters%252Fch5%252FShowOrHideScene.tsx+%255Bapp-client%255D+%2528ecmascript%2529:1497:36)
    at update (http://localhost:3000/_next/static/chunks/node_modules_%40react-three_fiber_dist_10swxn6._.js:15260:26)
    at loop (http://localhost:3000/_next/static/chunks/node_modules_%40react-three_fiber_dist_10swxn6._.js:15286:23)
[  705606ms] ReferenceError: PIN_LABEL is not defined
    at useLabelProjection.useFrame [as current] (http://localhost:3000/_next/static/chunks/src_1aak4l9._.js?id=%255Bproject%255D%252Fsrc%252Fchapters%252Fch5%252FShowOrHideScene.tsx+%255Bapp-client%255D+%2528ecmascript%2529:1497:36)
    at update (http://localhost:3000/_next/static/chunks/node_modules_%40react-three_fiber_dist_10swxn6._.js:15260:26)
    at loop (http://localhost:3000/_next/static/chunks/node_modules_%40react-three_fiber_dist_10swxn6._.js:15286:23)
[  705614ms] ReferenceError: PIN_LABEL is not defined
    at useLabelProjection.useFrame [as current] (http://localhost:3000/_next/static/chunks/src_1aak4l9._.js?id=%255Bproject%255D%252Fsrc%252Fchapters%252Fch5%252FShowOrHideScene.tsx+%255Bapp-client%255D+%2528ecmascript%2529:1497:36)
    at update (http://localhost:3000/_next/static/chunks/node_modules_%40react-three_fiber_dist_10swxn6._.js:15260:26)
    at loop (http://localhost:3000/_next/static/chunks/node_modules_%40react-three_fiber_dist_10swxn6._.js:15286:23)
[  705623ms] ReferenceError: PIN_LABEL is not defined
    at useLabelProjection.useFrame [as current] (http://localhost:3000/_next/static/chunks/src_1aak4l9._.js?id=%255Bproject%255D%252Fsrc%252Fchapters%252Fch5%252FShowOrHideScene.tsx+%255Bapp-client%255D+%2528ecmascript%2529:1497:36)
    at update (http://localhost:3000/_next/static/chunks/node_modules_%40react-three_fiber_dist_10swxn6._.js:15260:26)
    at loop (http://localhost:3000/_next/static/chunks/node_modules_%40react-three_fiber_dist_10swxn6._.js:15286:23)
[  705631ms] ReferenceError: PIN_LABEL is not defined
    at useLabelProjection.useFrame [as current] (http://localhost:3000/_next/static/chunks/src_1aak4l9._.js?id=%255Bproject%255D%252Fsrc%252Fchapters%252Fch5%252FShowOrHideScene.tsx+%255Bapp-client%255D+%2528ecmascript%2529:1497:36)
    at update (http://localhost:3000/_next/static/chunks/node_modules_%40react-three_fiber_dist_10swxn6._.js:15260:26)
    at loop (http://localhost:3000/_next/static/chunks/node_modules_%40react-three_fiber_dist_10swxn6._.js:15286:23)
[  705639ms] ReferenceError: PIN_LABEL is not defined
    at useLabelProjection.useFrame [as current] (http://localhost:3000/_next/static/chunks/src_1aak4l9._.js?id=%255Bproject%255D%252Fsrc%252Fchapters%252Fch5%252FShowOrHideScene.tsx+%255Bapp-client%255D+%2528ecmascript%2529:1497:36)
    at update (http://localhost:3000/_next/static/chunks/node_modules_%40react-three_fiber_dist_10swxn6._.js:15260:26)
    at loop (http://localhost:3000/_next/static/chunks/node_modules_%40react-three_fiber_dist_10swxn6._.js:15286:23)
[  705648ms] ReferenceError: PIN_LABEL is not defined
    at useLabelProjection.useFrame [as current] (http://localhost:3000/_next/static/chunks/src_1aak4l9._.js?id=%255Bproject%255D%252Fsrc%252Fchapters%252Fch5%252FShowOrHideScene.tsx+%255Bapp-client%255D+%2528ecmascript%2529:1497:36)
    at update (http://localhost:3000/_next/static/chunks/node_modules_%40react-three_fiber_dist_10swxn6._.js:15260:26)
    at loop (http://localhost:3000/_next/static/chunks/node_modules_%40react-three_fiber_dist_10swxn6._.js:15286:23)
[  705656ms] ReferenceError: PIN_LABEL is not defined
    at useLabelProjection.useFrame [as current] (http://localhost:3000/_next/static/chunks/src_1aak4l9._.js?id=%255Bproject%255D%252Fsrc%252Fchapters%252Fch5%252FShowOrHideScene.tsx+%255Bapp-client%255D+%2528ecmascript%2529:1497:36)
    at update (http://localhost:3000/_next/static/chunks/node_modules_%40react-three_fiber_dist_10swxn6._.js:15260:26)
    at loop (http://localhost:3000/_next/static/chunks/node_modules_%40react-three_fiber_dist_10swxn6._.js:15286:23)
[  705665ms] ReferenceError: PIN_LABEL is not defined
    at useLabelProjection.useFrame [as current] (http://localhost:3000/_next/static/chunks/src_1aak4l9._.js?id=%255Bproject%255D%252Fsrc%252Fchapters%252Fch5%252FShowOrHideScene.tsx+%255Bapp-client%255D+%2528ecmascript%2529:1497:36)
    at update (http://localhost:3000/_next/static/chunks/node_modules_%40react-three_fiber_dist_10swxn6._.js:15260:26)
    at loop (http://localhost:3000/_next/static/chunks/node_modules_%40react-three_fiber_dist_10swxn6._.js:15286:23)
[  705673ms] ReferenceError: PIN_LABEL is not defined
    at useLabelProjection.useFrame [as current] (http://localhost:3000/_next/static/chunks/src_1aak4l9._.js?id=%255Bproject%255D%252Fsrc%252Fchapters%252Fch5%252FShowOrHideScene.tsx+%255Bapp-client%255D+%2528ecmascript%2529:1497:36)
    at update (http://localhost:3000/_next/static/chunks/node_modules_%40react-three_fiber_dist_10swxn6._.js:15260:26)
    at loop (http://localhost:3000/_next/static/chunks/node_modules_%40react-three_fiber_dist_10swxn6._.js:15286:23)
[  705682ms] ReferenceError: PIN_LABEL is not defined
    at useLabelProjection.useFrame [as current] (http://localhost:3000/_next/static/chunks/src_1aak4l9._.js?id=%255Bproject%255D%252Fsrc%252Fchapters%252Fch5%252FShowOrHideScene.tsx+%255Bapp-client%255D+%2528ecmascript%2529:1497:36)
    at update (http://localhost:3000/_next/static/chunks/node_modules_%40react-three_fiber_dist_10swxn6._.js:15260:26)
    at loop (http://localhost:3000/_next/static/chunks/node_modules_%40react-three_fiber_dist_10swxn6._.js:15286:23)
[  705690ms] ReferenceError: PIN_LABEL is not defined
    at useLabelProjection.useFrame [as current] (http://localhost:3000/_next/static/chunks/src_1aak4l9._.js?id=%255Bproject%255D%252Fsrc%252Fchapters%252Fch5%252FShowOrHideScene.tsx+%255Bapp-client%255D+%2528ecmascript%2529:1497:36)
    at update (http://localhost:3000/_next/static/chunks/node_modules_%40react-three_fiber_dist_10swxn6._.js:15260:26)
    at loop (http://localhost:3000/_next/static/chunks/node_modules_%40react-three_fiber_dist_10swxn6._.js:15286:23)
[  705698ms] ReferenceError: PIN_LABEL is not defined
    at useLabelProjection.useFrame [as current] (http://localhost:3000/_next/static/chunks/src_1aak4l9._.js?id=%255Bproject%255D%252Fsrc%252Fchapters%252Fch5%252FShowOrHideScene.tsx+%255Bapp-client%255D+%2528ecmascript%2529:1497:36)
    at update (http://localhost:3000/_next/static/chunks/node_modules_%40react-three_fiber_dist_10swxn6._.js:15260:26)
    at loop (http://localhost:3000/_next/static/chunks/node_modules_%40react-three_fiber_dist_10swxn6._.js:15286:23)
[  705706ms] ReferenceError: PIN_LABEL is not defined
    at useLabelProjection.useFrame [as current] (http://localhost:3000/_next/static/chunks/src_1aak4l9._.js?id=%255Bproject%255D%252Fsrc%252Fchapters%252Fch5%252FShowOrHideScene.tsx+%255Bapp-client%255D+%2528ecmascript%2529:1497:36)
    at update (http://localhost:3000/_next/static/chunks/node_modules_%40react-three_fiber_dist_10swxn6._.js:15260:26)
    at loop (http://localhost:3000/_next/static/chunks/node_modules_%40react-three_fiber_dist_10swxn6._.js:15286:23)
[  705714ms] ReferenceError: PIN_LABEL is not defined
    at useLabelProjection.useFrame [as current] (http://localhost:3000/_next/static/chunks/src_1aak4l9._.js?id=%255Bproject%255D%252Fsrc%252Fchapters%252Fch5%252FShowOrHideScene.tsx+%255Bapp-client%255D+%2528ecmascript%2529:1497:36)
    at update (http://localhost:3000/_next/static/chunks/node_modules_%40react-three_fiber_dist_10swxn6._.js:15260:26)
    at loop (http://localhost:3000/_next/static/chunks/node_modules_%40react-three_fiber_dist_10swxn6._.js:15286:23)
[  705723ms] ReferenceError: PIN_LABEL is not defined
    at useLabelProjection.useFrame [as current] (http://localhost:3000/_next/static/chunks/src_1aak4l9._.js?id=%255Bproject%255D%252Fsrc%252Fchapters%252Fch5%252FShowOrHideScene.tsx+%255Bapp-client%255D+%2528ecmascript%2529:1497:36)
    at update (http://localhost:3000/_next/static/chunks/node_modules_%40react-three_fiber_dist_10swxn6._.js:15260:26)
    at loop (http://localhost:3000/_next/static/chunks/node_modules_%40react-three_fiber_dist_10swxn6._.js:15286:23)
[  705731ms] ReferenceError: PIN_LABEL is not defined
    at useLabelProjection.useFrame [as current] (http://localhost:3000/_next/static/chunks/src_1aak4l9._.js?id=%255Bproject%255D%252Fsrc%252Fchapters%252Fch5%252FShowOrHideScene.tsx+%255Bapp-client%255D+%2528ecmascript%2529:1497:36)
    at update (http://localhost:3000/_next/static/chunks/node_modules_%40react-three_fiber_dist_10swxn6._.js:15260:26)
    at loop (http://localhost:3000/_next/static/chunks/node_modules_%40react-three_fiber_dist_10swxn6._.js:15286:23)
[  705739ms] ReferenceError: PIN_LABEL is not defined
    at useLabelProjection.useFrame [as current] (http://localhost:3000/_next/static/chunks/src_1aak4l9._.js?id=%255Bproject%255D%252Fsrc%252Fchapters%252Fch5%252FShowOrHideScene.tsx+%255Bapp-client%255D+%2528ecmascript%2529:1497:36)
    at update (http://localhost:3000/_next/static/chunks/node_modules_%40react-three_fiber_dist_10swxn6._.js:15260:26)
    at loop (http://localhost:3000/_next/static/chunks/node_modules_%40react-three_fiber_dist_10swxn6._.js:15286:23)
[  705748ms] ReferenceError: PIN_LABEL is not defined
    at useLabelProjection.useFrame [as current] (http://localhost:3000/_next/static/chunks/src_1aak4l9._.js?id=%255Bproject%255D%252Fsrc%252Fchapters%252Fch5%252FShowOrHideScene.tsx+%255Bapp-client%255D+%2528ecmascript%2529:1497:36)
    at update (http://localhost:3000/_next/static/chunks/node_modules_%40react-three_fiber_dist_10swxn6._.js:15260:26)
    at loop (http://localhost:3000/_next/static/chunks/node_modules_%40react-three_fiber_dist_10swxn6._.js:15286:23)
[  705756ms] ReferenceError: PIN_LABEL is not defined
    at useLabelProjection.useFrame [as current] (http://localhost:3000/_next/static/chunks/src_1aak4l9._.js?id=%255Bproject%255D%252Fsrc%252Fchapters%252Fch5%252FShowOrHideScene.tsx+%255Bapp-client%255D+%2528ecmascript%2529:1497:36)
    at update (http://localhost:3000/_next/static/chunks/node_modules_%40react-three_fiber_dist_10swxn6._.js:15260:26)
    at loop (http://localhost:3000/_next/static/chunks/node_modules_%40react-three_fiber_dist_10swxn6._.js:15286:23)
[  705764ms] ReferenceError: PIN_LABEL is not defined
    at useLabelProjection.useFrame [as current] (http://localhost:3000/_next/static/chunks/src_1aak4l9._.js?id=%255Bproject%255D%252Fsrc%252Fchapters%252Fch5%252FShowOrHideScene.tsx+%255Bapp-client%255D+%2528ecmascript%2529:1497:36)
    at update (http://localhost:3000/_next/static/chunks/node_modules_%40react-three_fiber_dist_10swxn6._.js:15260:26)
    at loop (http://localhost:3000/_next/static/chunks/node_modules_%40react-three_fiber_dist_10swxn6._.js:15286:23)
[  705773ms] ReferenceError: PIN_LABEL is not defined
    at useLabelProjection.useFrame [as current] (http://localhost:3000/_next/static/chunks/src_1aak4l9._.js?id=%255Bproject%255D%252Fsrc%252Fchapters%252Fch5%252FShowOrHideScene.tsx+%255Bapp-client%255D+%2528ecmascript%2529:1497:36)
    at update (http://localhost:3000/_next/static/chunks/node_modules_%40react-three_fiber_dist_10swxn6._.js:15260:26)
    at loop (http://localhost:3000/_next/static/chunks/node_modules_%40react-three_fiber_dist_10swxn6._.js:15286:23)
[  705781ms] ReferenceError: PIN_LABEL is not defined
    at useLabelProjection.useFrame [as current] (http://localhost:3000/_next/static/chunks/src_1aak4l9._.js?id=%255Bproject%255D%252Fsrc%252Fchapters%252Fch5%252FShowOrHideScene.tsx+%255Bapp-client%255D+%2528ecmascript%2529:1497:36)
    at update (http://localhost:3000/_next/static/chunks/node_modules_%40react-three_fiber_dist_10swxn6._.js:15260:26)
    at loop (http://localhost:3000/_next/static/chunks/node_modules_%40react-three_fiber_dist_10swxn6._.js:15286:23)
[  705789ms] ReferenceError: PIN_LABEL is not defined
    at useLabelProjection.useFrame [as current] (http://localhost:3000/_next/static/chunks/src_1aak4l9._.js?id=%255Bproject%255D%252Fsrc%252Fchapters%252Fch5%252FShowOrHideScene.tsx+%255Bapp-client%255D+%2528ecmascript%2529:1497:36)
    at update (http://localhost:3000/_next/static/chunks/node_modules_%40react-three_fiber_dist_10swxn6._.js:15260:26)
    at loop (http://localhost:3000/_next/static/chunks/node_modules_%40react-three_fiber_dist_10swxn6._.js:15286:23)
[  705798ms] ReferenceError: PIN_LABEL is not defined
    at useLabelProjection.useFrame [as current] (http://localhost:3000/_next/static/chunks/src_1aak4l9._.js?id=%255Bproject%255D%252Fsrc%252Fchapters%252Fch5%252FShowOrHideScene.tsx+%255Bapp-client%255D+%2528ecmascript%2529:1497:36)
    at update (http://localhost:3000/_next/static/chunks/node_modules_%40react-three_fiber_dist_10swxn6._.js:15260:26)
    at loop (http://localhost:3000/_next/static/chunks/node_modules_%40react-three_fiber_dist_10swxn6._.js:15286:23)
[  705806ms] ReferenceError: PIN_LABEL is not defined
    at useLabelProjection.useFrame [as current] (http://localhost:3000/_next/static/chunks/src_1aak4l9._.js?id=%255Bproject%255D%252Fsrc%252Fchapters%252Fch5%252FShowOrHideScene.tsx+%255Bapp-client%255D+%2528ecmascript%2529:1497:36)
    at update (http://localhost:3000/_next/static/chunks/node_modules_%40react-three_fiber_dist_10swxn6._.js:15260:26)
    at loop (http://localhost:3000/_next/static/chunks/node_modules_%40react-three_fiber_dist_10swxn6._.js:15286:23)
[  705814ms] ReferenceError: PIN_LABEL is not defined
    at useLabelProjection.useFrame [as current] (http://localhost:3000/_next/static/chunks/src_1aak4l9._.js?id=%255Bproject%255D%252Fsrc%252Fchapters%252Fch5%252FShowOrHideScene.tsx+%255Bapp-client%255D+%2528ecmascript%2529:1497:36)
    at update (http://localhost:3000/_next/static/chunks/node_modules_%40react-three_fiber_dist_10swxn6._.js:15260:26)
    at loop (http://localhost:3000/_next/static/chunks/node_modules_%40react-three_fiber_dist_10swxn6._.js:15286:23)
[  705823ms] ReferenceError: PIN_LABEL is not defined
    at useLabelProjection.useFrame [as current] (http://localhost:3000/_next/static/chunks/src_1aak4l9._.js?id=%255Bproject%255D%252Fsrc%252Fchapters%252Fch5%252FShowOrHideScene.tsx+%255Bapp-client%255D+%2528ecmascript%2529:1497:36)
    at update (http://localhost:3000/_next/static/chunks/node_modules_%40react-three_fiber_dist_10swxn6._.js:15260:26)
    at loop (http://localhost:3000/_next/static/chunks/node_modules_%40react-three_fiber_dist_10swxn6._.js:15286:23)
[  705831ms] ReferenceError: PIN_LABEL is not defined
    at useLabelProjection.useFrame [as current] (http://localhost:3000/_next/static/chunks/src_1aak4l9._.js?id=%255Bproject%255D%252Fsrc%252Fchapters%252Fch5%252FShowOrHideScene.tsx+%255Bapp-client%255D+%2528ecmascript%2529:1497:36)
    at update (http://localhost:3000/_next/static/chunks/node_modules_%40react-three_fiber_dist_10swxn6._.js:15260:26)
    at loop (http://localhost:3000/_next/static/chunks/node_modules_%40react-three_fiber_dist_10swxn6._.js:15286:23)
[  705839ms] ReferenceError: PIN_LABEL is not defined
    at useLabelProjection.useFrame [as current] (http://localhost:3000/_next/static/chunks/src_1aak4l9._.js?id=%255Bproject%255D%252Fsrc%252Fchapters%252Fch5%252FShowOrHideScene.tsx+%255Bapp-client%255D+%2528ecmascript%2529:1497:36)
    at update (http://localhost:3000/_next/static/chunks/node_modules_%40react-three_fiber_dist_10swxn6._.js:15260:26)
    at loop (http://localhost:3000/_next/static/chunks/node_modules_%40react-three_fiber_dist_10swxn6._.js:15286:23)
[  705848ms] ReferenceError: PIN_LABEL is not defined
    at useLabelProjection.useFrame [as current] (http://localhost:3000/_next/static/chunks/src_1aak4l9._.js?id=%255Bproject%255D%252Fsrc%252Fchapters%252Fch5%252FShowOrHideScene.tsx+%255Bapp-client%255D+%2528ecmascript%2529:1497:36)
    at update (http://localhost:3000/_next/static/chunks/node_modules_%40react-three_fiber_dist_10swxn6._.js:15260:26)
    at loop (http://localhost:3000/_next/static/chunks/node_modules_%40react-three_fiber_dist_10swxn6._.js:15286:23)
[  705856ms] ReferenceError: PIN_LABEL is not defined
    at useLabelProjection.useFrame [as current] (http://localhost:3000/_next/static/chunks/src_1aak4l9._.js?id=%255Bproject%255D%252Fsrc%252Fchapters%252Fch5%252FShowOrHideScene.tsx+%255Bapp-client%255D+%2528ecmascript%2529:1497:36)
    at update (http://localhost:3000/_next/static/chunks/node_modules_%40react-three_fiber_dist_10swxn6._.js:15260:26)
    at loop (http://localhost:3000/_next/static/chunks/node_modules_%40react-three_fiber_dist_10swxn6._.js:15286:23)
[  705864ms] ReferenceError: PIN_LABEL is not defined
    at useLabelProjection.useFrame [as current] (http://localhost:3000/_next/static/chunks/src_1aak4l9._.js?id=%255Bproject%255D%252Fsrc%252Fchapters%252Fch5%252FShowOrHideScene.tsx+%255Bapp-client%255D+%2528ecmascript%2529:1497:36)
    at update (http://localhost:3000/_next/static/chunks/node_modules_%40react-three_fiber_dist_10swxn6._.js:15260:26)
    at loop (http://localhost:3000/_next/static/chunks/node_modules_%40react-three_fiber_dist_10swxn6._.js:15286:23)
[  705873ms] ReferenceError: PIN_LABEL is not defined
    at useLabelProjection.useFrame [as current] (http://localhost:3000/_next/static/chunks/src_1aak4l9._.js?id=%255Bproject%255D%252Fsrc%252Fchapters%252Fch5%252FShowOrHideScene.tsx+%255Bapp-client%255D+%2528ecmascript%2529:1497:36)
    at update (http://localhost:3000/_next/static/chunks/node_modules_%40react-three_fiber_dist_10swxn6._.js:15260:26)
    at loop (http://localhost:3000/_next/static/chunks/node_modules_%40react-three_fiber_dist_10swxn6._.js:15286:23)
[  705881ms] ReferenceError: PIN_LABEL is not defined
    at useLabelProjection.useFrame [as current] (http://localhost:3000/_next/static/chunks/src_1aak4l9._.js?id=%255Bproject%255D%252Fsrc%252Fchapters%252Fch5%252FShowOrHideScene.tsx+%255Bapp-client%255D+%2528ecmascript%2529:1497:36)
    at update (http://localhost:3000/_next/static/chunks/node_modules_%40react-three_fiber_dist_10swxn6._.js:15260:26)
    at loop (http://localhost:3000/_next/static/chunks/node_modules_%40react-three_fiber_dist_10swxn6._.js:15286:23)
[  705889ms] ReferenceError: PIN_LABEL is not defined
    at useLabelProjection.useFrame [as current] (http://localhost:3000/_next/static/chunks/src_1aak4l9._.js?id=%255Bproject%255D%252Fsrc%252Fchapters%252Fch5%252FShowOrHideScene.tsx+%255Bapp-client%255D+%2528ecmascript%2529:1497:36)
    at update (http://localhost:3000/_next/static/chunks/node_modules_%40react-three_fiber_dist_10swxn6._.js:15260:26)
    at loop (http://localhost:3000/_next/static/chunks/node_modules_%40react-three_fiber_dist_10swxn6._.js:15286:23)
[  705898ms] ReferenceError: PIN_LABEL is not defined
    at useLabelProjection.useFrame [as current] (http://localhost:3000/_next/static/chunks/src_1aak4l9._.js?id=%255Bproject%255D%252Fsrc%252Fchapters%252Fch5%252FShowOrHideScene.tsx+%255Bapp-client%255D+%2528ecmascript%2529:1497:36)
    at update (http://localhost:3000/_next/static/chunks/node_modules_%40react-three_fiber_dist_10swxn6._.js:15260:26)
    at loop (http://localhost:3000/_next/static/chunks/node_modules_%40react-three_fiber_dist_10swxn6._.js:15286:23)
[  705907ms] ReferenceError: PIN_LABEL is not defined
    at useLabelProjection.useFrame [as current] (http://localhost:3000/_next/static/chunks/src_1aak4l9._.js?id=%255Bproject%255D%252Fsrc%252Fchapters%252Fch5%252FShowOrHideScene.tsx+%255Bapp-client%255D+%2528ecmascript%2529:1497:36)
    at update (http://localhost:3000/_next/static/chunks/node_modules_%40react-three_fiber_dist_10swxn6._.js:15260:26)
    at loop (http://localhost:3000/_next/static/chunks/node_modules_%40react-three_fiber_dist_10swxn6._.js:15286:23)
[  705914ms] ReferenceError: PIN_LABEL is not defined
    at useLabelProjection.useFrame [as current] (http://localhost:3000/_next/static/chunks/src_1aak4l9._.js?id=%255Bproject%255D%252Fsrc%252Fchapters%252Fch5%252FShowOrHideScene.tsx+%255Bapp-client%255D+%2528ecmascript%2529:1497:36)
    at update (http://localhost:3000/_next/static/chunks/node_modules_%40react-three_fiber_dist_10swxn6._.js:15260:26)
    at loop (http://localhost:3000/_next/static/chunks/node_modules_%40react-three_fiber_dist_10swxn6._.js:15286:23)
[  705922ms] ReferenceError: PIN_LABEL is not defined
    at useLabelProjection.useFrame [as current] (http://localhost:3000/_next/static/chunks/src_1aak4l9._.js?id=%255Bproject%255D%252Fsrc%252Fchapters%252Fch5%252FShowOrHideScene.tsx+%255Bapp-client%255D+%2528ecmascript%2529:1497:36)
    at update (http://localhost:3000/_next/static/chunks/node_modules_%40react-three_fiber_dist_10swxn6._.js:15260:26)
    at loop (http://localhost:3000/_next/static/chunks/node_modules_%40react-three_fiber_dist_10swxn6._.js:15286:23)
[  705931ms] ReferenceError: PIN_LABEL is not defined
    at useLabelProjection.useFrame [as current] (http://localhost:3000/_next/static/chunks/src_1aak4l9._.js?id=%255Bproject%255D%252Fsrc%252Fchapters%252Fch5%252FShowOrHideScene.tsx+%255Bapp-client%255D+%2528ecmascript%2529:1497:36)
    at update (http://localhost:3000/_next/static/chunks/node_modules_%40react-three_fiber_dist_10swxn6._.js:15260:26)
    at loop (http://localhost:3000/_next/static/chunks/node_modules_%40react-three_fiber_dist_10swxn6._.js:15286:23)
[  705940ms] ReferenceError: PIN_LABEL is not defined
    at useLabelProjection.useFrame [as current] (http://localhost:3000/_next/static/chunks/src_1aak4l9._.js?id=%255Bproject%255D%252Fsrc%252Fchapters%252Fch5%252FShowOrHideScene.tsx+%255Bapp-client%255D+%2528ecmascript%2529:1497:36)
    at update (http://localhost:3000/_next/static/chunks/node_modules_%40react-three_fiber_dist_10swxn6._.js:15260:26)
    at loop (http://localhost:3000/_next/static/chunks/node_modules_%40react-three_fiber_dist_10swxn6._.js:15286:23)
[  705948ms] ReferenceError: PIN_LABEL is not defined
    at useLabelProjection.useFrame [as current] (http://localhost:3000/_next/static/chunks/src_1aak4l9._.js?id=%255Bproject%255D%252Fsrc%252Fchapters%252Fch5%252FShowOrHideScene.tsx+%255Bapp-client%255D+%2528ecmascript%2529:1497:36)
    at update (http://localhost:3000/_next/static/chunks/node_modules_%40react-three_fiber_dist_10swxn6._.js:15260:26)
    at loop (http://localhost:3000/_next/static/chunks/node_modules_%40react-three_fiber_dist_10swxn6._.js:15286:23)
[  705957ms] ReferenceError: PIN_LABEL is not defined
    at useLabelProjection.useFrame [as current] (http://localhost:3000/_next/static/chunks/src_1aak4l9._.js?id=%255Bproject%255D%252Fsrc%252Fchapters%252Fch5%252FShowOrHideScene.tsx+%255Bapp-client%255D+%2528ecmascript%2529:1497:36)
    at update (http://localhost:3000/_next/static/chunks/node_modules_%40react-three_fiber_dist_10swxn6._.js:15260:26)
    at loop (http://localhost:3000/_next/static/chunks/node_modules_%40react-three_fiber_dist_10swxn6._.js:15286:23)
[  705964ms] ReferenceError: PIN_LABEL is not defined
    at useLabelProjection.useFrame [as current] (http://localhost:3000/_next/static/chunks/src_1aak4l9._.js?id=%255Bproject%255D%252Fsrc%252Fchapters%252Fch5%252FShowOrHideScene.tsx+%255Bapp-client%255D+%2528ecmascript%2529:1497:36)
    at update (http://localhost:3000/_next/static/chunks/node_modules_%40react-three_fiber_dist_10swxn6._.js:15260:26)
    at loop (http://localhost:3000/_next/static/chunks/node_modules_%40react-three_fiber_dist_10swxn6._.js:15286:23)
[  705972ms] ReferenceError: PIN_LABEL is not defined
    at useLabelProjection.useFrame [as current] (http://localhost:3000/_next/static/chunks/src_1aak4l9._.js?id=%255Bproject%255D%252Fsrc%252Fchapters%252Fch5%252FShowOrHideScene.tsx+%255Bapp-client%255D+%2528ecmascript%2529:1497:36)
    at update (http://localhost:3000/_next/static/chunks/node_modules_%40react-three_fiber_dist_10swxn6._.js:15260:26)
    at loop (http://localhost:3000/_next/static/chunks/node_modules_%40react-three_fiber_dist_10swxn6._.js:15286:23)
[  705981ms] ReferenceError: PIN_LABEL is not defined
    at useLabelProjection.useFrame [as current] (http://localhost:3000/_next/static/chunks/src_1aak4l9._.js?id=%255Bproject%255D%252Fsrc%252Fchapters%252Fch5%252FShowOrHideScene.tsx+%255Bapp-client%255D+%2528ecmascript%2529:1497:36)
    at update (http://localhost:3000/_next/static/chunks/node_modules_%40react-three_fiber_dist_10swxn6._.js:15260:26)
    at loop (http://localhost:3000/_next/static/chunks/node_modules_%40react-three_fiber_dist_10swxn6._.js:15286:23)
[  705989ms] ReferenceError: PIN_LABEL is not defined
    at useLabelProjection.useFrame [as current] (http://localhost:3000/_next/static/chunks/src_1aak4l9._.js?id=%255Bproject%255D%252Fsrc%252Fchapters%252Fch5%252FShowOrHideScene.tsx+%255Bapp-client%255D+%2528ecmascript%2529:1497:36)
    at update (http://localhost:3000/_next/static/chunks/node_modules_%40react-three_fiber_dist_10swxn6._.js:15260:26)
    at loop (http://localhost:3000/_next/static/chunks/node_modules_%40react-three_fiber_dist_10swxn6._.js:15286:23)
[  705999ms] ReferenceError: PIN_LABEL is not defined
    at useLabelProjection.useFrame [as current] (http://localhost:3000/_next/static/chunks/src_1aak4l9._.js?id=%255Bproject%255D%252Fsrc%252Fchapters%252Fch5%252FShowOrHideScene.tsx+%255Bapp-client%255D+%2528ecmascript%2529:1497:36)
    at update (http://localhost:3000/_next/static/chunks/node_modules_%40react-three_fiber_dist_10swxn6._.js:15260:26)
    at loop (http://localhost:3000/_next/static/chunks/node_modules_%40react-three_fiber_dist_10swxn6._.js:15286:23)
[  706005ms] ReferenceError: PIN_LABEL is not defined
    at useLabelProjection.useFrame [as current] (http://localhost:3000/_next/static/chunks/src_1aak4l9._.js?id=%255Bproject%255D%252Fsrc%252Fchapters%252Fch5%252FShowOrHideScene.tsx+%255Bapp-client%255D+%2528ecmascript%2529:1497:36)
    at update (http://localhost:3000/_next/static/chunks/node_modules_%40react-three_fiber_dist_10swxn6._.js:15260:26)
    at loop (http://localhost:3000/_next/static/chunks/node_modules_%40react-three_fiber_dist_10swxn6._.js:15286:23)
[  706014ms] ReferenceError: PIN_LABEL is not defined
    at useLabelProjection.useFrame [as current] (http://localhost:3000/_next/static/chunks/src_1aak4l9._.js?id=%255Bproject%255D%252Fsrc%252Fchapters%252Fch5%252FShowOrHideScene.tsx+%255Bapp-client%255D+%2528ecmascript%2529:1497:36)
    at update (http://localhost:3000/_next/static/chunks/node_modules_%40react-three_fiber_dist_10swxn6._.js:15260:26)
    at loop (http://localhost:3000/_next/static/chunks/node_modules_%40react-three_fiber_dist_10swxn6._.js:15286:23)
[  706023ms] ReferenceError: PIN_LABEL is not defined
    at useLabelProjection.useFrame [as current] (http://localhost:3000/_next/static/chunks/src_1aak4l9._.js?id=%255Bproject%255D%252Fsrc%252Fchapters%252Fch5%252FShowOrHideScene.tsx+%255Bapp-client%255D+%2528ecmascript%2529:1497:36)
    at update (http://localhost:3000/_next/static/chunks/node_modules_%40react-three_fiber_dist_10swxn6._.js:15260:26)
    at loop (http://localhost:3000/_next/static/chunks/node_modules_%40react-three_fiber_dist_10swxn6._.js:15286:23)
[  706031ms] ReferenceError: PIN_LABEL is not defined
    at useLabelProjection.useFrame [as current] (http://localhost:3000/_next/static/chunks/src_1aak4l9._.js?id=%255Bproject%255D%252Fsrc%252Fchapters%252Fch5%252FShowOrHideScene.tsx+%255Bapp-client%255D+%2528ecmascript%2529:1497:36)
    at update (http://localhost:3000/_next/static/chunks/node_modules_%40react-three_fiber_dist_10swxn6._.js:15260:26)
    at loop (http://localhost:3000/_next/static/chunks/node_modules_%40react-three_fiber_dist_10swxn6._.js:15286:23)
[  706040ms] ReferenceError: PIN_LABEL is not defined
    at useLabelProjection.useFrame [as current] (http://localhost:3000/_next/static/chunks/src_1aak4l9._.js?id=%255Bproject%255D%252Fsrc%252Fchapters%252Fch5%252FShowOrHideScene.tsx+%255Bapp-client%255D+%2528ecmascript%2529:1497:36)
    at update (http://localhost:3000/_next/static/chunks/node_modules_%40react-three_fiber_dist_10swxn6._.js:15260:26)
    at loop (http://localhost:3000/_next/static/chunks/node_modules_%40react-three_fiber_dist_10swxn6._.js:15286:23)
[  706048ms] ReferenceError: PIN_LABEL is not defined
    at useLabelProjection.useFrame [as current] (http://localhost:3000/_next/static/chunks/src_1aak4l9._.js?id=%255Bproject%255D%252Fsrc%252Fchapters%252Fch5%252FShowOrHideScene.tsx+%255Bapp-client%255D+%2528ecmascript%2529:1497:36)
    at update (http://localhost:3000/_next/static/chunks/node_modules_%40react-three_fiber_dist_10swxn6._.js:15260:26)
    at loop (http://localhost:3000/_next/static/chunks/node_modules_%40react-three_fiber_dist_10swxn6._.js:15286:23)
[  706056ms] ReferenceError: PIN_LABEL is not defined
    at useLabelProjection.useFrame [as current] (http://localhost:3000/_next/static/chunks/src_1aak4l9._.js?id=%255Bproject%255D%252Fsrc%252Fchapters%252Fch5%252FShowOrHideScene.tsx+%255Bapp-client%255D+%2528ecmascript%2529:1497:36)
    at update (http://localhost:3000/_next/static/chunks/node_modules_%40react-three_fiber_dist_10swxn6._.js:15260:26)
    at loop (http://localhost:3000/_next/static/chunks/node_modules_%40react-three_fiber_dist_10swxn6._.js:15286:23)
[  706064ms] ReferenceError: PIN_LABEL is not defined
    at useLabelProjection.useFrame [as current] (http://localhost:3000/_next/static/chunks/src_1aak4l9._.js?id=%255Bproject%255D%252Fsrc%252Fchapters%252Fch5%252FShowOrHideScene.tsx+%255Bapp-client%255D+%2528ecmascript%2529:1497:36)
    at update (http://localhost:3000/_next/static/chunks/node_modules_%40react-three_fiber_dist_10swxn6._.js:15260:26)
    at loop (http://localhost:3000/_next/static/chunks/node_modules_%40react-three_fiber_dist_10swxn6._.js:15286:23)
[  706072ms] ReferenceError: PIN_LABEL is not defined
    at useLabelProjection.useFrame [as current] (http://localhost:3000/_next/static/chunks/src_1aak4l9._.js?id=%255Bproject%255D%252Fsrc%252Fchapters%252Fch5%252FShowOrHideScene.tsx+%255Bapp-client%255D+%2528ecmascript%2529:1497:36)
    at update (http://localhost:3000/_next/static/chunks/node_modules_%40react-three_fiber_dist_10swxn6._.js:15260:26)
    at loop (http://localhost:3000/_next/static/chunks/node_modules_%40react-three_fiber_dist_10swxn6._.js:15286:23)
[  706081ms] ReferenceError: PIN_LABEL is not defined
    at useLabelProjection.useFrame [as current] (http://localhost:3000/_next/static/chunks/src_1aak4l9._.js?id=%255Bproject%255D%252Fsrc%252Fchapters%252Fch5%252FShowOrHideScene.tsx+%255Bapp-client%255D+%2528ecmascript%2529:1497:36)
    at update (http://localhost:3000/_next/static/chunks/node_modules_%40react-three_fiber_dist_10swxn6._.js:15260:26)
    at loop (http://localhost:3000/_next/static/chunks/node_modules_%40react-three_fiber_dist_10swxn6._.js:15286:23)
[  706089ms] ReferenceError: PIN_LABEL is not defined
    at useLabelProjection.useFrame [as current] (http://localhost:3000/_next/static/chunks/src_1aak4l9._.js?id=%255Bproject%255D%252Fsrc%252Fchapters%252Fch5%252FShowOrHideScene.tsx+%255Bapp-client%255D+%2528ecmascript%2529:1497:36)
    at update (http://localhost:3000/_next/static/chunks/node_modules_%40react-three_fiber_dist_10swxn6._.js:15260:26)
    at loop (http://localhost:3000/_next/static/chunks/node_modules_%40react-three_fiber_dist_10swxn6._.js:15286:23)
[  706098ms] ReferenceError: PIN_LABEL is not defined
    at useLabelProjection.useFrame [as current] (http://localhost:3000/_next/static/chunks/src_1aak4l9._.js?id=%255Bproject%255D%252Fsrc%252Fchapters%252Fch5%252FShowOrHideScene.tsx+%255Bapp-client%255D+%2528ecmascript%2529:1497:36)
    at update (http://localhost:3000/_next/static/chunks/node_modules_%40react-three_fiber_dist_10swxn6._.js:15260:26)
    at loop (http://localhost:3000/_next/static/chunks/node_modules_%40react-three_fiber_dist_10swxn6._.js:15286:23)
[  706106ms] ReferenceError: PIN_LABEL is not defined
    at useLabelProjection.useFrame [as current] (http://localhost:3000/_next/static/chunks/src_1aak4l9._.js?id=%255Bproject%255D%252Fsrc%252Fchapters%252Fch5%252FShowOrHideScene.tsx+%255Bapp-client%255D+%2528ecmascript%2529:1497:36)
    at update (http://localhost:3000/_next/static/chunks/node_modules_%40react-three_fiber_dist_10swxn6._.js:15260:26)
    at loop (http://localhost:3000/_next/static/chunks/node_modules_%40react-three_fiber_dist_10swxn6._.js:15286:23)
[  706114ms] ReferenceError: PIN_LABEL is not defined
    at useLabelProjection.useFrame [as current] (http://localhost:3000/_next/static/chunks/src_1aak4l9._.js?id=%255Bproject%255D%252Fsrc%252Fchapters%252Fch5%252FShowOrHideScene.tsx+%255Bapp-client%255D+%2528ecmascript%2529:1497:36)
    at update (http://localhost:3000/_next/static/chunks/node_modules_%40react-three_fiber_dist_10swxn6._.js:15260:26)
    at loop (http://localhost:3000/_next/static/chunks/node_modules_%40react-three_fiber_dist_10swxn6._.js:15286:23)
[  706123ms] ReferenceError: PIN_LABEL is not defined
    at useLabelProjection.useFrame [as current] (http://localhost:3000/_next/static/chunks/src_1aak4l9._.js?id=%255Bproject%255D%252Fsrc%252Fchapters%252Fch5%252FShowOrHideScene.tsx+%255Bapp-client%255D+%2528ecmascript%2529:1497:36)
    at update (http://localhost:3000/_next/static/chunks/node_modules_%40react-three_fiber_dist_10swxn6._.js:15260:26)
    at loop (http://localhost:3000/_next/static/chunks/node_modules_%40react-three_fiber_dist_10swxn6._.js:15286:23)
[  706131ms] ReferenceError: PIN_LABEL is not defined
    at useLabelProjection.useFrame [as current] (http://localhost:3000/_next/static/chunks/src_1aak4l9._.js?id=%255Bproject%255D%252Fsrc%252Fchapters%252Fch5%252FShowOrHideScene.tsx+%255Bapp-client%255D+%2528ecmascript%2529:1497:36)
    at update (http://localhost:3000/_next/static/chunks/node_modules_%40react-three_fiber_dist_10swxn6._.js:15260:26)
    at loop (http://localhost:3000/_next/static/chunks/node_modules_%40react-three_fiber_dist_10swxn6._.js:15286:23)
[  706139ms] ReferenceError: PIN_LABEL is not defined
    at useLabelProjection.useFrame [as current] (http://localhost:3000/_next/static/chunks/src_1aak4l9._.js?id=%255Bproject%255D%252Fsrc%252Fchapters%252Fch5%252FShowOrHideScene.tsx+%255Bapp-client%255D+%2528ecmascript%2529:1497:36)
    at update (http://localhost:3000/_next/static/chunks/node_modules_%40react-three_fiber_dist_10swxn6._.js:15260:26)
    at loop (http://localhost:3000/_next/static/chunks/node_modules_%40react-three_fiber_dist_10swxn6._.js:15286:23)
[  706148ms] ReferenceError: PIN_LABEL is not defined
    at useLabelProjection.useFrame [as current] (http://localhost:3000/_next/static/chunks/src_1aak4l9._.js?id=%255Bproject%255D%252Fsrc%252Fchapters%252Fch5%252FShowOrHideScene.tsx+%255Bapp-client%255D+%2528ecmascript%2529:1497:36)
    at update (http://localhost:3000/_next/static/chunks/node_modules_%40react-three_fiber_dist_10swxn6._.js:15260:26)
    at loop (http://localhost:3000/_next/static/chunks/node_modules_%40react-three_fiber_dist_10swxn6._.js:15286:23)
[  706156ms] ReferenceError: PIN_LABEL is not defined
    at useLabelProjection.useFrame [as current] (http://localhost:3000/_next/static/chunks/src_1aak4l9._.js?id=%255Bproject%255D%252Fsrc%252Fchapters%252Fch5%252FShowOrHideScene.tsx+%255Bapp-client%255D+%2528ecmascript%2529:1497:36)
    at update (http://localhost:3000/_next/static/chunks/node_modules_%40react-three_fiber_dist_10swxn6._.js:15260:26)
    at loop (http://localhost:3000/_next/static/chunks/node_modules_%40react-three_fiber_dist_10swxn6._.js:15286:23)
[  706165ms] ReferenceError: PIN_LABEL is not defined
    at useLabelProjection.useFrame [as current] (http://localhost:3000/_next/static/chunks/src_1aak4l9._.js?id=%255Bproject%255D%252Fsrc%252Fchapters%252Fch5%252FShowOrHideScene.tsx+%255Bapp-client%255D+%2528ecmascript%2529:1497:36)
    at update (http://localhost:3000/_next/static/chunks/node_modules_%40react-three_fiber_dist_10swxn6._.js:15260:26)
    at loop (http://localhost:3000/_next/static/chunks/node_modules_%40react-three_fiber_dist_10swxn6._.js:15286:23)
[  706173ms] ReferenceError: PIN_LABEL is not defined
    at useLabelProjection.useFrame [as current] (http://localhost:3000/_next/static/chunks/src_1aak4l9._.js?id=%255Bproject%255D%252Fsrc%252Fchapters%252Fch5%252FShowOrHideScene.tsx+%255Bapp-client%255D+%2528ecmascript%2529:1497:36)
    at update (http://localhost:3000/_next/static/chunks/node_modules_%40react-three_fiber_dist_10swxn6._.js:15260:26)
    at loop (http://localhost:3000/_next/static/chunks/node_modules_%40react-three_fiber_dist_10swxn6._.js:15286:23)
[  706181ms] ReferenceError: PIN_LABEL is not defined
    at useLabelProjection.useFrame [as current] (http://localhost:3000/_next/static/chunks/src_1aak4l9._.js?id=%255Bproject%255D%252Fsrc%252Fchapters%252Fch5%252FShowOrHideScene.tsx+%255Bapp-client%255D+%2528ecmascript%2529:1497:36)
    at update (http://localhost:3000/_next/static/chunks/node_modules_%40react-three_fiber_dist_10swxn6._.js:15260:26)
    at loop (http://localhost:3000/_next/static/chunks/node_modules_%40react-three_fiber_dist_10swxn6._.js:15286:23)
[  706190ms] ReferenceError: PIN_LABEL is not defined
    at useLabelProjection.useFrame [as current] (http://localhost:3000/_next/static/chunks/src_1aak4l9._.js?id=%255Bproject%255D%252Fsrc%252Fchapters%252Fch5%252FShowOrHideScene.tsx+%255Bapp-client%255D+%2528ecmascript%2529:1497:36)
    at update (http://localhost:3000/_next/static/chunks/node_modules_%40react-three_fiber_dist_10swxn6._.js:15260:26)
    at loop (http://localhost:3000/_next/static/chunks/node_modules_%40react-three_fiber_dist_10swxn6._.js:15286:23)
[  706198ms] ReferenceError: PIN_LABEL is not defined
    at useLabelProjection.useFrame [as current] (http://localhost:3000/_next/static/chunks/src_1aak4l9._.js?id=%255Bproject%255D%252Fsrc%252Fchapters%252Fch5%252FShowOrHideScene.tsx+%255Bapp-client%255D+%2528ecmascript%2529:1497:36)
    at update (http://localhost:3000/_next/static/chunks/node_modules_%40react-three_fiber_dist_10swxn6._.js:15260:26)
    at loop (http://localhost:3000/_next/static/chunks/node_modules_%40react-three_fiber_dist_10swxn6._.js:15286:23)
[  706206ms] ReferenceError: PIN_LABEL is not defined
    at useLabelProjection.useFrame [as current] (http://localhost:3000/_next/static/chunks/src_1aak4l9._.js?id=%255Bproject%255D%252Fsrc%252Fchapters%252Fch5%252FShowOrHideScene.tsx+%255Bapp-client%255D+%2528ecmascript%2529:1497:36)
    at update (http://localhost:3000/_next/static/chunks/node_modules_%40react-three_fiber_dist_10swxn6._.js:15260:26)
    at loop (http://localhost:3000/_next/static/chunks/node_modules_%40react-three_fiber_dist_10swxn6._.js:15286:23)
[  706214ms] ReferenceError: PIN_LABEL is not defined
    at useLabelProjection.useFrame [as current] (http://localhost:3000/_next/static/chunks/src_1aak4l9._.js?id=%255Bproject%255D%252Fsrc%252Fchapters%252Fch5%252FShowOrHideScene.tsx+%255Bapp-client%255D+%2528ecmascript%2529:1497:36)
    at update (http://localhost:3000/_next/static/chunks/node_modules_%40react-three_fiber_dist_10swxn6._.js:15260:26)
    at loop (http://localhost:3000/_next/static/chunks/node_modules_%40react-three_fiber_dist_10swxn6._.js:15286:23)
[  706223ms] ReferenceError: PIN_LABEL is not defined
    at useLabelProjection.useFrame [as current] (http://localhost:3000/_next/static/chunks/src_1aak4l9._.js?id=%255Bproject%255D%252Fsrc%252Fchapters%252Fch5%252FShowOrHideScene.tsx+%255Bapp-client%255D+%2528ecmascript%2529:1497:36)
    at update (http://localhost:3000/_next/static/chunks/node_modules_%40react-three_fiber_dist_10swxn6._.js:15260:26)
    at loop (http://localhost:3000/_next/static/chunks/node_modules_%40react-three_fiber_dist_10swxn6._.js:15286:23)
[  706231ms] ReferenceError: PIN_LABEL is not defined
    at useLabelProjection.useFrame [as current] (http://localhost:3000/_next/static/chunks/src_1aak4l9._.js?id=%255Bproject%255D%252Fsrc%252Fchapters%252Fch5%252FShowOrHideScene.tsx+%255Bapp-client%255D+%2528ecmascript%2529:1497:36)
    at update (http://localhost:3000/_next/static/chunks/node_modules_%40react-three_fiber_dist_10swxn6._.js:15260:26)
    at loop (http://localhost:3000/_next/static/chunks/node_modules_%40react-three_fiber_dist_10swxn6._.js:15286:23)
[  706239ms] ReferenceError: PIN_LABEL is not defined
    at useLabelProjection.useFrame [as current] (http://localhost:3000/_next/static/chunks/src_1aak4l9._.js?id=%255Bproject%255D%252Fsrc%252Fchapters%252Fch5%252FShowOrHideScene.tsx+%255Bapp-client%255D+%2528ecmascript%2529:1497:36)
    at update (http://localhost:3000/_next/static/chunks/node_modules_%40react-three_fiber_dist_10swxn6._.js:15260:26)
    at loop (http://localhost:3000/_next/static/chunks/node_modules_%40react-three_fiber_dist_10swxn6._.js:15286:23)
[  706248ms] ReferenceError: PIN_LABEL is not defined
    at useLabelProjection.useFrame [as current] (http://localhost:3000/_next/static/chunks/src_1aak4l9._.js?id=%255Bproject%255D%252Fsrc%252Fchapters%252Fch5%252FShowOrHideScene.tsx+%255Bapp-client%255D+%2528ecmascript%2529:1497:36)
    at update (http://localhost:3000/_next/static/chunks/node_modules_%40react-three_fiber_dist_10swxn6._.js:15260:26)
    at loop (http://localhost:3000/_next/static/chunks/node_modules_%40react-three_fiber_dist_10swxn6._.js:15286:23)
[  706256ms] ReferenceError: PIN_LABEL is not defined
    at useLabelProjection.useFrame [as current] (http://localhost:3000/_next/static/chunks/src_1aak4l9._.js?id=%255Bproject%255D%252Fsrc%252Fchapters%252Fch5%252FShowOrHideScene.tsx+%255Bapp-client%255D+%2528ecmascript%2529:1497:36)
    at update (http://localhost:3000/_next/static/chunks/node_modules_%40react-three_fiber_dist_10swxn6._.js:15260:26)
    at loop (http://localhost:3000/_next/static/chunks/node_modules_%40react-three_fiber_dist_10swxn6._.js:15286:23)
[  706264ms] ReferenceError: PIN_LABEL is not defined
    at useLabelProjection.useFrame [as current] (http://localhost:3000/_next/static/chunks/src_1aak4l9._.js?id=%255Bproject%255D%252Fsrc%252Fchapters%252Fch5%252FShowOrHideScene.tsx+%255Bapp-client%255D+%2528ecmascript%2529:1497:36)
    at update (http://localhost:3000/_next/static/chunks/node_modules_%40react-three_fiber_dist_10swxn6._.js:15260:26)
    at loop (http://localhost:3000/_next/static/chunks/node_modules_%40react-three_fiber_dist_10swxn6._.js:15286:23)
[  706273ms] ReferenceError: PIN_LABEL is not defined
    at useLabelProjection.useFrame [as current] (http://localhost:3000/_next/static/chunks/src_1aak4l9._.js?id=%255Bproject%255D%252Fsrc%252Fchapters%252Fch5%252FShowOrHideScene.tsx+%255Bapp-client%255D+%2528ecmascript%2529:1497:36)
    at update (http://localhost:3000/_next/static/chunks/node_modules_%40react-three_fiber_dist_10swxn6._.js:15260:26)
    at loop (http://localhost:3000/_next/static/chunks/node_modules_%40react-three_fiber_dist_10swxn6._.js:15286:23)
[  706281ms] ReferenceError: PIN_LABEL is not defined
    at useLabelProjection.useFrame [as current] (http://localhost:3000/_next/static/chunks/src_1aak4l9._.js?id=%255Bproject%255D%252Fsrc%252Fchapters%252Fch5%252FShowOrHideScene.tsx+%255Bapp-client%255D+%2528ecmascript%2529:1497:36)
    at update (http://localhost:3000/_next/static/chunks/node_modules_%40react-three_fiber_dist_10swxn6._.js:15260:26)
    at loop (http://localhost:3000/_next/static/chunks/node_modules_%40react-three_fiber_dist_10swxn6._.js:15286:23)
[  706289ms] ReferenceError: PIN_LABEL is not defined
    at useLabelProjection.useFrame [as current] (http://localhost:3000/_next/static/chunks/src_1aak4l9._.js?id=%255Bproject%255D%252Fsrc%252Fchapters%252Fch5%252FShowOrHideScene.tsx+%255Bapp-client%255D+%2528ecmascript%2529:1497:36)
    at update (http://localhost:3000/_next/static/chunks/node_modules_%40react-three_fiber_dist_10swxn6._.js:15260:26)
    at loop (http://localhost:3000/_next/static/chunks/node_modules_%40react-three_fiber_dist_10swxn6._.js:15286:23)
[  706298ms] ReferenceError: PIN_LABEL is not defined
    at useLabelProjection.useFrame [as current] (http://localhost:3000/_next/static/chunks/src_1aak4l9._.js?id=%255Bproject%255D%252Fsrc%252Fchapters%252Fch5%252FShowOrHideScene.tsx+%255Bapp-client%255D+%2528ecmascript%2529:1497:36)
    at update (http://localhost:3000/_next/static/chunks/node_modules_%40react-three_fiber_dist_10swxn6._.js:15260:26)
    at loop (http://localhost:3000/_next/static/chunks/node_modules_%40react-three_fiber_dist_10swxn6._.js:15286:23)
[  706307ms] ReferenceError: PIN_LABEL is not defined
    at useLabelProjection.useFrame [as current] (http://localhost:3000/_next/static/chunks/src_1aak4l9._.js?id=%255Bproject%255D%252Fsrc%252Fchapters%252Fch5%252FShowOrHideScene.tsx+%255Bapp-client%255D+%2528ecmascript%2529:1497:36)
    at update (http://localhost:3000/_next/static/chunks/node_modules_%40react-three_fiber_dist_10swxn6._.js:15260:26)
    at loop (http://localhost:3000/_next/static/chunks/node_modules_%40react-three_fiber_dist_10swxn6._.js:15286:23)
[  706314ms] ReferenceError: PIN_LABEL is not defined
    at useLabelProjection.useFrame [as current] (http://localhost:3000/_next/static/chunks/src_1aak4l9._.js?id=%255Bproject%255D%252Fsrc%252Fchapters%252Fch5%252FShowOrHideScene.tsx+%255Bapp-client%255D+%2528ecmascript%2529:1497:36)
    at update (http://localhost:3000/_next/static/chunks/node_modules_%40react-three_fiber_dist_10swxn6._.js:15260:26)
    at loop (http://localhost:3000/_next/static/chunks/node_modules_%40react-three_fiber_dist_10swxn6._.js:15286:23)
[  706322ms] ReferenceError: PIN_LABEL is not defined
    at useLabelProjection.useFrame [as current] (http://localhost:3000/_next/static/chunks/src_1aak4l9._.js?id=%255Bproject%255D%252Fsrc%252Fchapters%252Fch5%252FShowOrHideScene.tsx+%255Bapp-client%255D+%2528ecmascript%2529:1497:36)
    at update (http://localhost:3000/_next/static/chunks/node_modules_%40react-three_fiber_dist_10swxn6._.js:15260:26)
    at loop (http://localhost:3000/_next/static/chunks/node_modules_%40react-three_fiber_dist_10swxn6._.js:15286:23)
[  706331ms] ReferenceError: PIN_LABEL is not defined
    at useLabelProjection.useFrame [as current] (http://localhost:3000/_next/static/chunks/src_1aak4l9._.js?id=%255Bproject%255D%252Fsrc%252Fchapters%252Fch5%252FShowOrHideScene.tsx+%255Bapp-client%255D+%2528ecmascript%2529:1497:36)
    at update (http://localhost:3000/_next/static/chunks/node_modules_%40react-three_fiber_dist_10swxn6._.js:15260:26)
    at loop (http://localhost:3000/_next/static/chunks/node_modules_%40react-three_fiber_dist_10swxn6._.js:15286:23)
[  706339ms] ReferenceError: PIN_LABEL is not defined
    at useLabelProjection.useFrame [as current] (http://localhost:3000/_next/static/chunks/src_1aak4l9._.js?id=%255Bproject%255D%252Fsrc%252Fchapters%252Fch5%252FShowOrHideScene.tsx+%255Bapp-client%255D+%2528ecmascript%2529:1497:36)
    at update (http://localhost:3000/_next/static/chunks/node_modules_%40react-three_fiber_dist_10swxn6._.js:15260:26)
    at loop (http://localhost:3000/_next/static/chunks/node_modules_%40react-three_fiber_dist_10swxn6._.js:15286:23)
[  706348ms] ReferenceError: PIN_LABEL is not defined
    at useLabelProjection.useFrame [as current] (http://localhost:3000/_next/static/chunks/src_1aak4l9._.js?id=%255Bproject%255D%252Fsrc%252Fchapters%252Fch5%252FShowOrHideScene.tsx+%255Bapp-client%255D+%2528ecmascript%2529:1497:36)
    at update (http://localhost:3000/_next/static/chunks/node_modules_%40react-three_fiber_dist_10swxn6._.js:15260:26)
    at loop (http://localhost:3000/_next/static/chunks/node_modules_%40react-three_fiber_dist_10swxn6._.js:15286:23)
[  706356ms] ReferenceError: PIN_LABEL is not defined
    at useLabelProjection.useFrame [as current] (http://localhost:3000/_next/static/chunks/src_1aak4l9._.js?id=%255Bproject%255D%252Fsrc%252Fchapters%252Fch5%252FShowOrHideScene.tsx+%255Bapp-client%255D+%2528ecmascript%2529:1497:36)
    at update (http://localhost:3000/_next/static/chunks/node_modules_%40react-three_fiber_dist_10swxn6._.js:15260:26)
    at loop (http://localhost:3000/_next/static/chunks/node_modules_%40react-three_fiber_dist_10swxn6._.js:15286:23)
[  706365ms] ReferenceError: PIN_LABEL is not defined
    at useLabelProjection.useFrame [as current] (http://localhost:3000/_next/static/chunks/src_1aak4l9._.js?id=%255Bproject%255D%252Fsrc%252Fchapters%252Fch5%252FShowOrHideScene.tsx+%255Bapp-client%255D+%2528ecmascript%2529:1497:36)
    at update (http://localhost:3000/_next/static/chunks/node_modules_%40react-three_fiber_dist_10swxn6._.js:15260:26)
    at loop (http://localhost:3000/_next/static/chunks/node_modules_%40react-three_fiber_dist_10swxn6._.js:15286:23)
[  706372ms] ReferenceError: PIN_LABEL is not defined
    at useLabelProjection.useFrame [as current] (http://localhost:3000/_next/static/chunks/src_1aak4l9._.js?id=%255Bproject%255D%252Fsrc%252Fchapters%252Fch5%252FShowOrHideScene.tsx+%255Bapp-client%255D+%2528ecmascript%2529:1497:36)
    at update (http://localhost:3000/_next/static/chunks/node_modules_%40react-three_fiber_dist_10swxn6._.js:15260:26)
    at loop (http://localhost:3000/_next/static/chunks/node_modules_%40react-three_fiber_dist_10swxn6._.js:15286:23)
[  706381ms] ReferenceError: PIN_LABEL is not defined
    at useLabelProjection.useFrame [as current] (http://localhost:3000/_next/static/chunks/src_1aak4l9._.js?id=%255Bproject%255D%252Fsrc%252Fchapters%252Fch5%252FShowOrHideScene.tsx+%255Bapp-client%255D+%2528ecmascript%2529:1497:36)
    at update (http://localhost:3000/_next/static/chunks/node_modules_%40react-three_fiber_dist_10swxn6._.js:15260:26)
    at loop (http://localhost:3000/_next/static/chunks/node_modules_%40react-three_fiber_dist_10swxn6._.js:15286:23)
[  706390ms] ReferenceError: PIN_LABEL is not defined
    at useLabelProjection.useFrame [as current] (http://localhost:3000/_next/static/chunks/src_1aak4l9._.js?id=%255Bproject%255D%252Fsrc%252Fchapters%252Fch5%252FShowOrHideScene.tsx+%255Bapp-client%255D+%2528ecmascript%2529:1497:36)
    at update (http://localhost:3000/_next/static/chunks/node_modules_%40react-three_fiber_dist_10swxn6._.js:15260:26)
    at loop (http://localhost:3000/_next/static/chunks/node_modules_%40react-three_fiber_dist_10swxn6._.js:15286:23)
[  706398ms] ReferenceError: PIN_LABEL is not defined
    at useLabelProjection.useFrame [as current] (http://localhost:3000/_next/static/chunks/src_1aak4l9._.js?id=%255Bproject%255D%252Fsrc%252Fchapters%252Fch5%252FShowOrHideScene.tsx+%255Bapp-client%255D+%2528ecmascript%2529:1497:36)
    at update (http://localhost:3000/_next/static/chunks/node_modules_%40react-three_fiber_dist_10swxn6._.js:15260:26)
    at loop (http://localhost:3000/_next/static/chunks/node_modules_%40react-three_fiber_dist_10swxn6._.js:15286:23)
[  706407ms] ReferenceError: PIN_LABEL is not defined
    at useLabelProjection.useFrame [as current] (http://localhost:3000/_next/static/chunks/src_1aak4l9._.js?id=%255Bproject%255D%252Fsrc%252Fchapters%252Fch5%252FShowOrHideScene.tsx+%255Bapp-client%255D+%2528ecmascript%2529:1497:36)
    at update (http://localhost:3000/_next/static/chunks/node_modules_%40react-three_fiber_dist_10swxn6._.js:15260:26)
    at loop (http://localhost:3000/_next/static/chunks/node_modules_%40react-three_fiber_dist_10swxn6._.js:15286:23)
[  706414ms] ReferenceError: PIN_LABEL is not defined
    at useLabelProjection.useFrame [as current] (http://localhost:3000/_next/static/chunks/src_1aak4l9._.js?id=%255Bproject%255D%252Fsrc%252Fchapters%252Fch5%252FShowOrHideScene.tsx+%255Bapp-client%255D+%2528ecmascript%2529:1497:36)
    at update (http://localhost:3000/_next/static/chunks/node_modules_%40react-three_fiber_dist_10swxn6._.js:15260:26)
    at loop (http://localhost:3000/_next/static/chunks/node_modules_%40react-three_fiber_dist_10swxn6._.js:15286:23)
[  706423ms] ReferenceError: PIN_LABEL is not defined
    at useLabelProjection.useFrame [as current] (http://localhost:3000/_next/static/chunks/src_1aak4l9._.js?id=%255Bproject%255D%252Fsrc%252Fchapters%252Fch5%252FShowOrHideScene.tsx+%255Bapp-client%255D+%2528ecmascript%2529:1497:36)
    at update (http://localhost:3000/_next/static/chunks/node_modules_%40react-three_fiber_dist_10swxn6._.js:15260:26)
    at loop (http://localhost:3000/_next/static/chunks/node_modules_%40react-three_fiber_dist_10swxn6._.js:15286:23)
[  706431ms] ReferenceError: PIN_LABEL is not defined
    at useLabelProjection.useFrame [as current] (http://localhost:3000/_next/static/chunks/src_1aak4l9._.js?id=%255Bproject%255D%252Fsrc%252Fchapters%252Fch5%252FShowOrHideScene.tsx+%255Bapp-client%255D+%2528ecmascript%2529:1497:36)
    at update (http://localhost:3000/_next/static/chunks/node_modules_%40react-three_fiber_dist_10swxn6._.js:15260:26)
    at loop (http://localhost:3000/_next/static/chunks/node_modules_%40react-three_fiber_dist_10swxn6._.js:15286:23)
[  706439ms] ReferenceError: PIN_LABEL is not defined
    at useLabelProjection.useFrame [as current] (http://localhost:3000/_next/static/chunks/src_1aak4l9._.js?id=%255Bproject%255D%252Fsrc%252Fchapters%252Fch5%252FShowOrHideScene.tsx+%255Bapp-client%255D+%2528ecmascript%2529:1497:36)
    at update (http://localhost:3000/_next/static/chunks/node_modules_%40react-three_fiber_dist_10swxn6._.js:15260:26)
    at loop (http://localhost:3000/_next/static/chunks/node_modules_%40react-three_fiber_dist_10swxn6._.js:15286:23)
[  706448ms] ReferenceError: PIN_LABEL is not defined
    at useLabelProjection.useFrame [as current] (http://localhost:3000/_next/static/chunks/src_1aak4l9._.js?id=%255Bproject%255D%252Fsrc%252Fchapters%252Fch5%252FShowOrHideScene.tsx+%255Bapp-client%255D+%2528ecmascript%2529:1497:36)
    at update (http://localhost:3000/_next/static/chunks/node_modules_%40react-three_fiber_dist_10swxn6._.js:15260:26)
    at loop (http://localhost:3000/_next/static/chunks/node_modules_%40react-three_fiber_dist_10swxn6._.js:15286:23)
[  706456ms] ReferenceError: PIN_LABEL is not defined
    at useLabelProjection.useFrame [as current] (http://localhost:3000/_next/static/chunks/src_1aak4l9._.js?id=%255Bproject%255D%252Fsrc%252Fchapters%252Fch5%252FShowOrHideScene.tsx+%255Bapp-client%255D+%2528ecmascript%2529:1497:36)
    at update (http://localhost:3000/_next/static/chunks/node_modules_%40react-three_fiber_dist_10swxn6._.js:15260:26)
    at loop (http://localhost:3000/_next/static/chunks/node_modules_%40react-three_fiber_dist_10swxn6._.js:15286:23)
[  706464ms] ReferenceError: PIN_LABEL is not defined
    at useLabelProjection.useFrame [as current] (http://localhost:3000/_next/static/chunks/src_1aak4l9._.js?id=%255Bproject%255D%252Fsrc%252Fchapters%252Fch5%252FShowOrHideScene.tsx+%255Bapp-client%255D+%2528ecmascript%2529:1497:36)
    at update (http://localhost:3000/_next/static/chunks/node_modules_%40react-three_fiber_dist_10swxn6._.js:15260:26)
    at loop (http://localhost:3000/_next/static/chunks/node_modules_%40react-three_fiber_dist_10swxn6._.js:15286:23)
[  706473ms] ReferenceError: PIN_LABEL is not defined
    at useLabelProjection.useFrame [as current] (http://localhost:3000/_next/static/chunks/src_1aak4l9._.js?id=%255Bproject%255D%252Fsrc%252Fchapters%252Fch5%252FShowOrHideScene.tsx+%255Bapp-client%255D+%2528ecmascript%2529:1497:36)
    at update (http://localhost:3000/_next/static/chunks/node_modules_%40react-three_fiber_dist_10swxn6._.js:15260:26)
    at loop (http://localhost:3000/_next/static/chunks/node_modules_%40react-three_fiber_dist_10swxn6._.js:15286:23)
[  706481ms] ReferenceError: PIN_LABEL is not defined
    at useLabelProjection.useFrame [as current] (http://localhost:3000/_next/static/chunks/src_1aak4l9._.js?id=%255Bproject%255D%252Fsrc%252Fchapters%252Fch5%252FShowOrHideScene.tsx+%255Bapp-client%255D+%2528ecmascript%2529:1497:36)
    at update (http://localhost:3000/_next/static/chunks/node_modules_%40react-three_fiber_dist_10swxn6._.js:15260:26)
    at loop (http://localhost:3000/_next/static/chunks/node_modules_%40react-three_fiber_dist_10swxn6._.js:15286:23)
[  706490ms] ReferenceError: PIN_LABEL is not defined
    at useLabelProjection.useFrame [as current] (http://localhost:3000/_next/static/chunks/src_1aak4l9._.js?id=%255Bproject%255D%252Fsrc%252Fchapters%252Fch5%252FShowOrHideScene.tsx+%255Bapp-client%255D+%2528ecmascript%2529:1497:36)
    at update (http://localhost:3000/_next/static/chunks/node_modules_%40react-three_fiber_dist_10swxn6._.js:15260:26)
    at loop (http://localhost:3000/_next/static/chunks/node_modules_%40react-three_fiber_dist_10swxn6._.js:15286:23)
[  706498ms] ReferenceError: PIN_LABEL is not defined
    at useLabelProjection.useFrame [as current] (http://localhost:3000/_next/static/chunks/src_1aak4l9._.js?id=%255Bproject%255D%252Fsrc%252Fchapters%252Fch5%252FShowOrHideScene.tsx+%255Bapp-client%255D+%2528ecmascript%2529:1497:36)
    at update (http://localhost:3000/_next/static/chunks/node_modules_%40react-three_fiber_dist_10swxn6._.js:15260:26)
    at loop (http://localhost:3000/_next/static/chunks/node_modules_%40react-three_fiber_dist_10swxn6._.js:15286:23)
[  706507ms] ReferenceError: PIN_LABEL is not defined
    at useLabelProjection.useFrame [as current] (http://localhost:3000/_next/static/chunks/src_1aak4l9._.js?id=%255Bproject%255D%252Fsrc%252Fchapters%252Fch5%252FShowOrHideScene.tsx+%255Bapp-client%255D+%2528ecmascript%2529:1497:36)
    at update (http://localhost:3000/_next/static/chunks/node_modules_%40react-three_fiber_dist_10swxn6._.js:15260:26)
    at loop (http://localhost:3000/_next/static/chunks/node_modules_%40react-three_fiber_dist_10swxn6._.js:15286:23)
[  706514ms] ReferenceError: PIN_LABEL is not defined
    at useLabelProjection.useFrame [as current] (http://localhost:3000/_next/static/chunks/src_1aak4l9._.js?id=%255Bproject%255D%252Fsrc%252Fchapters%252Fch5%252FShowOrHideScene.tsx+%255Bapp-client%255D+%2528ecmascript%2529:1497:36)
    at update (http://localhost:3000/_next/static/chunks/node_modules_%40react-three_fiber_dist_10swxn6._.js:15260:26)
    at loop (http://localhost:3000/_next/static/chunks/node_modules_%40react-three_fiber_dist_10swxn6._.js:15286:23)
[  706523ms] ReferenceError: PIN_LABEL is not defined
    at useLabelProjection.useFrame [as current] (http://localhost:3000/_next/static/chunks/src_1aak4l9._.js?id=%255Bproject%255D%252Fsrc%252Fchapters%252Fch5%252FShowOrHideScene.tsx+%255Bapp-client%255D+%2528ecmascript%2529:1497:36)
    at update (http://localhost:3000/_next/static/chunks/node_modules_%40react-three_fiber_dist_10swxn6._.js:15260:26)
    at loop (http://localhost:3000/_next/static/chunks/node_modules_%40react-three_fiber_dist_10swxn6._.js:15286:23)
[  706531ms] ReferenceError: PIN_LABEL is not defined
    at useLabelProjection.useFrame [as current] (http://localhost:3000/_next/static/chunks/src_1aak4l9._.js?id=%255Bproject%255D%252Fsrc%252Fchapters%252Fch5%252FShowOrHideScene.tsx+%255Bapp-client%255D+%2528ecmascript%2529:1497:36)
    at update (http://localhost:3000/_next/static/chunks/node_modules_%40react-three_fiber_dist_10swxn6._.js:15260:26)
    at loop (http://localhost:3000/_next/static/chunks/node_modules_%40react-three_fiber_dist_10swxn6._.js:15286:23)
[  706540ms] ReferenceError: PIN_LABEL is not defined
    at useLabelProjection.useFrame [as current] (http://localhost:3000/_next/static/chunks/src_1aak4l9._.js?id=%255Bproject%255D%252Fsrc%252Fchapters%252Fch5%252FShowOrHideScene.tsx+%255Bapp-client%255D+%2528ecmascript%2529:1497:36)
    at update (http://localhost:3000/_next/static/chunks/node_modules_%40react-three_fiber_dist_10swxn6._.js:15260:26)
    at loop (http://localhost:3000/_next/static/chunks/node_modules_%40react-three_fiber_dist_10swxn6._.js:15286:23)
[  706548ms] ReferenceError: PIN_LABEL is not defined
    at useLabelProjection.useFrame [as current] (http://localhost:3000/_next/static/chunks/src_1aak4l9._.js?id=%255Bproject%255D%252Fsrc%252Fchapters%252Fch5%252FShowOrHideScene.tsx+%255Bapp-client%255D+%2528ecmascript%2529:1497:36)
    at update (http://localhost:3000/_next/static/chunks/node_modules_%40react-three_fiber_dist_10swxn6._.js:15260:26)
    at loop (http://localhost:3000/_next/static/chunks/node_modules_%40react-three_fiber_dist_10swxn6._.js:15286:23)
[  706556ms] ReferenceError: PIN_LABEL is not defined
    at useLabelProjection.useFrame [as current] (http://localhost:3000/_next/static/chunks/src_1aak4l9._.js?id=%255Bproject%255D%252Fsrc%252Fchapters%252Fch5%252FShowOrHideScene.tsx+%255Bapp-client%255D+%2528ecmascript%2529:1497:36)
    at update (http://localhost:3000/_next/static/chunks/node_modules_%40react-three_fiber_dist_10swxn6._.js:15260:26)
    at loop (http://localhost:3000/_next/static/chunks/node_modules_%40react-three_fiber_dist_10swxn6._.js:15286:23)
[  706564ms] ReferenceError: PIN_LABEL is not defined
    at useLabelProjection.useFrame [as current] (http://localhost:3000/_next/static/chunks/src_1aak4l9._.js?id=%255Bproject%255D%252Fsrc%252Fchapters%252Fch5%252FShowOrHideScene.tsx+%255Bapp-client%255D+%2528ecmascript%2529:1497:36)
    at update (http://localhost:3000/_next/static/chunks/node_modules_%40react-three_fiber_dist_10swxn6._.js:15260:26)
    at loop (http://localhost:3000/_next/static/chunks/node_modules_%40react-three_fiber_dist_10swxn6._.js:15286:23)
[  706572ms] ReferenceError: PIN_LABEL is not defined
    at useLabelProjection.useFrame [as current] (http://localhost:3000/_next/static/chunks/src_1aak4l9._.js?id=%255Bproject%255D%252Fsrc%252Fchapters%252Fch5%252FShowOrHideScene.tsx+%255Bapp-client%255D+%2528ecmascript%2529:1497:36)
    at update (http://localhost:3000/_next/static/chunks/node_modules_%40react-three_fiber_dist_10swxn6._.js:15260:26)
    at loop (http://localhost:3000/_next/static/chunks/node_modules_%40react-three_fiber_dist_10swxn6._.js:15286:23)
[  706581ms] ReferenceError: PIN_LABEL is not defined
    at useLabelProjection.useFrame [as current] (http://localhost:3000/_next/static/chunks/src_1aak4l9._.js?id=%255Bproject%255D%252Fsrc%252Fchapters%252Fch5%252FShowOrHideScene.tsx+%255Bapp-client%255D+%2528ecmascript%2529:1497:36)
    at update (http://localhost:3000/_next/static/chunks/node_modules_%40react-three_fiber_dist_10swxn6._.js:15260:26)
    at loop (http://localhost:3000/_next/static/chunks/node_modules_%40react-three_fiber_dist_10swxn6._.js:15286:23)
[  706589ms] ReferenceError: PIN_LABEL is not defined
    at useLabelProjection.useFrame [as current] (http://localhost:3000/_next/static/chunks/src_1aak4l9._.js?id=%255Bproject%255D%252Fsrc%252Fchapters%252Fch5%252FShowOrHideScene.tsx+%255Bapp-client%255D+%2528ecmascript%2529:1497:36)
    at update (http://localhost:3000/_next/static/chunks/node_modules_%40react-three_fiber_dist_10swxn6._.js:15260:26)
    at loop (http://localhost:3000/_next/static/chunks/node_modules_%40react-three_fiber_dist_10swxn6._.js:15286:23)
[  706597ms] ReferenceError: PIN_LABEL is not defined
    at useLabelProjection.useFrame [as current] (http://localhost:3000/_next/static/chunks/src_1aak4l9._.js?id=%255Bproject%255D%252Fsrc%252Fchapters%252Fch5%252FShowOrHideScene.tsx+%255Bapp-client%255D+%2528ecmascript%2529:1497:36)
    at update (http://localhost:3000/_next/static/chunks/node_modules_%40react-three_fiber_dist_10swxn6._.js:15260:26)
    at loop (http://localhost:3000/_next/static/chunks/node_modules_%40react-three_fiber_dist_10swxn6._.js:15286:23)
[  706606ms] ReferenceError: PIN_LABEL is not defined
    at useLabelProjection.useFrame [as current] (http://localhost:3000/_next/static/chunks/src_1aak4l9._.js?id=%255Bproject%255D%252Fsrc%252Fchapters%252Fch5%252FShowOrHideScene.tsx+%255Bapp-client%255D+%2528ecmascript%2529:1497:36)
    at update (http://localhost:3000/_next/static/chunks/node_modules_%40react-three_fiber_dist_10swxn6._.js:15260:26)
    at loop (http://localhost:3000/_next/static/chunks/node_modules_%40react-three_fiber_dist_10swxn6._.js:15286:23)
[  706614ms] ReferenceError: PIN_LABEL is not defined
    at useLabelProjection.useFrame [as current] (http://localhost:3000/_next/static/chunks/src_1aak4l9._.js?id=%255Bproject%255D%252Fsrc%252Fchapters%252Fch5%252FShowOrHideScene.tsx+%255Bapp-client%255D+%2528ecmascript%2529:1497:36)
    at update (http://localhost:3000/_next/static/chunks/node_modules_%40react-three_fiber_dist_10swxn6._.js:15260:26)
    at loop (http://localhost:3000/_next/static/chunks/node_modules_%40react-three_fiber_dist_10swxn6._.js:15286:23)
[  706623ms] ReferenceError: PIN_LABEL is not defined
    at useLabelProjection.useFrame [as current] (http://localhost:3000/_next/static/chunks/src_1aak4l9._.js?id=%255Bproject%255D%252Fsrc%252Fchapters%252Fch5%252FShowOrHideScene.tsx+%255Bapp-client%255D+%2528ecmascript%2529:1497:36)
    at update (http://localhost:3000/_next/static/chunks/node_modules_%40react-three_fiber_dist_10swxn6._.js:15260:26)
    at loop (http://localhost:3000/_next/static/chunks/node_modules_%40react-three_fiber_dist_10swxn6._.js:15286:23)
[  706631ms] ReferenceError: PIN_LABEL is not defined
    at useLabelProjection.useFrame [as current] (http://localhost:3000/_next/static/chunks/src_1aak4l9._.js?id=%255Bproject%255D%252Fsrc%252Fchapters%252Fch5%252FShowOrHideScene.tsx+%255Bapp-client%255D+%2528ecmascript%2529:1497:36)
    at update (http://localhost:3000/_next/static/chunks/node_modules_%40react-three_fiber_dist_10swxn6._.js:15260:26)
    at loop (http://localhost:3000/_next/static/chunks/node_modules_%40react-three_fiber_dist_10swxn6._.js:15286:23)
[  706639ms] ReferenceError: PIN_LABEL is not defined
    at useLabelProjection.useFrame [as current] (http://localhost:3000/_next/static/chunks/src_1aak4l9._.js?id=%255Bproject%255D%252Fsrc%252Fchapters%252Fch5%252FShowOrHideScene.tsx+%255Bapp-client%255D+%2528ecmascript%2529:1497:36)
    at update (http://localhost:3000/_next/static/chunks/node_modules_%40react-three_fiber_dist_10swxn6._.js:15260:26)
    at loop (http://localhost:3000/_next/static/chunks/node_modules_%40react-three_fiber_dist_10swxn6._.js:15286:23)
[  706648ms] ReferenceError: PIN_LABEL is not defined
    at useLabelProjection.useFrame [as current] (http://localhost:3000/_next/static/chunks/src_1aak4l9._.js?id=%255Bproject%255D%252Fsrc%252Fchapters%252Fch5%252FShowOrHideScene.tsx+%255Bapp-client%255D+%2528ecmascript%2529:1497:36)
    at update (http://localhost:3000/_next/static/chunks/node_modules_%40react-three_fiber_dist_10swxn6._.js:15260:26)
    at loop (http://localhost:3000/_next/static/chunks/node_modules_%40react-three_fiber_dist_10swxn6._.js:15286:23)
[  706656ms] ReferenceError: PIN_LABEL is not defined
    at useLabelProjection.useFrame [as current] (http://localhost:3000/_next/static/chunks/src_1aak4l9._.js?id=%255Bproject%255D%252Fsrc%252Fchapters%252Fch5%252FShowOrHideScene.tsx+%255Bapp-client%255D+%2528ecmascript%2529:1497:36)
    at update (http://localhost:3000/_next/static/chunks/node_modules_%40react-three_fiber_dist_10swxn6._.js:15260:26)
    at loop (http://localhost:3000/_next/static/chunks/node_modules_%40react-three_fiber_dist_10swxn6._.js:15286:23)
[  706665ms] ReferenceError: PIN_LABEL is not defined
    at useLabelProjection.useFrame [as current] (http://localhost:3000/_next/static/chunks/src_1aak4l9._.js?id=%255Bproject%255D%252Fsrc%252Fchapters%252Fch5%252FShowOrHideScene.tsx+%255Bapp-client%255D+%2528ecmascript%2529:1497:36)
    at update (http://localhost:3000/_next/static/chunks/node_modules_%40react-three_fiber_dist_10swxn6._.js:15260:26)
    at loop (http://localhost:3000/_next/static/chunks/node_modules_%40react-three_fiber_dist_10swxn6._.js:15286:23)
[  706673ms] ReferenceError: PIN_LABEL is not defined
    at useLabelProjection.useFrame [as current] (http://localhost:3000/_next/static/chunks/src_1aak4l9._.js?id=%255Bproject%255D%252Fsrc%252Fchapters%252Fch5%252FShowOrHideScene.tsx+%255Bapp-client%255D+%2528ecmascript%2529:1497:36)
    at update (http://localhost:3000/_next/static/chunks/node_modules_%40react-three_fiber_dist_10swxn6._.js:15260:26)
    at loop (http://localhost:3000/_next/static/chunks/node_modules_%40react-three_fiber_dist_10swxn6._.js:15286:23)
[  706682ms] ReferenceError: PIN_LABEL is not defined
    at useLabelProjection.useFrame [as current] (http://localhost:3000/_next/static/chunks/src_1aak4l9._.js?id=%255Bproject%255D%252Fsrc%252Fchapters%252Fch5%252FShowOrHideScene.tsx+%255Bapp-client%255D+%2528ecmascript%2529:1497:36)
    at update (http://localhost:3000/_next/static/chunks/node_modules_%40react-three_fiber_dist_10swxn6._.js:15260:26)
    at loop (http://localhost:3000/_next/static/chunks/node_modules_%40react-three_fiber_dist_10swxn6._.js:15286:23)
[  706689ms] ReferenceError: PIN_LABEL is not defined
    at useLabelProjection.useFrame [as current] (http://localhost:3000/_next/static/chunks/src_1aak4l9._.js?id=%255Bproject%255D%252Fsrc%252Fchapters%252Fch5%252FShowOrHideScene.tsx+%255Bapp-client%255D+%2528ecmascript%2529:1497:36)
    at update (http://localhost:3000/_next/static/chunks/node_modules_%40react-three_fiber_dist_10swxn6._.js:15260:26)
    at loop (http://localhost:3000/_next/static/chunks/node_modules_%40react-three_fiber_dist_10swxn6._.js:15286:23)
[  706698ms] ReferenceError: PIN_LABEL is not defined
    at useLabelProjection.useFrame [as current] (http://localhost:3000/_next/static/chunks/src_1aak4l9._.js?id=%255Bproject%255D%252Fsrc%252Fchapters%252Fch5%252FShowOrHideScene.tsx+%255Bapp-client%255D+%2528ecmascript%2529:1497:36)
    at update (http://localhost:3000/_next/static/chunks/node_modules_%40react-three_fiber_dist_10swxn6._.js:15260:26)
    at loop (http://localhost:3000/_next/static/chunks/node_modules_%40react-three_fiber_dist_10swxn6._.js:15286:23)
[  706705ms] ReferenceError: PIN_LABEL is not defined
    at useLabelProjection.useFrame [as current] (http://localhost:3000/_next/static/chunks/src_1aak4l9._.js?id=%255Bproject%255D%252Fsrc%252Fchapters%252Fch5%252FShowOrHideScene.tsx+%255Bapp-client%255D+%2528ecmascript%2529:1497:36)
    at update (http://localhost:3000/_next/static/chunks/node_modules_%40react-three_fiber_dist_10swxn6._.js:15260:26)
    at loop (http://localhost:3000/_next/static/chunks/node_modules_%40react-three_fiber_dist_10swxn6._.js:15286:23)
[  706715ms] ReferenceError: PIN_LABEL is not defined
    at useLabelProjection.useFrame [as current] (http://localhost:3000/_next/static/chunks/src_1aak4l9._.js?id=%255Bproject%255D%252Fsrc%252Fchapters%252Fch5%252FShowOrHideScene.tsx+%255Bapp-client%255D+%2528ecmascript%2529:1497:36)
    at update (http://localhost:3000/_next/static/chunks/node_modules_%40react-three_fiber_dist_10swxn6._.js:15260:26)
    at loop (http://localhost:3000/_next/static/chunks/node_modules_%40react-three_fiber_dist_10swxn6._.js:15286:23)
[  706722ms] ReferenceError: PIN_LABEL is not defined
    at useLabelProjection.useFrame [as current] (http://localhost:3000/_next/static/chunks/src_1aak4l9._.js?id=%255Bproject%255D%252Fsrc%252Fchapters%252Fch5%252FShowOrHideScene.tsx+%255Bapp-client%255D+%2528ecmascript%2529:1497:36)
    at update (http://localhost:3000/_next/static/chunks/node_modules_%40react-three_fiber_dist_10swxn6._.js:15260:26)
    at loop (http://localhost:3000/_next/static/chunks/node_modules_%40react-three_fiber_dist_10swxn6._.js:15286:23)
[  706731ms] ReferenceError: PIN_LABEL is not defined
    at useLabelProjection.useFrame [as current] (http://localhost:3000/_next/static/chunks/src_1aak4l9._.js?id=%255Bproject%255D%252Fsrc%252Fchapters%252Fch5%252FShowOrHideScene.tsx+%255Bapp-client%255D+%2528ecmascript%2529:1497:36)
    at update (http://localhost:3000/_next/static/chunks/node_modules_%40react-three_fiber_dist_10swxn6._.js:15260:26)
    at loop (http://localhost:3000/_next/static/chunks/node_modules_%40react-three_fiber_dist_10swxn6._.js:15286:23)
[  706739ms] ReferenceError: PIN_LABEL is not defined
    at useLabelProjection.useFrame [as current] (http://localhost:3000/_next/static/chunks/src_1aak4l9._.js?id=%255Bproject%255D%252Fsrc%252Fchapters%252Fch5%252FShowOrHideScene.tsx+%255Bapp-client%255D+%2528ecmascript%2529:1497:36)
    at update (http://localhost:3000/_next/static/chunks/node_modules_%40react-three_fiber_dist_10swxn6._.js:15260:26)
    at loop (http://localhost:3000/_next/static/chunks/node_modules_%40react-three_fiber_dist_10swxn6._.js:15286:23)
[  706748ms] ReferenceError: PIN_LABEL is not defined
    at useLabelProjection.useFrame [as current] (http://localhost:3000/_next/static/chunks/src_1aak4l9._.js?id=%255Bproject%255D%252Fsrc%252Fchapters%252Fch5%252FShowOrHideScene.tsx+%255Bapp-client%255D+%2528ecmascript%2529:1497:36)
    at update (http://localhost:3000/_next/static/chunks/node_modules_%40react-three_fiber_dist_10swxn6._.js:15260:26)
    at loop (http://localhost:3000/_next/static/chunks/node_modules_%40react-three_fiber_dist_10swxn6._.js:15286:23)
[  706756ms] ReferenceError: PIN_LABEL is not defined
    at useLabelProjection.useFrame [as current] (http://localhost:3000/_next/static/chunks/src_1aak4l9._.js?id=%255Bproject%255D%252Fsrc%252Fchapters%252Fch5%252FShowOrHideScene.tsx+%255Bapp-client%255D+%2528ecmascript%2529:1497:36)
    at update (http://localhost:3000/_next/static/chunks/node_modules_%40react-three_fiber_dist_10swxn6._.js:15260:26)
    at loop (http://localhost:3000/_next/static/chunks/node_modules_%40react-three_fiber_dist_10swxn6._.js:15286:23)
[  706765ms] ReferenceError: PIN_LABEL is not defined
    at useLabelProjection.useFrame [as current] (http://localhost:3000/_next/static/chunks/src_1aak4l9._.js?id=%255Bproject%255D%252Fsrc%252Fchapters%252Fch5%252FShowOrHideScene.tsx+%255Bapp-client%255D+%2528ecmascript%2529:1497:36)
    at update (http://localhost:3000/_next/static/chunks/node_modules_%40react-three_fiber_dist_10swxn6._.js:15260:26)
    at loop (http://localhost:3000/_next/static/chunks/node_modules_%40react-three_fiber_dist_10swxn6._.js:15286:23)
[  706772ms] ReferenceError: PIN_LABEL is not defined
    at useLabelProjection.useFrame [as current] (http://localhost:3000/_next/static/chunks/src_1aak4l9._.js?id=%255Bproject%255D%252Fsrc%252Fchapters%252Fch5%252FShowOrHideScene.tsx+%255Bapp-client%255D+%2528ecmascript%2529:1497:36)
    at update (http://localhost:3000/_next/static/chunks/node_modules_%40react-three_fiber_dist_10swxn6._.js:15260:26)
    at loop (http://localhost:3000/_next/static/chunks/node_modules_%40react-three_fiber_dist_10swxn6._.js:15286:23)
[  706780ms] ReferenceError: PIN_LABEL is not defined
    at useLabelProjection.useFrame [as current] (http://localhost:3000/_next/static/chunks/src_1aak4l9._.js?id=%255Bproject%255D%252Fsrc%252Fchapters%252Fch5%252FShowOrHideScene.tsx+%255Bapp-client%255D+%2528ecmascript%2529:1497:36)
    at update (http://localhost:3000/_next/static/chunks/node_modules_%40react-three_fiber_dist_10swxn6._.js:15260:26)
    at loop (http://localhost:3000/_next/static/chunks/node_modules_%40react-three_fiber_dist_10swxn6._.js:15286:23)
[  706789ms] ReferenceError: PIN_LABEL is not defined
    at useLabelProjection.useFrame [as current] (http://localhost:3000/_next/static/chunks/src_1aak4l9._.js?id=%255Bproject%255D%252Fsrc%252Fchapters%252Fch5%252FShowOrHideScene.tsx+%255Bapp-client%255D+%2528ecmascript%2529:1497:36)
    at update (http://localhost:3000/_next/static/chunks/node_modules_%40react-three_fiber_dist_10swxn6._.js:15260:26)
    at loop (http://localhost:3000/_next/static/chunks/node_modules_%40react-three_fiber_dist_10swxn6._.js:15286:23)
[  706797ms] ReferenceError: PIN_LABEL is not defined
    at useLabelProjection.useFrame [as current] (http://localhost:3000/_next/static/chunks/src_1aak4l9._.js?id=%255Bproject%255D%252Fsrc%252Fchapters%252Fch5%252FShowOrHideScene.tsx+%255Bapp-client%255D+%2528ecmascript%2529:1497:36)
    at update (http://localhost:3000/_next/static/chunks/node_modules_%40react-three_fiber_dist_10swxn6._.js:15260:26)
    at loop (http://localhost:3000/_next/static/chunks/node_modules_%40react-three_fiber_dist_10swxn6._.js:15286:23)
[  706807ms] ReferenceError: PIN_LABEL is not defined
    at useLabelProjection.useFrame [as current] (http://localhost:3000/_next/static/chunks/src_1aak4l9._.js?id=%255Bproject%255D%252Fsrc%252Fchapters%252Fch5%252FShowOrHideScene.tsx+%255Bapp-client%255D+%2528ecmascript%2529:1497:36)
    at update (http://localhost:3000/_next/static/chunks/node_modules_%40react-three_fiber_dist_10swxn6._.js:15260:26)
    at loop (http://localhost:3000/_next/static/chunks/node_modules_%40react-three_fiber_dist_10swxn6._.js:15286:23)
[  706814ms] ReferenceError: PIN_LABEL is not defined
    at useLabelProjection.useFrame [as current] (http://localhost:3000/_next/static/chunks/src_1aak4l9._.js?id=%255Bproject%255D%252Fsrc%252Fchapters%252Fch5%252FShowOrHideScene.tsx+%255Bapp-client%255D+%2528ecmascript%2529:1497:36)
    at update (http://localhost:3000/_next/static/chunks/node_modules_%40react-three_fiber_dist_10swxn6._.js:15260:26)
    at loop (http://localhost:3000/_next/static/chunks/node_modules_%40react-three_fiber_dist_10swxn6._.js:15286:23)
[  706822ms] ReferenceError: PIN_LABEL is not defined
    at useLabelProjection.useFrame [as current] (http://localhost:3000/_next/static/chunks/src_1aak4l9._.js?id=%255Bproject%255D%252Fsrc%252Fchapters%252Fch5%252FShowOrHideScene.tsx+%255Bapp-client%255D+%2528ecmascript%2529:1497:36)
    at update (http://localhost:3000/_next/static/chunks/node_modules_%40react-three_fiber_dist_10swxn6._.js:15260:26)
    at loop (http://localhost:3000/_next/static/chunks/node_modules_%40react-three_fiber_dist_10swxn6._.js:15286:23)
[  706832ms] ReferenceError: PIN_LABEL is not defined
    at useLabelProjection.useFrame [as current] (http://localhost:3000/_next/static/chunks/src_1aak4l9._.js?id=%255Bproject%255D%252Fsrc%252Fchapters%252Fch5%252FShowOrHideScene.tsx+%255Bapp-client%255D+%2528ecmascript%2529:1497:36)
    at update (http://localhost:3000/_next/static/chunks/node_modules_%40react-three_fiber_dist_10swxn6._.js:15260:26)
    at loop (http://localhost:3000/_next/static/chunks/node_modules_%40react-three_fiber_dist_10swxn6._.js:15286:23)
[  706838ms] [LOG] [Fast Refresh] rebuilding @ http://localhost:3000/_next/static/chunks/node_modules_next_dist_1ybzpk2._.js:2489
[  706838ms] ReferenceError: PIN_LABEL is not defined
    at useLabelProjection.useFrame [as current] (http://localhost:3000/_next/static/chunks/src_1aak4l9._.js?id=%255Bproject%255D%252Fsrc%252Fchapters%252Fch5%252FShowOrHideScene.tsx+%255Bapp-client%255D+%2528ecmascript%2529:1497:36)
    at update (http://localhost:3000/_next/static/chunks/node_modules_%40react-three_fiber_dist_10swxn6._.js:15260:26)
    at loop (http://localhost:3000/_next/static/chunks/node_modules_%40react-three_fiber_dist_10swxn6._.js:15286:23)
[  706847ms] ReferenceError: PIN_LABEL is not defined
    at useLabelProjection.useFrame [as current] (http://localhost:3000/_next/static/chunks/src_1aak4l9._.js?id=%255Bproject%255D%252Fsrc%252Fchapters%252Fch5%252FShowOrHideScene.tsx+%255Bapp-client%255D+%2528ecmascript%2529:1497:36)
    at update (http://localhost:3000/_next/static/chunks/node_modules_%40react-three_fiber_dist_10swxn6._.js:15260:26)
    at loop (http://localhost:3000/_next/static/chunks/node_modules_%40react-three_fiber_dist_10swxn6._.js:15286:23)
[  706856ms] ReferenceError: PIN_LABEL is not defined
    at useLabelProjection.useFrame [as current] (http://localhost:3000/_next/static/chunks/src_1aak4l9._.js?id=%255Bproject%255D%252Fsrc%252Fchapters%252Fch5%252FShowOrHideScene.tsx+%255Bapp-client%255D+%2528ecmascript%2529:1497:36)
    at update (http://localhost:3000/_next/static/chunks/node_modules_%40react-three_fiber_dist_10swxn6._.js:15260:26)
    at loop (http://localhost:3000/_next/static/chunks/node_modules_%40react-three_fiber_dist_10swxn6._.js:15286:23)
[  706864ms] ReferenceError: PIN_LABEL is not defined
    at useLabelProjection.useFrame [as current] (http://localhost:3000/_next/static/chunks/src_1aak4l9._.js?id=%255Bproject%255D%252Fsrc%252Fchapters%252Fch5%252FShowOrHideScene.tsx+%255Bapp-client%255D+%2528ecmascript%2529:1497:36)
    at update (http://localhost:3000/_next/static/chunks/node_modules_%40react-three_fiber_dist_10swxn6._.js:15260:26)
    at loop (http://localhost:3000/_next/static/chunks/node_modules_%40react-three_fiber_dist_10swxn6._.js:15286:23)
[  706872ms] ReferenceError: PIN_LABEL is not defined
    at useLabelProjection.useFrame [as current] (http://localhost:3000/_next/static/chunks/src_1aak4l9._.js?id=%255Bproject%255D%252Fsrc%252Fchapters%252Fch5%252FShowOrHideScene.tsx+%255Bapp-client%255D+%2528ecmascript%2529:1497:36)
    at update (http://localhost:3000/_next/static/chunks/node_modules_%40react-three_fiber_dist_10swxn6._.js:15260:26)
    at loop (http://localhost:3000/_next/static/chunks/node_modules_%40react-three_fiber_dist_10swxn6._.js:15286:23)
[  706880ms] ReferenceError: PIN_LABEL is not defined
    at useLabelProjection.useFrame [as current] (http://localhost:3000/_next/static/chunks/src_1aak4l9._.js?id=%255Bproject%255D%252Fsrc%252Fchapters%252Fch5%252FShowOrHideScene.tsx+%255Bapp-client%255D+%2528ecmascript%2529:1497:36)
    at update (http://localhost:3000/_next/static/chunks/node_modules_%40react-three_fiber_dist_10swxn6._.js:15260:26)
    at loop (http://localhost:3000/_next/static/chunks/node_modules_%40react-three_fiber_dist_10swxn6._.js:15286:23)
[  706889ms] ReferenceError: PIN_LABEL is not defined
    at useLabelProjection.useFrame [as current] (http://localhost:3000/_next/static/chunks/src_1aak4l9._.js?id=%255Bproject%255D%252Fsrc%252Fchapters%252Fch5%252FShowOrHideScene.tsx+%255Bapp-client%255D+%2528ecmascript%2529:1497:36)
    at update (http://localhost:3000/_next/static/chunks/node_modules_%40react-three_fiber_dist_10swxn6._.js:15260:26)
    at loop (http://localhost:3000/_next/static/chunks/node_modules_%40react-three_fiber_dist_10swxn6._.js:15286:23)
[  706897ms] ReferenceError: PIN_LABEL is not defined
    at useLabelProjection.useFrame [as current] (http://localhost:3000/_next/static/chunks/src_1aak4l9._.js?id=%255Bproject%255D%252Fsrc%252Fchapters%252Fch5%252FShowOrHideScene.tsx+%255Bapp-client%255D+%2528ecmascript%2529:1497:36)
    at update (http://localhost:3000/_next/static/chunks/node_modules_%40react-three_fiber_dist_10swxn6._.js:15260:26)
    at loop (http://localhost:3000/_next/static/chunks/node_modules_%40react-three_fiber_dist_10swxn6._.js:15286:23)
[  706905ms] ReferenceError: PIN_LABEL is not defined
    at useLabelProjection.useFrame [as current] (http://localhost:3000/_next/static/chunks/src_1aak4l9._.js?id=%255Bproject%255D%252Fsrc%252Fchapters%252Fch5%252FShowOrHideScene.tsx+%255Bapp-client%255D+%2528ecmascript%2529:1497:36)
    at update (http://localhost:3000/_next/static/chunks/node_modules_%40react-three_fiber_dist_10swxn6._.js:15260:26)
    at loop (http://localhost:3000/_next/static/chunks/node_modules_%40react-three_fiber_dist_10swxn6._.js:15286:23)
[  706914ms] ReferenceError: PIN_LABEL is not defined
    at useLabelProjection.useFrame [as current] (http://localhost:3000/_next/static/chunks/src_1aak4l9._.js?id=%255Bproject%255D%252Fsrc%252Fchapters%252Fch5%252FShowOrHideScene.tsx+%255Bapp-client%255D+%2528ecmascript%2529:1497:36)
    at update (http://localhost:3000/_next/static/chunks/node_modules_%40react-three_fiber_dist_10swxn6._.js:15260:26)
    at loop (http://localhost:3000/_next/static/chunks/node_modules_%40react-three_fiber_dist_10swxn6._.js:15286:23)
[  706922ms] ReferenceError: PIN_LABEL is not defined
    at useLabelProjection.useFrame [as current] (http://localhost:3000/_next/static/chunks/src_1aak4l9._.js?id=%255Bproject%255D%252Fsrc%252Fchapters%252Fch5%252FShowOrHideScene.tsx+%255Bapp-client%255D+%2528ecmascript%2529:1497:36)
    at update (http://localhost:3000/_next/static/chunks/node_modules_%40react-three_fiber_dist_10swxn6._.js:15260:26)
    at loop (http://localhost:3000/_next/static/chunks/node_modules_%40react-three_fiber_dist_10swxn6._.js:15286:23)
[  706930ms] ReferenceError: PIN_LABEL is not defined
    at useLabelProjection.useFrame [as current] (http://localhost:3000/_next/static/chunks/src_1aak4l9._.js?id=%255Bproject%255D%252Fsrc%252Fchapters%252Fch5%252FShowOrHideScene.tsx+%255Bapp-client%255D+%2528ecmascript%2529:1497:36)
    at update (http://localhost:3000/_next/static/chunks/node_modules_%40react-three_fiber_dist_10swxn6._.js:15260:26)
    at loop (http://localhost:3000/_next/static/chunks/node_modules_%40react-three_fiber_dist_10swxn6._.js:15286:23)
[  706939ms] ReferenceError: PIN_LABEL is not defined
    at useLabelProjection.useFrame [as current] (http://localhost:3000/_next/static/chunks/src_1aak4l9._.js?id=%255Bproject%255D%252Fsrc%252Fchapters%252Fch5%252FShowOrHideScene.tsx+%255Bapp-client%255D+%2528ecmascript%2529:1497:36)
    at update (http://localhost:3000/_next/static/chunks/node_modules_%40react-three_fiber_dist_10swxn6._.js:15260:26)
    at loop (http://localhost:3000/_next/static/chunks/node_modules_%40react-three_fiber_dist_10swxn6._.js:15286:23)
[  706947ms] ReferenceError: PIN_LABEL is not defined
    at useLabelProjection.useFrame [as current] (http://localhost:3000/_next/static/chunks/src_1aak4l9._.js?id=%255Bproject%255D%252Fsrc%252Fchapters%252Fch5%252FShowOrHideScene.tsx+%255Bapp-client%255D+%2528ecmascript%2529:1497:36)
    at update (http://localhost:3000/_next/static/chunks/node_modules_%40react-three_fiber_dist_10swxn6._.js:15260:26)
    at loop (http://localhost:3000/_next/static/chunks/node_modules_%40react-three_fiber_dist_10swxn6._.js:15286:23)
[  706955ms] ReferenceError: PIN_LABEL is not defined
    at useLabelProjection.useFrame [as current] (http://localhost:3000/_next/static/chunks/src_1aak4l9._.js?id=%255Bproject%255D%252Fsrc%252Fchapters%252Fch5%252FShowOrHideScene.tsx+%255Bapp-client%255D+%2528ecmascript%2529:1497:36)
    at update (http://localhost:3000/_next/static/chunks/node_modules_%40react-three_fiber_dist_10swxn6._.js:15260:26)
    at loop (http://localhost:3000/_next/static/chunks/node_modules_%40react-three_fiber_dist_10swxn6._.js:15286:23)
[  706964ms] ReferenceError: PIN_LABEL is not defined
    at useLabelProjection.useFrame [as current] (http://localhost:3000/_next/static/chunks/src_1aak4l9._.js?id=%255Bproject%255D%252Fsrc%252Fchapters%252Fch5%252FShowOrHideScene.tsx+%255Bapp-client%255D+%2528ecmascript%2529:1497:36)
    at update (http://localhost:3000/_next/static/chunks/node_modules_%40react-three_fiber_dist_10swxn6._.js:15260:26)
    at loop (http://localhost:3000/_next/static/chunks/node_modules_%40react-three_fiber_dist_10swxn6._.js:15286:23)
[  706972ms] ReferenceError: PIN_LABEL is not defined
    at useLabelProjection.useFrame [as current] (http://localhost:3000/_next/static/chunks/src_1aak4l9._.js?id=%255Bproject%255D%252Fsrc%252Fchapters%252Fch5%252FShowOrHideScene.tsx+%255Bapp-client%255D+%2528ecmascript%2529:1497:36)
    at update (http://localhost:3000/_next/static/chunks/node_modules_%40react-three_fiber_dist_10swxn6._.js:15260:26)
    at loop (http://localhost:3000/_next/static/chunks/node_modules_%40react-three_fiber_dist_10swxn6._.js:15286:23)
[  706980ms] ReferenceError: PIN_LABEL is not defined
    at useLabelProjection.useFrame [as current] (http://localhost:3000/_next/static/chunks/src_1aak4l9._.js?id=%255Bproject%255D%252Fsrc%252Fchapters%252Fch5%252FShowOrHideScene.tsx+%255Bapp-client%255D+%2528ecmascript%2529:1497:36)
    at update (http://localhost:3000/_next/static/chunks/node_modules_%40react-three_fiber_dist_10swxn6._.js:15260:26)
    at loop (http://localhost:3000/_next/static/chunks/node_modules_%40react-three_fiber_dist_10swxn6._.js:15286:23)
[  706989ms] ReferenceError: PIN_LABEL is not defined
    at useLabelProjection.useFrame [as current] (http://localhost:3000/_next/static/chunks/src_1aak4l9._.js?id=%255Bproject%255D%252Fsrc%252Fchapters%252Fch5%252FShowOrHideScene.tsx+%255Bapp-client%255D+%2528ecmascript%2529:1497:36)
    at update (http://localhost:3000/_next/static/chunks/node_modules_%40react-three_fiber_dist_10swxn6._.js:15260:26)
    at loop (http://localhost:3000/_next/static/chunks/node_modules_%40react-three_fiber_dist_10swxn6._.js:15286:23)
[  706997ms] ReferenceError: PIN_LABEL is not defined
    at useLabelProjection.useFrame [as current] (http://localhost:3000/_next/static/chunks/src_1aak4l9._.js?id=%255Bproject%255D%252Fsrc%252Fchapters%252Fch5%252FShowOrHideScene.tsx+%255Bapp-client%255D+%2528ecmascript%2529:1497:36)
    at update (http://localhost:3000/_next/static/chunks/node_modules_%40react-three_fiber_dist_10swxn6._.js:15260:26)
    at loop (http://localhost:3000/_next/static/chunks/node_modules_%40react-three_fiber_dist_10swxn6._.js:15286:23)
[  707005ms] ReferenceError: PIN_LABEL is not defined
    at useLabelProjection.useFrame [as current] (http://localhost:3000/_next/static/chunks/src_1aak4l9._.js?id=%255Bproject%255D%252Fsrc%252Fchapters%252Fch5%252FShowOrHideScene.tsx+%255Bapp-client%255D+%2528ecmascript%2529:1497:36)
    at update (http://localhost:3000/_next/static/chunks/node_modules_%40react-three_fiber_dist_10swxn6._.js:15260:26)
    at loop (http://localhost:3000/_next/static/chunks/node_modules_%40react-three_fiber_dist_10swxn6._.js:15286:23)
[  707014ms] ReferenceError: PIN_LABEL is not defined
    at useLabelProjection.useFrame [as current] (http://localhost:3000/_next/static/chunks/src_1aak4l9._.js?id=%255Bproject%255D%252Fsrc%252Fchapters%252Fch5%252FShowOrHideScene.tsx+%255Bapp-client%255D+%2528ecmascript%2529:1497:36)
    at update (http://localhost:3000/_next/static/chunks/node_modules_%40react-three_fiber_dist_10swxn6._.js:15260:26)
    at loop (http://localhost:3000/_next/static/chunks/node_modules_%40react-three_fiber_dist_10swxn6._.js:15286:23)
[  707022ms] ReferenceError: PIN_LABEL is not defined
    at useLabelProjection.useFrame [as current] (http://localhost:3000/_next/static/chunks/src_1aak4l9._.js?id=%255Bproject%255D%252Fsrc%252Fchapters%252Fch5%252FShowOrHideScene.tsx+%255Bapp-client%255D+%2528ecmascript%2529:1497:36)
    at update (http://localhost:3000/_next/static/chunks/node_modules_%40react-three_fiber_dist_10swxn6._.js:15260:26)
    at loop (http://localhost:3000/_next/static/chunks/node_modules_%40react-three_fiber_dist_10swxn6._.js:15286:23)
[  707030ms] ReferenceError: PIN_LABEL is not defined
    at useLabelProjection.useFrame [as current] (http://localhost:3000/_next/static/chunks/src_1aak4l9._.js?id=%255Bproject%255D%252Fsrc%252Fchapters%252Fch5%252FShowOrHideScene.tsx+%255Bapp-client%255D+%2528ecmascript%2529:1497:36)
    at update (http://localhost:3000/_next/static/chunks/node_modules_%40react-three_fiber_dist_10swxn6._.js:15260:26)
    at loop (http://localhost:3000/_next/static/chunks/node_modules_%40react-three_fiber_dist_10swxn6._.js:15286:23)
[  707039ms] ReferenceError: PIN_LABEL is not defined
    at useLabelProjection.useFrame [as current] (http://localhost:3000/_next/static/chunks/src_1aak4l9._.js?id=%255Bproject%255D%252Fsrc%252Fchapters%252Fch5%252FShowOrHideScene.tsx+%255Bapp-client%255D+%2528ecmascript%2529:1497:36)
    at update (http://localhost:3000/_next/static/chunks/node_modules_%40react-three_fiber_dist_10swxn6._.js:15260:26)
    at loop (http://localhost:3000/_next/static/chunks/node_modules_%40react-three_fiber_dist_10swxn6._.js:15286:23)
[  707047ms] ReferenceError: PIN_LABEL is not defined
    at useLabelProjection.useFrame [as current] (http://localhost:3000/_next/static/chunks/src_1aak4l9._.js?id=%255Bproject%255D%252Fsrc%252Fchapters%252Fch5%252FShowOrHideScene.tsx+%255Bapp-client%255D+%2528ecmascript%2529:1497:36)
    at update (http://localhost:3000/_next/static/chunks/node_modules_%40react-three_fiber_dist_10swxn6._.js:15260:26)
    at loop (http://localhost:3000/_next/static/chunks/node_modules_%40react-three_fiber_dist_10swxn6._.js:15286:23)
[  707055ms] ReferenceError: PIN_LABEL is not defined
    at useLabelProjection.useFrame [as current] (http://localhost:3000/_next/static/chunks/src_1aak4l9._.js?id=%255Bproject%255D%252Fsrc%252Fchapters%252Fch5%252FShowOrHideScene.tsx+%255Bapp-client%255D+%2528ecmascript%2529:1497:36)
    at update (http://localhost:3000/_next/static/chunks/node_modules_%40react-three_fiber_dist_10swxn6._.js:15260:26)
    at loop (http://localhost:3000/_next/static/chunks/node_modules_%40react-three_fiber_dist_10swxn6._.js:15286:23)
[  707064ms] ReferenceError: PIN_LABEL is not defined
    at useLabelProjection.useFrame [as current] (http://localhost:3000/_next/static/chunks/src_1aak4l9._.js?id=%255Bproject%255D%252Fsrc%252Fchapters%252Fch5%252FShowOrHideScene.tsx+%255Bapp-client%255D+%2528ecmascript%2529:1497:36)
    at update (http://localhost:3000/_next/static/chunks/node_modules_%40react-three_fiber_dist_10swxn6._.js:15260:26)
    at loop (http://localhost:3000/_next/static/chunks/node_modules_%40react-three_fiber_dist_10swxn6._.js:15286:23)
[  707072ms] ReferenceError: PIN_LABEL is not defined
    at useLabelProjection.useFrame [as current] (http://localhost:3000/_next/static/chunks/src_1aak4l9._.js?id=%255Bproject%255D%252Fsrc%252Fchapters%252Fch5%252FShowOrHideScene.tsx+%255Bapp-client%255D+%2528ecmascript%2529:1497:36)
    at update (http://localhost:3000/_next/static/chunks/node_modules_%40react-three_fiber_dist_10swxn6._.js:15260:26)
    at loop (http://localhost:3000/_next/static/chunks/node_modules_%40react-three_fiber_dist_10swxn6._.js:15286:23)
[  707081ms] ReferenceError: PIN_LABEL is not defined
    at useLabelProjection.useFrame [as current] (http://localhost:3000/_next/static/chunks/src_1aak4l9._.js?id=%255Bproject%255D%252Fsrc%252Fchapters%252Fch5%252FShowOrHideScene.tsx+%255Bapp-client%255D+%2528ecmascript%2529:1497:36)
    at update (http://localhost:3000/_next/static/chunks/node_modules_%40react-three_fiber_dist_10swxn6._.js:15260:26)
    at loop (http://localhost:3000/_next/static/chunks/node_modules_%40react-three_fiber_dist_10swxn6._.js:15286:23)
[  707089ms] ReferenceError: PIN_LABEL is not defined
    at useLabelProjection.useFrame [as current] (http://localhost:3000/_next/static/chunks/src_1aak4l9._.js?id=%255Bproject%255D%252Fsrc%252Fchapters%252Fch5%252FShowOrHideScene.tsx+%255Bapp-client%255D+%2528ecmascript%2529:1497:36)
    at update (http://localhost:3000/_next/static/chunks/node_modules_%40react-three_fiber_dist_10swxn6._.js:15260:26)
    at loop (http://localhost:3000/_next/static/chunks/node_modules_%40react-three_fiber_dist_10swxn6._.js:15286:23)
[  707097ms] ReferenceError: PIN_LABEL is not defined
    at useLabelProjection.useFrame [as current] (http://localhost:3000/_next/static/chunks/src_1aak4l9._.js?id=%255Bproject%255D%252Fsrc%252Fchapters%252Fch5%252FShowOrHideScene.tsx+%255Bapp-client%255D+%2528ecmascript%2529:1497:36)
    at update (http://localhost:3000/_next/static/chunks/node_modules_%40react-three_fiber_dist_10swxn6._.js:15260:26)
    at loop (http://localhost:3000/_next/static/chunks/node_modules_%40react-three_fiber_dist_10swxn6._.js:15286:23)
[  707105ms] ReferenceError: PIN_LABEL is not defined
    at useLabelProjection.useFrame [as current] (http://localhost:3000/_next/static/chunks/src_1aak4l9._.js?id=%255Bproject%255D%252Fsrc%252Fchapters%252Fch5%252FShowOrHideScene.tsx+%255Bapp-client%255D+%2528ecmascript%2529:1497:36)
    at update (http://localhost:3000/_next/static/chunks/node_modules_%40react-three_fiber_dist_10swxn6._.js:15260:26)
    at loop (http://localhost:3000/_next/static/chunks/node_modules_%40react-three_fiber_dist_10swxn6._.js:15286:23)
[  707114ms] ReferenceError: PIN_LABEL is not defined
    at useLabelProjection.useFrame [as current] (http://localhost:3000/_next/static/chunks/src_1aak4l9._.js?id=%255Bproject%255D%252Fsrc%252Fchapters%252Fch5%252FShowOrHideScene.tsx+%255Bapp-client%255D+%2528ecmascript%2529:1497:36)
    at update (http://localhost:3000/_next/static/chunks/node_modules_%40react-three_fiber_dist_10swxn6._.js:15260:26)
    at loop (http://localhost:3000/_next/static/chunks/node_modules_%40react-three_fiber_dist_10swxn6._.js:15286:23)
[  707122ms] ReferenceError: PIN_LABEL is not defined
    at useLabelProjection.useFrame [as current] (http://localhost:3000/_next/static/chunks/src_1aak4l9._.js?id=%255Bproject%255D%252Fsrc%252Fchapters%252Fch5%252FShowOrHideScene.tsx+%255Bapp-client%255D+%2528ecmascript%2529:1497:36)
    at update (http://localhost:3000/_next/static/chunks/node_modules_%40react-three_fiber_dist_10swxn6._.js:15260:26)
    at loop (http://localhost:3000/_next/static/chunks/node_modules_%40react-three_fiber_dist_10swxn6._.js:15286:23)
[  707130ms] ReferenceError: PIN_LABEL is not defined
    at useLabelProjection.useFrame [as current] (http://localhost:3000/_next/static/chunks/src_1aak4l9._.js?id=%255Bproject%255D%252Fsrc%252Fchapters%252Fch5%252FShowOrHideScene.tsx+%255Bapp-client%255D+%2528ecmascript%2529:1497:36)
    at update (http://localhost:3000/_next/static/chunks/node_modules_%40react-three_fiber_dist_10swxn6._.js:15260:26)
    at loop (http://localhost:3000/_next/static/chunks/node_modules_%40react-three_fiber_dist_10swxn6._.js:15286:23)
[  707139ms] ReferenceError: PIN_LABEL is not defined
    at useLabelProjection.useFrame [as current] (http://localhost:3000/_next/static/chunks/src_1aak4l9._.js?id=%255Bproject%255D%252Fsrc%252Fchapters%252Fch5%252FShowOrHideScene.tsx+%255Bapp-client%255D+%2528ecmascript%2529:1497:36)
    at update (http://localhost:3000/_next/static/chunks/node_modules_%40react-three_fiber_dist_10swxn6._.js:15260:26)
    at loop (http://localhost:3000/_next/static/chunks/node_modules_%40react-three_fiber_dist_10swxn6._.js:15286:23)
[  707147ms] ReferenceError: PIN_LABEL is not defined
    at useLabelProjection.useFrame [as current] (http://localhost:3000/_next/static/chunks/src_1aak4l9._.js?id=%255Bproject%255D%252Fsrc%252Fchapters%252Fch5%252FShowOrHideScene.tsx+%255Bapp-client%255D+%2528ecmascript%2529:1497:36)
    at update (http://localhost:3000/_next/static/chunks/node_modules_%40react-three_fiber_dist_10swxn6._.js:15260:26)
    at loop (http://localhost:3000/_next/static/chunks/node_modules_%40react-three_fiber_dist_10swxn6._.js:15286:23)
[  707155ms] ReferenceError: PIN_LABEL is not defined
    at useLabelProjection.useFrame [as current] (http://localhost:3000/_next/static/chunks/src_1aak4l9._.js?id=%255Bproject%255D%252Fsrc%252Fchapters%252Fch5%252FShowOrHideScene.tsx+%255Bapp-client%255D+%2528ecmascript%2529:1497:36)
    at update (http://localhost:3000/_next/static/chunks/node_modules_%40react-three_fiber_dist_10swxn6._.js:15260:26)
    at loop (http://localhost:3000/_next/static/chunks/node_modules_%40react-three_fiber_dist_10swxn6._.js:15286:23)
[  707164ms] ReferenceError: PIN_LABEL is not defined
    at useLabelProjection.useFrame [as current] (http://localhost:3000/_next/static/chunks/src_1aak4l9._.js?id=%255Bproject%255D%252Fsrc%252Fchapters%252Fch5%252FShowOrHideScene.tsx+%255Bapp-client%255D+%2528ecmascript%2529:1497:36)
    at update (http://localhost:3000/_next/static/chunks/node_modules_%40react-three_fiber_dist_10swxn6._.js:15260:26)
    at loop (http://localhost:3000/_next/static/chunks/node_modules_%40react-three_fiber_dist_10swxn6._.js:15286:23)
[  707173ms] ReferenceError: PIN_LABEL is not defined
    at useLabelProjection.useFrame [as current] (http://localhost:3000/_next/static/chunks/src_1aak4l9._.js?id=%255Bproject%255D%252Fsrc%252Fchapters%252Fch5%252FShowOrHideScene.tsx+%255Bapp-client%255D+%2528ecmascript%2529:1497:36)
    at update (http://localhost:3000/_next/static/chunks/node_modules_%40react-three_fiber_dist_10swxn6._.js:15260:26)
    at loop (http://localhost:3000/_next/static/chunks/node_modules_%40react-three_fiber_dist_10swxn6._.js:15286:23)
[  707181ms] ReferenceError: PIN_LABEL is not defined
    at useLabelProjection.useFrame [as current] (http://localhost:3000/_next/static/chunks/src_1aak4l9._.js?id=%255Bproject%255D%252Fsrc%252Fchapters%252Fch5%252FShowOrHideScene.tsx+%255Bapp-client%255D+%2528ecmascript%2529:1497:36)
    at update (http://localhost:3000/_next/static/chunks/node_modules_%40react-three_fiber_dist_10swxn6._.js:15260:26)
    at loop (http://localhost:3000/_next/static/chunks/node_modules_%40react-three_fiber_dist_10swxn6._.js:15286:23)
[  707189ms] ReferenceError: PIN_LABEL is not defined
    at useLabelProjection.useFrame [as current] (http://localhost:3000/_next/static/chunks/src_1aak4l9._.js?id=%255Bproject%255D%252Fsrc%252Fchapters%252Fch5%252FShowOrHideScene.tsx+%255Bapp-client%255D+%2528ecmascript%2529:1497:36)
    at update (http://localhost:3000/_next/static/chunks/node_modules_%40react-three_fiber_dist_10swxn6._.js:15260:26)
    at loop (http://localhost:3000/_next/static/chunks/node_modules_%40react-three_fiber_dist_10swxn6._.js:15286:23)
[  707264ms] [LOG] [Fast Refresh] done in 462ms @ http://localhost:3000/_next/static/chunks/node_modules_next_dist_1ybzpk2._.js:2489
[  718518ms] [INFO] %cDownload the React DevTools for a better development experience: https://react.dev/link/react-devtools font-weight:bold @ http://localhost:3000/_next/static/chunks/node_modules_next_dist_1ybzpk2._.js:2489
[  718524ms] [LOG] [HMR] connected @ http://localhost:3000/_next/static/chunks/node_modules_next_dist_1ybzpk2._.js:2489
[  718790ms] [WARNING] THREE.Clock: This module has been deprecated. Please use THREE.Timer instead. @ http://localhost:3000/_next/static/chunks/node_modules_next_dist_1ybzpk2._.js:2489
[  718809ms] [WARNING] THREE.WebGLShadowMap: PCFSoftShadowMap has been deprecated. Using PCFShadowMap instead. @ http://localhost:3000/_next/static/chunks/node_modules_next_dist_1ybzpk2._.js:2489
[  718921ms] [ERROR] Failed to load resource: the server responded with a status of 404 (Not Found) @ http://localhost:3000/video/ch4-intro.mp4:0
[  718940ms] [ERROR] Failed to load resource: the server responded with a status of 404 (Not Found) @ http://localhost:3000/video/ch5-intro.mp4:0
[  720224ms] [WARNING] THREE.WebGLShadowMap: PCFSoftShadowMap has been deprecated. Using PCFShadowMap instead. @ http://localhost:3000/_next/static/chunks/node_modules_next_dist_1ybzpk2._.js:2489
[  804780ms] [ERROR] WebSocket connection to 'ws://localhost:3000/_next/webpack-hmr?id=dZ4K0rJ3wqBHRl_hB5gM8' failed: Error in connection establishment: net::ERR_CONNECTION_REFUSED @ http://localhost:3000/_next/static/chunks/node_modules_next_dist_client_0r5nbpw._.js:13422
[  805782ms] [ERROR] WebSocket connection to 'ws://localhost:3000/_next/webpack-hmr?id=dZ4K0rJ3wqBHRl_hB5gM8' failed: Error in connection establishment: net::ERR_CONNECTION_REFUSED @ http://localhost:3000/_next/static/chunks/node_modules_next_dist_client_0r5nbpw._.js:13422
[  806785ms] [ERROR] WebSocket connection to 'ws://localhost:3000/_next/webpack-hmr?id=dZ4K0rJ3wqBHRl_hB5gM8' failed: Error in connection establishment: net::ERR_CONNECTION_REFUSED @ http://localhost:3000/_next/static/chunks/node_modules_next_dist_client_0r5nbpw._.js:13422
[  807786ms] [ERROR] WebSocket connection to 'ws://localhost:3000/_next/webpack-hmr?id=dZ4K0rJ3wqBHRl_hB5gM8' failed: Error in connection establishment: net::ERR_CONNECTION_REFUSED @ http://localhost:3000/_next/static/chunks/node_modules_next_dist_client_0r5nbpw._.js:13422
[  808788ms] [ERROR] WebSocket connection to 'ws://localhost:3000/_next/webpack-hmr?id=dZ4K0rJ3wqBHRl_hB5gM8' failed: Error in connection establishment: net::ERR_CONNECTION_REFUSED @ http://localhost:3000/_next/static/chunks/node_modules_next_dist_client_0r5nbpw._.js:13422
[  813790ms] [ERROR] WebSocket connection to 'ws://localhost:3000/_next/webpack-hmr?id=dZ4K0rJ3wqBHRl_hB5gM8' failed: Error in connection establishment: net::ERR_CONNECTION_REFUSED @ http://localhost:3000/_next/static/chunks/node_modules_next_dist_client_0r5nbpw._.js:13422
[  818792ms] [ERROR] WebSocket connection to 'ws://localhost:3000/_next/webpack-hmr?id=dZ4K0rJ3wqBHRl_hB5gM8' failed: Error in connection establishment: net::ERR_CONNECTION_REFUSED @ http://localhost:3000/_next/static/chunks/node_modules_next_dist_client_0r5nbpw._.js:13422
[  823795ms] [ERROR] WebSocket connection to 'ws://localhost:3000/_next/webpack-hmr?id=dZ4K0rJ3wqBHRl_hB5gM8' failed: Error in connection establishment: net::ERR_CONNECTION_REFUSED @ http://localhost:3000/_next/static/chunks/node_modules_next_dist_client_0r5nbpw._.js:13422
[  828800ms] [ERROR] WebSocket connection to 'ws://localhost:3000/_next/webpack-hmr?id=dZ4K0rJ3wqBHRl_hB5gM8' failed: Error in connection establishment: net::ERR_CONNECTION_REFUSED @ http://localhost:3000/_next/static/chunks/node_modules_next_dist_client_0r5nbpw._.js:13422
[  833804ms] [ERROR] WebSocket connection to 'ws://localhost:3000/_next/webpack-hmr?id=dZ4K0rJ3wqBHRl_hB5gM8' failed: Error in connection establishment: net::ERR_CONNECTION_REFUSED @ http://localhost:3000/_next/static/chunks/node_modules_next_dist_client_0r5nbpw._.js:13422
[  838809ms] [ERROR] WebSocket connection to 'ws://localhost:3000/_next/webpack-hmr?id=dZ4K0rJ3wqBHRl_hB5gM8' failed: Error in connection establishment: net::ERR_CONNECTION_REFUSED @ http://localhost:3000/_next/static/chunks/node_modules_next_dist_client_0r5nbpw._.js:13422
[  843815ms] [ERROR] WebSocket connection to 'ws://localhost:3000/_next/webpack-hmr?id=dZ4K0rJ3wqBHRl_hB5gM8' failed: Error in connection establishment: net::ERR_CONNECTION_REFUSED @ http://localhost:3000/_next/static/chunks/node_modules_next_dist_client_0r5nbpw._.js:13422
[  940221ms] [INFO] %cDownload the React DevTools for a better development experience: https://react.dev/link/react-devtools font-weight:bold @ http://localhost:3000/_next/static/chunks/node_modules_next_dist_1ybzpk2._.js:2489
[  940230ms] [LOG] [HMR] connected @ http://localhost:3000/_next/static/chunks/node_modules_next_dist_1ybzpk2._.js:2489
[  940372ms] [WARNING] THREE.Clock: This module has been deprecated. Please use THREE.Timer instead. @ http://localhost:3000/_next/static/chunks/node_modules_next_dist_1ybzpk2._.js:2489
[  940413ms] [WARNING] THREE.WebGLShadowMap: PCFSoftShadowMap has been deprecated. Using PCFShadowMap instead. @ http://localhost:3000/_next/static/chunks/node_modules_next_dist_1ybzpk2._.js:2489
[  940590ms] [ERROR] Failed to load resource: the server responded with a status of 404 (Not Found) @ http://localhost:3000/video/ch4-intro.mp4:0
[  940607ms] [ERROR] Failed to load resource: the server responded with a status of 404 (Not Found) @ http://localhost:3000/video/ch5-intro.mp4:0
[  960618ms] [INFO] %cDownload the React DevTools for a better development experience: https://react.dev/link/react-devtools font-weight:bold @ http://localhost:3000/_next/static/chunks/node_modules_next_dist_1ybzpk2._.js:2489
[  960625ms] [LOG] [HMR] connected @ http://localhost:3000/_next/static/chunks/node_modules_next_dist_1ybzpk2._.js:2489
[  960886ms] [WARNING] THREE.Clock: This module has been deprecated. Please use THREE.Timer instead. @ http://localhost:3000/_next/static/chunks/node_modules_next_dist_1ybzpk2._.js:2489
[  960906ms] [WARNING] THREE.WebGLShadowMap: PCFSoftShadowMap has been deprecated. Using PCFShadowMap instead. @ http://localhost:3000/_next/static/chunks/node_modules_next_dist_1ybzpk2._.js:2489
[  961012ms] [ERROR] Failed to load resource: the server responded with a status of 404 (Not Found) @ http://localhost:3000/video/ch4-intro.mp4:0
[  961029ms] [ERROR] Failed to load resource: the server responded with a status of 404 (Not Found) @ http://localhost:3000/video/ch5-intro.mp4:0
[  962329ms] [WARNING] THREE.WebGLShadowMap: PCFSoftShadowMap has been deprecated. Using PCFShadowMap instead. @ http://localhost:3000/_next/static/chunks/node_modules_next_dist_1ybzpk2._.js:2489
[  971828ms] [ERROR] Failed to load resource: the server responded with a status of 502 (Bad Gateway) @ http://localhost:3000/api/tts:0
[ 1035861ms] [LOG] [Fast Refresh] rebuilding @ http://localhost:3000/_next/static/chunks/node_modules_next_dist_1ybzpk2._.js:2489
[ 1037065ms] [LOG] [Fast Refresh] done in 1277ms @ http://localhost:3000/_next/static/chunks/node_modules_next_dist_1ybzpk2._.js:2489
[ 1044533ms] [LOG] [Fast Refresh] rebuilding @ http://localhost:3000/_next/static/chunks/node_modules_next_dist_1ybzpk2._.js:2489
[ 1044586ms] [LOG] [Fast Refresh] done in 42ms @ http://localhost:3000/_next/static/chunks/node_modules_next_dist_1ybzpk2._.js:2489
[ 1054155ms] [LOG] [Fast Refresh] rebuilding @ http://localhost:3000/_next/static/chunks/node_modules_next_dist_1ybzpk2._.js:2489
[ 1054200ms] [LOG] [Fast Refresh] done in 45ms @ http://localhost:3000/_next/static/chunks/node_modules_next_dist_1ybzpk2._.js:2489
[ 1067416ms] [LOG] [Fast Refresh] rebuilding @ http://localhost:3000/_next/static/chunks/node_modules_next_dist_1ybzpk2._.js:2489
[ 1067457ms] [LOG] [Fast Refresh] done in 38ms @ http://localhost:3000/_next/static/chunks/node_modules_next_dist_1ybzpk2._.js:2489
[ 1081055ms] [LOG] [Fast Refresh] rebuilding @ http://localhost:3000/_next/static/chunks/node_modules_next_dist_1ybzpk2._.js:2489
[ 1081140ms] [LOG] [Fast Refresh] done in 90ms @ http://localhost:3000/_next/static/chunks/node_modules_next_dist_1ybzpk2._.js:2489
[ 1099041ms] [INFO] %cDownload the React DevTools for a better development experience: https://react.dev/link/react-devtools font-weight:bold @ http://localhost:3000/_next/static/chunks/node_modules_next_dist_1ybzpk2._.js:2489
[ 1099047ms] [LOG] [HMR] connected @ http://localhost:3000/_next/static/chunks/node_modules_next_dist_1ybzpk2._.js:2489
[ 1099317ms] [WARNING] THREE.Clock: This module has been deprecated. Please use THREE.Timer instead. @ http://localhost:3000/_next/static/chunks/node_modules_next_dist_1ybzpk2._.js:2489
[ 1099338ms] [WARNING] THREE.WebGLShadowMap: PCFSoftShadowMap has been deprecated. Using PCFShadowMap instead. @ http://localhost:3000/_next/static/chunks/node_modules_next_dist_1ybzpk2._.js:2489
[ 1099486ms] [ERROR] Failed to load resource: the server responded with a status of 404 (Not Found) @ http://localhost:3000/video/ch4-intro.mp4:0
[ 1099515ms] [ERROR] Failed to load resource: the server responded with a status of 404 (Not Found) @ http://localhost:3000/video/ch5-intro.mp4:0
[ 1100763ms] [WARNING] THREE.WebGLShadowMap: PCFSoftShadowMap has been deprecated. Using PCFShadowMap instead. @ http://localhost:3000/_next/static/chunks/node_modules_next_dist_1ybzpk2._.js:2489
[ 1111717ms] [ERROR] WebSocket connection to 'ws://localhost:3000/_next/webpack-hmr?id=IvUhi2Tn0yV7EFDJ5BYUp' failed:  @ http://localhost:3000/_next/static/chunks/node_modules_next_dist_client_0r5nbpw._.js:13422
[ 1111717ms] [WARNING] WebGL: CONTEXT_LOST_WEBGL: loseContext: context lost @ http://localhost:3000/:0
