[     111ms] [INFO] %cDownload the React DevTools for a better development experience: https://react.dev/link/react-devtools font-weight:bold @ http://localhost:3000/_next/static/chunks/node_modules_next_dist_1ybzpk2._.js:2489
[     122ms] [LOG] [HMR] connected @ http://localhost:3000/_next/static/chunks/node_modules_next_dist_1ybzpk2._.js:2489
[     235ms] [LOG] [Fast Refresh] rebuilding @ http://localhost:3000/_next/static/chunks/node_modules_next_dist_1ybzpk2._.js:2489
[     235ms] [LOG] [Fast Refresh] done in 101ms @ http://localhost:3000/_next/static/chunks/node_modules_next_dist_1ybzpk2._.js:2489
[     383ms] [WARNING] THREE.Clock: This module has been deprecated. Please use THREE.Timer instead. @ http://localhost:3000/_next/static/chunks/node_modules_next_dist_1ybzpk2._.js:2489
[     420ms] [WARNING] THREE.WebGLShadowMap: PCFSoftShadowMap has been deprecated. Using PCFShadowMap instead. @ http://localhost:3000/_next/static/chunks/node_modules_next_dist_1ybzpk2._.js:2489
[     678ms] [ERROR] Failed to load resource: the server responded with a status of 404 (Not Found) @ http://localhost:3000/video/ch2-intro.mp4:0
[     704ms] [ERROR] Failed to load resource: the server responded with a status of 404 (Not Found) @ http://localhost:3000/video/ch3-intro.mp4:0
[   14466ms] [WARNING] THREE.WebGLShadowMap: PCFSoftShadowMap has been deprecated. Using PCFShadowMap instead. @ http://localhost:3000/_next/static/chunks/node_modules_next_dist_1ybzpk2._.js:2489
[   14535ms] [INFO] %cDownload the React DevTools for a better development experience: https://react.dev/link/react-devtools font-weight:bold @ http://localhost:3000/_next/static/chunks/node_modules_next_dist_1ybzpk2._.js:2489
[   14542ms] [LOG] [HMR] connected @ http://localhost:3000/_next/static/chunks/node_modules_next_dist_1ybzpk2._.js:2489
[   14799ms] [ERROR] Failed to load resource: the server responded with a status of 404 (Not Found) @ http://localhost:3000/video/ch2-intro.mp4:0
[   14802ms] [WARNING] THREE.Clock: This module has been deprecated. Please use THREE.Timer instead. @ http://localhost:3000/_next/static/chunks/node_modules_next_dist_1ybzpk2._.js:2489
[   14816ms] [WARNING] THREE.WebGLShadowMap: PCFSoftShadowMap has been deprecated. Using PCFShadowMap instead. @ http://localhost:3000/_next/static/chunks/node_modules_next_dist_1ybzpk2._.js:2489
[   14837ms] [ERROR] Failed to load resource: the server responded with a status of 404 (Not Found) @ http://localhost:3000/video/ch3-intro.mp4:0
[   14878ms] [LOG] [Fast Refresh] rebuilding @ http://localhost:3000/_next/static/chunks/node_modules_next_dist_1ybzpk2._.js:2489
[   14925ms] [LOG] [Fast Refresh] done in 148ms @ http://localhost:3000/_next/static/chunks/node_modules_next_dist_1ybzpk2._.js:2489
[   17697ms] [WARNING] THREE.WebGLShadowMap: PCFSoftShadowMap has been deprecated. Using PCFShadowMap instead. @ http://localhost:3000/_next/static/chunks/node_modules_next_dist_1ybzpk2._.js:2489
[   20421ms] [WARNING] THREE.WebGLShadowMap: PCFSoftShadowMap has been deprecated. Using PCFShadowMap instead. @ http://localhost:3000/_next/static/chunks/node_modules_next_dist_1ybzpk2._.js:2489
[   21337ms] [WARNING] THREE.WebGLShadowMap: PCFSoftShadowMap has been deprecated. Using PCFShadowMap instead. @ http://localhost:3000/_next/static/chunks/node_modules_next_dist_1ybzpk2._.js:2489
[   22172ms] [WARNING] THREE.WebGLShadowMap: PCFSoftShadowMap has been deprecated. Using PCFShadowMap instead. @ http://localhost:3000/_next/static/chunks/node_modules_next_dist_1ybzpk2._.js:2489
[   24397ms] [WARNING] THREE.WebGLShadowMap: PCFSoftShadowMap has been deprecated. Using PCFShadowMap instead. @ http://localhost:3000/_next/static/chunks/node_modules_next_dist_1ybzpk2._.js:2489
[   25295ms] [WARNING] THREE.WebGLShadowMap: PCFSoftShadowMap has been deprecated. Using PCFShadowMap instead. @ http://localhost:3000/_next/static/chunks/node_modules_next_dist_1ybzpk2._.js:2489
[   35324ms] [WARNING] THREE.WebGLShadowMap: PCFSoftShadowMap has been deprecated. Using PCFShadowMap instead. @ http://localhost:3000/_next/static/chunks/node_modules_next_dist_1ybzpk2._.js:2489
[   35344ms] [WARNING] THREE.WebGLShadowMap: PCFSoftShadowMap has been deprecated. Using PCFShadowMap instead. @ http://localhost:3000/_next/static/chunks/node_modules_next_dist_1ybzpk2._.js:2489
[  125985ms] [LOG] [Fast Refresh] rebuilding @ http://localhost:3000/_next/static/chunks/node_modules_next_dist_1ybzpk2._.js:2489
[  126056ms] [LOG] [Fast Refresh] done in 157ms @ http://localhost:3000/_next/static/chunks/node_modules_next_dist_1ybzpk2._.js:2489
[  301794ms] [LOG] [Fast Refresh] rebuilding @ http://localhost:3000/_next/static/chunks/node_modules_next_dist_1ybzpk2._.js:2489
[  301834ms] [LOG] [Fast Refresh] done in 114ms @ http://localhost:3000/_next/static/chunks/node_modules_next_dist_1ybzpk2._.js:2489
[  312583ms] [LOG] [Fast Refresh] rebuilding @ http://localhost:3000/_next/static/chunks/node_modules_next_dist_1ybzpk2._.js:2489
[  312610ms] [LOG] [Fast Refresh] done in 40ms @ http://localhost:3000/_next/static/chunks/node_modules_next_dist_1ybzpk2._.js:2489
[  336345ms] [LOG] [Fast Refresh] rebuilding @ http://localhost:3000/_next/static/chunks/node_modules_next_dist_1ybzpk2._.js:2489
[  336347ms] [ERROR] The final argument passed to %s changed size between renders. The order and size of this array must remain constant.

Previous: %s
Incoming: %s useEffect [true, [object Object], true] [true, [object Object], true, false] @ http://localhost:3000/_next/static/chunks/node_modules_next_dist_1ybzpk2._.js:3330
[  336387ms] [LOG] [Fast Refresh] done in 39ms @ http://localhost:3000/_next/static/chunks/node_modules_next_dist_1ybzpk2._.js:2489
[  356204ms] [LOG] [Fast Refresh] rebuilding @ http://localhost:3000/_next/static/chunks/node_modules_next_dist_1ybzpk2._.js:2489
[  356229ms] [LOG] [Fast Refresh] done in 40ms @ http://localhost:3000/_next/static/chunks/node_modules_next_dist_1ybzpk2._.js:2489
[  365367ms] [LOG] [Fast Refresh] rebuilding @ http://localhost:3000/_next/static/chunks/node_modules_next_dist_1ybzpk2._.js:2489
[  365386ms] [LOG] [Fast Refresh] done in 53ms @ http://localhost:3000/_next/static/chunks/node_modules_next_dist_1ybzpk2._.js:2489
[  387121ms] [LOG] [Fast Refresh] rebuilding @ http://localhost:3000/_next/static/chunks/node_modules_next_dist_1ybzpk2._.js:2489
[  387178ms] [LOG] [Fast Refresh] done in 135ms @ http://localhost:3000/_next/static/chunks/node_modules_next_dist_1ybzpk2._.js:2489
[  413305ms] [INFO] %cDownload the React DevTools for a better development experience: https://react.dev/link/react-devtools font-weight:bold @ http://localhost:3000/_next/static/chunks/node_modules_next_dist_1ybzpk2._.js:2489
[  413314ms] [LOG] [HMR] connected @ http://localhost:3000/_next/static/chunks/node_modules_next_dist_1ybzpk2._.js:2489
[  413525ms] [ERROR] Failed to load resource: the server responded with a status of 404 (Not Found) @ http://localhost:3000/video/ch2-intro.mp4:0
[  413546ms] [WARNING] THREE.Clock: This module has been deprecated. Please use THREE.Timer instead. @ http://localhost:3000/_next/static/chunks/node_modules_next_dist_1ybzpk2._.js:2489
[  413559ms] [ERROR] Failed to load resource: the server responded with a status of 404 (Not Found) @ http://localhost:3000/video/ch3-intro.mp4:0
[  413590ms] [WARNING] THREE.WebGLShadowMap: PCFSoftShadowMap has been deprecated. Using PCFShadowMap instead. @ http://localhost:3000/_next/static/chunks/node_modules_next_dist_1ybzpk2._.js:2489
[  416982ms] [WARNING] THREE.WebGLShadowMap: PCFSoftShadowMap has been deprecated. Using PCFShadowMap instead. @ http://localhost:3000/_next/static/chunks/node_modules_next_dist_1ybzpk2._.js:2489
[  493659ms] [LOG] [HMR] connected @ http://localhost:3000/_next/static/chunks/node_modules_next_dist_1ybzpk2._.js:2489
[  494194ms] [INFO] %cDownload the React DevTools for a better development experience: https://react.dev/link/react-devtools font-weight:bold @ http://localhost:3000/_next/static/chunks/node_modules_next_dist_1ybzpk2._.js:2489
[  494207ms] [LOG] [HMR] connected @ http://localhost:3000/_next/static/chunks/node_modules_next_dist_1ybzpk2._.js:2489
[  494322ms] [WARNING] THREE.Clock: This module has been deprecated. Please use THREE.Timer instead. @ http://localhost:3000/_next/static/chunks/node_modules_next_dist_1ybzpk2._.js:2489
[  494373ms] [WARNING] THREE.WebGLShadowMap: PCFSoftShadowMap has been deprecated. Using PCFShadowMap instead. @ http://localhost:3000/_next/static/chunks/node_modules_next_dist_1ybzpk2._.js:2489
[  494492ms] [ERROR] Failed to load resource: the server responded with a status of 404 (Not Found) @ http://localhost:3000/video/ch2-intro.mp4:0
[  494766ms] [ERROR] Failed to load resource: the server responded with a status of 404 (Not Found) @ http://localhost:3000/video/ch3-intro.mp4:0
[  568410ms] [INFO] %cDownload the React DevTools for a better development experience: https://react.dev/link/react-devtools font-weight:bold @ http://localhost:3000/_next/static/chunks/node_modules_next_dist_1ybzpk2._.js:2489
[  568418ms] [LOG] [HMR] connected @ http://localhost:3000/_next/static/chunks/node_modules_next_dist_1ybzpk2._.js:2489
[  568646ms] [ERROR] Failed to load resource: the server responded with a status of 404 (Not Found) @ http://localhost:3000/video/ch2-intro.mp4:0
[  568648ms] [WARNING] THREE.Clock: This module has been deprecated. Please use THREE.Timer instead. @ http://localhost:3000/_next/static/chunks/node_modules_next_dist_1ybzpk2._.js:2489
[  568663ms] [WARNING] THREE.WebGLShadowMap: PCFSoftShadowMap has been deprecated. Using PCFShadowMap instead. @ http://localhost:3000/_next/static/chunks/node_modules_next_dist_1ybzpk2._.js:2489
[  568729ms] [ERROR] Failed to load resource: the server responded with a status of 404 (Not Found) @ http://localhost:3000/video/ch3-intro.mp4:0
[  572061ms] [WARNING] THREE.WebGLShadowMap: PCFSoftShadowMap has been deprecated. Using PCFShadowMap instead. @ http://localhost:3000/_next/static/chunks/node_modules_next_dist_1ybzpk2._.js:2489
[  596837ms] [INFO] %cDownload the React DevTools for a better development experience: https://react.dev/link/react-devtools font-weight:bold @ http://localhost:3000/_next/static/chunks/node_modules_next_dist_1ybzpk2._.js:2489
[  596844ms] [LOG] [HMR] connected @ http://localhost:3000/_next/static/chunks/node_modules_next_dist_1ybzpk2._.js:2489
[  597100ms] [ERROR] Failed to load resource: the server responded with a status of 404 (Not Found) @ http://localhost:3000/video/ch2-intro.mp4:0
[  597115ms] [WARNING] THREE.Clock: This module has been deprecated. Please use THREE.Timer instead. @ http://localhost:3000/_next/static/chunks/node_modules_next_dist_1ybzpk2._.js:2489
[  597123ms] [ERROR] Failed to load resource: the server responded with a status of 404 (Not Found) @ http://localhost:3000/video/ch3-intro.mp4:0
[  597129ms] [WARNING] THREE.WebGLShadowMap: PCFSoftShadowMap has been deprecated. Using PCFShadowMap instead. @ http://localhost:3000/_next/static/chunks/node_modules_next_dist_1ybzpk2._.js:2489
[  600469ms] [WARNING] THREE.WebGLShadowMap: PCFSoftShadowMap has been deprecated. Using PCFShadowMap instead. @ http://localhost:3000/_next/static/chunks/node_modules_next_dist_1ybzpk2._.js:2489
[  715676ms] [LOG] [Fast Refresh] rebuilding @ http://localhost:3000/_next/static/chunks/node_modules_next_dist_1ybzpk2._.js:2489
[  715722ms] [LOG] [Fast Refresh] done in 148ms @ http://localhost:3000/_next/static/chunks/node_modules_next_dist_1ybzpk2._.js:2489
[  738061ms] [LOG] [Fast Refresh] rebuilding @ http://localhost:3000/_next/static/chunks/node_modules_next_dist_1ybzpk2._.js:2489
[  738202ms] [ERROR] %o

%s ReferenceError: elRef is not defined
    at MissionBrief (http://localhost:3000/_next/static/chunks/src_0t0g3nm._.js?id=%255Bproject%255D%252Fsrc%252Fui%252FMissionBrief.tsx+%255Bapp-client%255D+%2528ecmascript%2529:314:22)
    at Object.react_stack_bottom_frame (http://localhost:3000/_next/static/chunks/node_modules_next_dist_compiled_react-dom_096_9a-._.js:15037:24)
    at renderWithHooks (http://localhost:3000/_next/static/chunks/node_modules_next_dist_compiled_react-dom_096_9a-._.js:4620:24)
    at updateFunctionComponent (http://localhost:3000/_next/static/chunks/node_modules_next_dist_compiled_react-dom_096_9a-._.js:6081:21)
    at beginWork (http://localhost:3000/_next/static/chunks/node_modules_next_dist_compiled_react-dom_096_9a-._.js:6691:24)
    at runWithFiberInDEV (http://localhost:3000/_next/static/chunks/node_modules_next_dist_compiled_react-dom_096_9a-._.js:965:74)
    at performUnitOfWork (http://localhost:3000/_next/static/chunks/node_modules_next_dist_compiled_react-dom_096_9a-._.js:9555:97)
    at workLoopSync (http://localhost:3000/_next/static/chunks/node_modules_next_dist_compiled_react-dom_096_9a-._.js:9449:40)
    at renderRootSync (http://localhost:3000/_next/static/chunks/node_modules_next_dist_compiled_react-dom_096_9a-._.js:9433:13)
    at performWorkOnRoot (http://localhost:3000/_next/static/chunks/node_modules_next_dist_compiled_react-dom_096_9a-._.js:9098:47)
    at performSyncWorkOnRoot (http://localhost:3000/_next/static/chunks/node_modules_next_dist_compiled_react-dom_096_9a-._.js:10263:9)
    at flushSyncWorkAcrossRoots_impl (http://localhost:3000/_next/static/chunks/node_modules_next_dist_compiled_react-dom_096_9a-._.js:10179:316)
    at flushSyncWork$1 (http://localhost:3000/_next/static/chunks/node_modules_next_dist_compiled_react-dom_096_9a-._.js:9230:86)
    at Object.scheduleRefresh (http://localhost:3000/_next/static/chunks/node_modules_next_dist_compiled_react-dom_096_9a-._.js:299:13)
    at http://localhost:3000/_next/static/chunks/node_modules_next_dist_compiled_1amofcm._.js:391:33
    at Set.forEach (<anonymous>)
    at Object.performReactRefresh (http://localhost:3000/_next/static/chunks/node_modules_next_dist_compiled_1amofcm._.js:384:38)
    at applyUpdate (http://localhost:3000/_next/static/chunks/node_modules_next_dist_compiled_1amofcm._.js:878:31)
    at http://localhost:3000/_next/static/chunks/node_modules_next_dist_compiled_1amofcm._.js:886:13 The above error occurred in the <MissionBrief> component. It was handled by the <ErrorBoundary> error boundary. @ http://localhost:3000/_next/static/chunks/node_modules_next_dist_client_0r5nbpw._.js:1998
[  738204ms] [ERROR] [eow] boundary caught: ReferenceError: elRef is not defined
    at MissionBrief (http://localhost:3000/_next/static/chunks/src_0t0g3nm._.js?id=%255Bproject%255D%252Fsrc%252Fui%252FMissionBrief.tsx+%255Bapp-client%255D+%2528ecmascript%2529:314:22)
    at Object.react_stack_bottom_frame (http://localhost:3000/_next/static/chunks/node_modules_next_dist_compiled_react-dom_096_9a-._.js:15037:24)
    at renderWithHooks (http://localhost:3000/_next/static/chunks/node_modules_next_dist_compiled_react-dom_096_9a-._.js:4620:24)
    at updateFunctionComponent (http://localhost:3000/_next/static/chunks/node_modules_next_dist_compiled_react-dom_096_9a-._.js:6081:21)
    at beginWork (http://localhost:3000/_next/static/chunks/node_modules_next_dist_compiled_react-dom_096_9a-._.js:6691:24)
    at runWithFiberInDEV (http://localhost:3000/_next/static/chunks/node_modules_next_dist_compiled_react-dom_096_9a-._.js:965:74)
    at performUnitOfWork (http://localhost:3000/_next/static/chunks/node_modules_next_dist_compiled_react-dom_096_9a-._.js:9555:97)
    at workLoopSync (http://localhost:3000/_next/static/chunks/node_modules_next_dist_compiled_react-dom_096_9a-._.js:9449:40)
    at renderRootSync (http://localhost:3000/_next/static/chunks/node_modules_next_dist_compiled_react-dom_096_9a-._.js:9433:13)
    at performWorkOnRoot (http://localhost:3000/_next/static/chunks/node_modules_next_dist_compiled_react-dom_096_9a-._.js:9098:47)
    at performSyncWorkOnRoot (http://localhost:3000/_next/static/chunks/node_modules_next_dist_compiled_react-dom_096_9a-._.js:10263:9)
    at flushSyncWorkAcrossRoots_impl (http://localhost:3000/_next/static/chunks/node_modules_next_dist_compiled_react-dom_096_9a-._.js:10179:316)
    at flushSyncWork$1 (http://localhost:3000/_next/static/chunks/node_modules_next_dist_compiled_react-dom_096_9a-._.js:9230:86)
    at Object.scheduleRefresh (http://localhost:3000/_next/static/chunks/node_modules_next_dist_compiled_react-dom_096_9a-._.js:299:13)
    at http://localhost:3000/_next/static/chunks/node_modules_next_dist_compiled_1amofcm._.js:391:33
    at Set.forEach (<anonymous>)
    at Object.performReactRefresh (http://localhost:3000/_next/static/chunks/node_modules_next_dist_compiled_1amofcm._.js:384:38)
    at applyUpdate (http://localhost:3000/_next/static/chunks/node_modules_next_dist_compiled_1amofcm._.js:878:31)
    at http://localhost:3000/_next/static/chunks/node_modules_next_dist_compiled_1amofcm._.js:886:13 @ http://localhost:3000/_next/static/chunks/node_modules_next_dist_1ybzpk2._.js:3330
[  738214ms] [LOG] [Fast Refresh] done in 232ms @ http://localhost:3000/_next/static/chunks/node_modules_next_dist_1ybzpk2._.js:2489
[  749628ms] [LOG] [Fast Refresh] rebuilding @ http://localhost:3000/_next/static/chunks/node_modules_next_dist_1ybzpk2._.js:2489
[  749632ms] [ERROR] %o

%s ReferenceError: elRef is not defined
    at MissionBrief (http://localhost:3000/_next/static/chunks/src_0t0g3nm._.js?id=%255Bproject%255D%252Fsrc%252Fui%252FMissionBrief.tsx+%255Bapp-client%255D+%2528ecmascript%2529:314:22)
    at Object.react_stack_bottom_frame (http://localhost:3000/_next/static/chunks/node_modules_next_dist_compiled_react-dom_096_9a-._.js:15037:24)
    at renderWithHooks (http://localhost:3000/_next/static/chunks/node_modules_next_dist_compiled_react-dom_096_9a-._.js:4620:24)
    at updateFunctionComponent (http://localhost:3000/_next/static/chunks/node_modules_next_dist_compiled_react-dom_096_9a-._.js:6081:21)
    at beginWork (http://localhost:3000/_next/static/chunks/node_modules_next_dist_compiled_react-dom_096_9a-._.js:6691:24)
    at runWithFiberInDEV (http://localhost:3000/_next/static/chunks/node_modules_next_dist_compiled_react-dom_096_9a-._.js:965:74)
    at performUnitOfWork (http://localhost:3000/_next/static/chunks/node_modules_next_dist_compiled_react-dom_096_9a-._.js:9555:97)
    at workLoopSync (http://localhost:3000/_next/static/chunks/node_modules_next_dist_compiled_react-dom_096_9a-._.js:9449:40)
    at renderRootSync (http://localhost:3000/_next/static/chunks/node_modules_next_dist_compiled_react-dom_096_9a-._.js:9433:13)
    at performWorkOnRoot (http://localhost:3000/_next/static/chunks/node_modules_next_dist_compiled_react-dom_096_9a-._.js:9098:47)
    at performSyncWorkOnRoot (http://localhost:3000/_next/static/chunks/node_modules_next_dist_compiled_react-dom_096_9a-._.js:10263:9)
    at flushSyncWorkAcrossRoots_impl (http://localhost:3000/_next/static/chunks/node_modules_next_dist_compiled_react-dom_096_9a-._.js:10179:316)
    at flushSyncWork$1 (http://localhost:3000/_next/static/chunks/node_modules_next_dist_compiled_react-dom_096_9a-._.js:9230:86)
    at Object.scheduleRefresh (http://localhost:3000/_next/static/chunks/node_modules_next_dist_compiled_react-dom_096_9a-._.js:299:13)
    at http://localhost:3000/_next/static/chunks/node_modules_next_dist_compiled_1amofcm._.js:391:33
    at Set.forEach (<anonymous>)
    at Object.performReactRefresh (http://localhost:3000/_next/static/chunks/node_modules_next_dist_compiled_1amofcm._.js:384:38)
    at applyUpdate (http://localhost:3000/_next/static/chunks/node_modules_next_dist_compiled_1amofcm._.js:878:31)
    at http://localhost:3000/_next/static/chunks/node_modules_next_dist_compiled_1amofcm._.js:886:13 The above error occurred in the <MissionBrief> component. It was handled by the <ErrorBoundary> error boundary. @ http://localhost:3000/_next/static/chunks/node_modules_next_dist_client_0r5nbpw._.js:1998
[  749632ms] [ERROR] [eow] boundary caught: ReferenceError: elRef is not defined
    at MissionBrief (http://localhost:3000/_next/static/chunks/src_0t0g3nm._.js?id=%255Bproject%255D%252Fsrc%252Fui%252FMissionBrief.tsx+%255Bapp-client%255D+%2528ecmascript%2529:314:22)
    at Object.react_stack_bottom_frame (http://localhost:3000/_next/static/chunks/node_modules_next_dist_compiled_react-dom_096_9a-._.js:15037:24)
    at renderWithHooks (http://localhost:3000/_next/static/chunks/node_modules_next_dist_compiled_react-dom_096_9a-._.js:4620:24)
    at updateFunctionComponent (http://localhost:3000/_next/static/chunks/node_modules_next_dist_compiled_react-dom_096_9a-._.js:6081:21)
    at beginWork (http://localhost:3000/_next/static/chunks/node_modules_next_dist_compiled_react-dom_096_9a-._.js:6691:24)
    at runWithFiberInDEV (http://localhost:3000/_next/static/chunks/node_modules_next_dist_compiled_react-dom_096_9a-._.js:965:74)
    at performUnitOfWork (http://localhost:3000/_next/static/chunks/node_modules_next_dist_compiled_react-dom_096_9a-._.js:9555:97)
    at workLoopSync (http://localhost:3000/_next/static/chunks/node_modules_next_dist_compiled_react-dom_096_9a-._.js:9449:40)
    at renderRootSync (http://localhost:3000/_next/static/chunks/node_modules_next_dist_compiled_react-dom_096_9a-._.js:9433:13)
    at performWorkOnRoot (http://localhost:3000/_next/static/chunks/node_modules_next_dist_compiled_react-dom_096_9a-._.js:9098:47)
    at performSyncWorkOnRoot (http://localhost:3000/_next/static/chunks/node_modules_next_dist_compiled_react-dom_096_9a-._.js:10263:9)
    at flushSyncWorkAcrossRoots_impl (http://localhost:3000/_next/static/chunks/node_modules_next_dist_compiled_react-dom_096_9a-._.js:10179:316)
    at flushSyncWork$1 (http://localhost:3000/_next/static/chunks/node_modules_next_dist_compiled_react-dom_096_9a-._.js:9230:86)
    at Object.scheduleRefresh (http://localhost:3000/_next/static/chunks/node_modules_next_dist_compiled_react-dom_096_9a-._.js:299:13)
    at http://localhost:3000/_next/static/chunks/node_modules_next_dist_compiled_1amofcm._.js:391:33
    at Set.forEach (<anonymous>)
    at Object.performReactRefresh (http://localhost:3000/_next/static/chunks/node_modules_next_dist_compiled_1amofcm._.js:384:38)
    at applyUpdate (http://localhost:3000/_next/static/chunks/node_modules_next_dist_compiled_1amofcm._.js:878:31)
    at http://localhost:3000/_next/static/chunks/node_modules_next_dist_compiled_1amofcm._.js:886:13 @ http://localhost:3000/_next/static/chunks/node_modules_next_dist_1ybzpk2._.js:3330
[  749675ms] [LOG] [Fast Refresh] done in 34ms @ http://localhost:3000/_next/static/chunks/node_modules_next_dist_1ybzpk2._.js:2489
[  763079ms] [LOG] [Fast Refresh] rebuilding @ http://localhost:3000/_next/static/chunks/node_modules_next_dist_1ybzpk2._.js:2489
[  763082ms] [ERROR] %o

%s ReferenceError: elRef is not defined
    at MissionBrief (http://localhost:3000/_next/static/chunks/src_0t0g3nm._.js?id=%255Bproject%255D%252Fsrc%252Fui%252FMissionBrief.tsx+%255Bapp-client%255D+%2528ecmascript%2529:312:22)
    at Object.react_stack_bottom_frame (http://localhost:3000/_next/static/chunks/node_modules_next_dist_compiled_react-dom_096_9a-._.js:15037:24)
    at renderWithHooks (http://localhost:3000/_next/static/chunks/node_modules_next_dist_compiled_react-dom_096_9a-._.js:4620:24)
    at updateFunctionComponent (http://localhost:3000/_next/static/chunks/node_modules_next_dist_compiled_react-dom_096_9a-._.js:6081:21)
    at beginWork (http://localhost:3000/_next/static/chunks/node_modules_next_dist_compiled_react-dom_096_9a-._.js:6691:24)
    at runWithFiberInDEV (http://localhost:3000/_next/static/chunks/node_modules_next_dist_compiled_react-dom_096_9a-._.js:965:74)
    at performUnitOfWork (http://localhost:3000/_next/static/chunks/node_modules_next_dist_compiled_react-dom_096_9a-._.js:9555:97)
    at workLoopSync (http://localhost:3000/_next/static/chunks/node_modules_next_dist_compiled_react-dom_096_9a-._.js:9449:40)
    at renderRootSync (http://localhost:3000/_next/static/chunks/node_modules_next_dist_compiled_react-dom_096_9a-._.js:9433:13)
    at performWorkOnRoot (http://localhost:3000/_next/static/chunks/node_modules_next_dist_compiled_react-dom_096_9a-._.js:9098:47)
    at performSyncWorkOnRoot (http://localhost:3000/_next/static/chunks/node_modules_next_dist_compiled_react-dom_096_9a-._.js:10263:9)
    at flushSyncWorkAcrossRoots_impl (http://localhost:3000/_next/static/chunks/node_modules_next_dist_compiled_react-dom_096_9a-._.js:10179:316)
    at flushSyncWork$1 (http://localhost:3000/_next/static/chunks/node_modules_next_dist_compiled_react-dom_096_9a-._.js:9230:86)
    at Object.scheduleRefresh (http://localhost:3000/_next/static/chunks/node_modules_next_dist_compiled_react-dom_096_9a-._.js:299:13)
    at http://localhost:3000/_next/static/chunks/node_modules_next_dist_compiled_1amofcm._.js:391:33
    at Set.forEach (<anonymous>)
    at Object.performReactRefresh (http://localhost:3000/_next/static/chunks/node_modules_next_dist_compiled_1amofcm._.js:384:38)
    at applyUpdate (http://localhost:3000/_next/static/chunks/node_modules_next_dist_compiled_1amofcm._.js:878:31)
    at http://localhost:3000/_next/static/chunks/node_modules_next_dist_compiled_1amofcm._.js:886:13 The above error occurred in the <MissionBrief> component. It was handled by the <ErrorBoundary> error boundary. @ http://localhost:3000/_next/static/chunks/node_modules_next_dist_client_0r5nbpw._.js:1998
[  763082ms] [ERROR] [eow] boundary caught: ReferenceError: elRef is not defined
    at MissionBrief (http://localhost:3000/_next/static/chunks/src_0t0g3nm._.js?id=%255Bproject%255D%252Fsrc%252Fui%252FMissionBrief.tsx+%255Bapp-client%255D+%2528ecmascript%2529:312:22)
    at Object.react_stack_bottom_frame (http://localhost:3000/_next/static/chunks/node_modules_next_dist_compiled_react-dom_096_9a-._.js:15037:24)
    at renderWithHooks (http://localhost:3000/_next/static/chunks/node_modules_next_dist_compiled_react-dom_096_9a-._.js:4620:24)
    at updateFunctionComponent (http://localhost:3000/_next/static/chunks/node_modules_next_dist_compiled_react-dom_096_9a-._.js:6081:21)
    at beginWork (http://localhost:3000/_next/static/chunks/node_modules_next_dist_compiled_react-dom_096_9a-._.js:6691:24)
    at runWithFiberInDEV (http://localhost:3000/_next/static/chunks/node_modules_next_dist_compiled_react-dom_096_9a-._.js:965:74)
    at performUnitOfWork (http://localhost:3000/_next/static/chunks/node_modules_next_dist_compiled_react-dom_096_9a-._.js:9555:97)
    at workLoopSync (http://localhost:3000/_next/static/chunks/node_modules_next_dist_compiled_react-dom_096_9a-._.js:9449:40)
    at renderRootSync (http://localhost:3000/_next/static/chunks/node_modules_next_dist_compiled_react-dom_096_9a-._.js:9433:13)
    at performWorkOnRoot (http://localhost:3000/_next/static/chunks/node_modules_next_dist_compiled_react-dom_096_9a-._.js:9098:47)
    at performSyncWorkOnRoot (http://localhost:3000/_next/static/chunks/node_modules_next_dist_compiled_react-dom_096_9a-._.js:10263:9)
    at flushSyncWorkAcrossRoots_impl (http://localhost:3000/_next/static/chunks/node_modules_next_dist_compiled_react-dom_096_9a-._.js:10179:316)
    at flushSyncWork$1 (http://localhost:3000/_next/static/chunks/node_modules_next_dist_compiled_react-dom_096_9a-._.js:9230:86)
    at Object.scheduleRefresh (http://localhost:3000/_next/static/chunks/node_modules_next_dist_compiled_react-dom_096_9a-._.js:299:13)
    at http://localhost:3000/_next/static/chunks/node_modules_next_dist_compiled_1amofcm._.js:391:33
    at Set.forEach (<anonymous>)
    at Object.performReactRefresh (http://localhost:3000/_next/static/chunks/node_modules_next_dist_compiled_1amofcm._.js:384:38)
    at applyUpdate (http://localhost:3000/_next/static/chunks/node_modules_next_dist_compiled_1amofcm._.js:878:31)
    at http://localhost:3000/_next/static/chunks/node_modules_next_dist_compiled_1amofcm._.js:886:13 @ http://localhost:3000/_next/static/chunks/node_modules_next_dist_1ybzpk2._.js:3330
[  763131ms] [LOG] [Fast Refresh] done in 42ms @ http://localhost:3000/_next/static/chunks/node_modules_next_dist_1ybzpk2._.js:2489
[  781908ms] [LOG] [Fast Refresh] rebuilding @ http://localhost:3000/_next/static/chunks/node_modules_next_dist_1ybzpk2._.js:2489
[  781914ms] [ERROR] %o

%s ReferenceError: elRef is not defined
    at MissionBrief (http://localhost:3000/_next/static/chunks/src_0t0g3nm._.js?id=%255Bproject%255D%252Fsrc%252Fui%252FMissionBrief.tsx+%255Bapp-client%255D+%2528ecmascript%2529:315:22)
    at Object.react_stack_bottom_frame (http://localhost:3000/_next/static/chunks/node_modules_next_dist_compiled_react-dom_096_9a-._.js:15037:24)
    at renderWithHooks (http://localhost:3000/_next/static/chunks/node_modules_next_dist_compiled_react-dom_096_9a-._.js:4620:24)
    at updateFunctionComponent (http://localhost:3000/_next/static/chunks/node_modules_next_dist_compiled_react-dom_096_9a-._.js:6081:21)
    at beginWork (http://localhost:3000/_next/static/chunks/node_modules_next_dist_compiled_react-dom_096_9a-._.js:6691:24)
    at runWithFiberInDEV (http://localhost:3000/_next/static/chunks/node_modules_next_dist_compiled_react-dom_096_9a-._.js:965:74)
    at performUnitOfWork (http://localhost:3000/_next/static/chunks/node_modules_next_dist_compiled_react-dom_096_9a-._.js:9555:97)
    at workLoopSync (http://localhost:3000/_next/static/chunks/node_modules_next_dist_compiled_react-dom_096_9a-._.js:9449:40)
    at renderRootSync (http://localhost:3000/_next/static/chunks/node_modules_next_dist_compiled_react-dom_096_9a-._.js:9433:13)
    at performWorkOnRoot (http://localhost:3000/_next/static/chunks/node_modules_next_dist_compiled_react-dom_096_9a-._.js:9098:47)
    at performSyncWorkOnRoot (http://localhost:3000/_next/static/chunks/node_modules_next_dist_compiled_react-dom_096_9a-._.js:10263:9)
    at flushSyncWorkAcrossRoots_impl (http://localhost:3000/_next/static/chunks/node_modules_next_dist_compiled_react-dom_096_9a-._.js:10179:316)
    at flushSyncWork$1 (http://localhost:3000/_next/static/chunks/node_modules_next_dist_compiled_react-dom_096_9a-._.js:9230:86)
    at Object.scheduleRefresh (http://localhost:3000/_next/static/chunks/node_modules_next_dist_compiled_react-dom_096_9a-._.js:299:13)
    at http://localhost:3000/_next/static/chunks/node_modules_next_dist_compiled_1amofcm._.js:391:33
    at Set.forEach (<anonymous>)
    at Object.performReactRefresh (http://localhost:3000/_next/static/chunks/node_modules_next_dist_compiled_1amofcm._.js:384:38)
    at applyUpdate (http://localhost:3000/_next/static/chunks/node_modules_next_dist_compiled_1amofcm._.js:878:31)
    at http://localhost:3000/_next/static/chunks/node_modules_next_dist_compiled_1amofcm._.js:886:13 The above error occurred in the <MissionBrief> component. It was handled by the <ErrorBoundary> error boundary. @ http://localhost:3000/_next/static/chunks/node_modules_next_dist_client_0r5nbpw._.js:1998
[  781914ms] [ERROR] [eow] boundary caught: ReferenceError: elRef is not defined
    at MissionBrief (http://localhost:3000/_next/static/chunks/src_0t0g3nm._.js?id=%255Bproject%255D%252Fsrc%252Fui%252FMissionBrief.tsx+%255Bapp-client%255D+%2528ecmascript%2529:315:22)
    at Object.react_stack_bottom_frame (http://localhost:3000/_next/static/chunks/node_modules_next_dist_compiled_react-dom_096_9a-._.js:15037:24)
    at renderWithHooks (http://localhost:3000/_next/static/chunks/node_modules_next_dist_compiled_react-dom_096_9a-._.js:4620:24)
    at updateFunctionComponent (http://localhost:3000/_next/static/chunks/node_modules_next_dist_compiled_react-dom_096_9a-._.js:6081:21)
    at beginWork (http://localhost:3000/_next/static/chunks/node_modules_next_dist_compiled_react-dom_096_9a-._.js:6691:24)
    at runWithFiberInDEV (http://localhost:3000/_next/static/chunks/node_modules_next_dist_compiled_react-dom_096_9a-._.js:965:74)
    at performUnitOfWork (http://localhost:3000/_next/static/chunks/node_modules_next_dist_compiled_react-dom_096_9a-._.js:9555:97)
    at workLoopSync (http://localhost:3000/_next/static/chunks/node_modules_next_dist_compiled_react-dom_096_9a-._.js:9449:40)
    at renderRootSync (http://localhost:3000/_next/static/chunks/node_modules_next_dist_compiled_react-dom_096_9a-._.js:9433:13)
    at performWorkOnRoot (http://localhost:3000/_next/static/chunks/node_modules_next_dist_compiled_react-dom_096_9a-._.js:9098:47)
    at performSyncWorkOnRoot (http://localhost:3000/_next/static/chunks/node_modules_next_dist_compiled_react-dom_096_9a-._.js:10263:9)
    at flushSyncWorkAcrossRoots_impl (http://localhost:3000/_next/static/chunks/node_modules_next_dist_compiled_react-dom_096_9a-._.js:10179:316)
    at flushSyncWork$1 (http://localhost:3000/_next/static/chunks/node_modules_next_dist_compiled_react-dom_096_9a-._.js:9230:86)
    at Object.scheduleRefresh (http://localhost:3000/_next/static/chunks/node_modules_next_dist_compiled_react-dom_096_9a-._.js:299:13)
    at http://localhost:3000/_next/static/chunks/node_modules_next_dist_compiled_1amofcm._.js:391:33
    at Set.forEach (<anonymous>)
    at Object.performReactRefresh (http://localhost:3000/_next/static/chunks/node_modules_next_dist_compiled_1amofcm._.js:384:38)
    at applyUpdate (http://localhost:3000/_next/static/chunks/node_modules_next_dist_compiled_1amofcm._.js:878:31)
    at http://localhost:3000/_next/static/chunks/node_modules_next_dist_compiled_1amofcm._.js:886:13 @ http://localhost:3000/_next/static/chunks/node_modules_next_dist_1ybzpk2._.js:3330
[  781933ms] [LOG] [Fast Refresh] done in 47ms @ http://localhost:3000/_next/static/chunks/node_modules_next_dist_1ybzpk2._.js:2489
[  791476ms] [LOG] [Fast Refresh] rebuilding @ http://localhost:3000/_next/static/chunks/node_modules_next_dist_1ybzpk2._.js:2489
[  791480ms] [ERROR] %o

%s ReferenceError: elRef is not defined
    at MissionBrief (http://localhost:3000/_next/static/chunks/src_0t0g3nm._.js?id=%255Bproject%255D%252Fsrc%252Fui%252FMissionBrief.tsx+%255Bapp-client%255D+%2528ecmascript%2529:314:22)
    at Object.react_stack_bottom_frame (http://localhost:3000/_next/static/chunks/node_modules_next_dist_compiled_react-dom_096_9a-._.js:15037:24)
    at renderWithHooks (http://localhost:3000/_next/static/chunks/node_modules_next_dist_compiled_react-dom_096_9a-._.js:4620:24)
    at updateFunctionComponent (http://localhost:3000/_next/static/chunks/node_modules_next_dist_compiled_react-dom_096_9a-._.js:6081:21)
    at beginWork (http://localhost:3000/_next/static/chunks/node_modules_next_dist_compiled_react-dom_096_9a-._.js:6691:24)
    at runWithFiberInDEV (http://localhost:3000/_next/static/chunks/node_modules_next_dist_compiled_react-dom_096_9a-._.js:965:74)
    at performUnitOfWork (http://localhost:3000/_next/static/chunks/node_modules_next_dist_compiled_react-dom_096_9a-._.js:9555:97)
    at workLoopSync (http://localhost:3000/_next/static/chunks/node_modules_next_dist_compiled_react-dom_096_9a-._.js:9449:40)
    at renderRootSync (http://localhost:3000/_next/static/chunks/node_modules_next_dist_compiled_react-dom_096_9a-._.js:9433:13)
    at performWorkOnRoot (http://localhost:3000/_next/static/chunks/node_modules_next_dist_compiled_react-dom_096_9a-._.js:9098:47)
    at performSyncWorkOnRoot (http://localhost:3000/_next/static/chunks/node_modules_next_dist_compiled_react-dom_096_9a-._.js:10263:9)
    at flushSyncWorkAcrossRoots_impl (http://localhost:3000/_next/static/chunks/node_modules_next_dist_compiled_react-dom_096_9a-._.js:10179:316)
    at flushSyncWork$1 (http://localhost:3000/_next/static/chunks/node_modules_next_dist_compiled_react-dom_096_9a-._.js:9230:86)
    at Object.scheduleRefresh (http://localhost:3000/_next/static/chunks/node_modules_next_dist_compiled_react-dom_096_9a-._.js:299:13)
    at http://localhost:3000/_next/static/chunks/node_modules_next_dist_compiled_1amofcm._.js:391:33
    at Set.forEach (<anonymous>)
    at Object.performReactRefresh (http://localhost:3000/_next/static/chunks/node_modules_next_dist_compiled_1amofcm._.js:384:38)
    at applyUpdate (http://localhost:3000/_next/static/chunks/node_modules_next_dist_compiled_1amofcm._.js:878:31)
    at http://localhost:3000/_next/static/chunks/node_modules_next_dist_compiled_1amofcm._.js:886:13 The above error occurred in the <MissionBrief> component. It was handled by the <ErrorBoundary> error boundary. @ http://localhost:3000/_next/static/chunks/node_modules_next_dist_client_0r5nbpw._.js:1998
[  791481ms] [ERROR] [eow] boundary caught: ReferenceError: elRef is not defined
    at MissionBrief (http://localhost:3000/_next/static/chunks/src_0t0g3nm._.js?id=%255Bproject%255D%252Fsrc%252Fui%252FMissionBrief.tsx+%255Bapp-client%255D+%2528ecmascript%2529:314:22)
    at Object.react_stack_bottom_frame (http://localhost:3000/_next/static/chunks/node_modules_next_dist_compiled_react-dom_096_9a-._.js:15037:24)
    at renderWithHooks (http://localhost:3000/_next/static/chunks/node_modules_next_dist_compiled_react-dom_096_9a-._.js:4620:24)
    at updateFunctionComponent (http://localhost:3000/_next/static/chunks/node_modules_next_dist_compiled_react-dom_096_9a-._.js:6081:21)
    at beginWork (http://localhost:3000/_next/static/chunks/node_modules_next_dist_compiled_react-dom_096_9a-._.js:6691:24)
    at runWithFiberInDEV (http://localhost:3000/_next/static/chunks/node_modules_next_dist_compiled_react-dom_096_9a-._.js:965:74)
    at performUnitOfWork (http://localhost:3000/_next/static/chunks/node_modules_next_dist_compiled_react-dom_096_9a-._.js:9555:97)
    at workLoopSync (http://localhost:3000/_next/static/chunks/node_modules_next_dist_compiled_react-dom_096_9a-._.js:9449:40)
    at renderRootSync (http://localhost:3000/_next/static/chunks/node_modules_next_dist_compiled_react-dom_096_9a-._.js:9433:13)
    at performWorkOnRoot (http://localhost:3000/_next/static/chunks/node_modules_next_dist_compiled_react-dom_096_9a-._.js:9098:47)
    at performSyncWorkOnRoot (http://localhost:3000/_next/static/chunks/node_modules_next_dist_compiled_react-dom_096_9a-._.js:10263:9)
    at flushSyncWorkAcrossRoots_impl (http://localhost:3000/_next/static/chunks/node_modules_next_dist_compiled_react-dom_096_9a-._.js:10179:316)
    at flushSyncWork$1 (http://localhost:3000/_next/static/chunks/node_modules_next_dist_compiled_react-dom_096_9a-._.js:9230:86)
    at Object.scheduleRefresh (http://localhost:3000/_next/static/chunks/node_modules_next_dist_compiled_react-dom_096_9a-._.js:299:13)
    at http://localhost:3000/_next/static/chunks/node_modules_next_dist_compiled_1amofcm._.js:391:33
    at Set.forEach (<anonymous>)
    at Object.performReactRefresh (http://localhost:3000/_next/static/chunks/node_modules_next_dist_compiled_1amofcm._.js:384:38)
    at applyUpdate (http://localhost:3000/_next/static/chunks/node_modules_next_dist_compiled_1amofcm._.js:878:31)
    at http://localhost:3000/_next/static/chunks/node_modules_next_dist_compiled_1amofcm._.js:886:13 @ http://localhost:3000/_next/static/chunks/node_modules_next_dist_1ybzpk2._.js:3330
[  791503ms] [LOG] [Fast Refresh] done in 43ms @ http://localhost:3000/_next/static/chunks/node_modules_next_dist_1ybzpk2._.js:2489
[  816461ms] [LOG] [Fast Refresh] rebuilding @ http://localhost:3000/_next/static/chunks/node_modules_next_dist_1ybzpk2._.js:2489
[  816464ms] [ERROR] %o

%s ReferenceError: elRef is not defined
    at MissionBrief (http://localhost:3000/_next/static/chunks/src_0t0g3nm._.js?id=%255Bproject%255D%252Fsrc%252Fui%252FMissionBrief.tsx+%255Bapp-client%255D+%2528ecmascript%2529:315:22)
    at Object.react_stack_bottom_frame (http://localhost:3000/_next/static/chunks/node_modules_next_dist_compiled_react-dom_096_9a-._.js:15037:24)
    at renderWithHooks (http://localhost:3000/_next/static/chunks/node_modules_next_dist_compiled_react-dom_096_9a-._.js:4620:24)
    at updateFunctionComponent (http://localhost:3000/_next/static/chunks/node_modules_next_dist_compiled_react-dom_096_9a-._.js:6081:21)
    at beginWork (http://localhost:3000/_next/static/chunks/node_modules_next_dist_compiled_react-dom_096_9a-._.js:6691:24)
    at runWithFiberInDEV (http://localhost:3000/_next/static/chunks/node_modules_next_dist_compiled_react-dom_096_9a-._.js:965:74)
    at performUnitOfWork (http://localhost:3000/_next/static/chunks/node_modules_next_dist_compiled_react-dom_096_9a-._.js:9555:97)
    at workLoopSync (http://localhost:3000/_next/static/chunks/node_modules_next_dist_compiled_react-dom_096_9a-._.js:9449:40)
    at renderRootSync (http://localhost:3000/_next/static/chunks/node_modules_next_dist_compiled_react-dom_096_9a-._.js:9433:13)
    at performWorkOnRoot (http://localhost:3000/_next/static/chunks/node_modules_next_dist_compiled_react-dom_096_9a-._.js:9098:47)
    at performSyncWorkOnRoot (http://localhost:3000/_next/static/chunks/node_modules_next_dist_compiled_react-dom_096_9a-._.js:10263:9)
    at flushSyncWorkAcrossRoots_impl (http://localhost:3000/_next/static/chunks/node_modules_next_dist_compiled_react-dom_096_9a-._.js:10179:316)
    at flushSyncWork$1 (http://localhost:3000/_next/static/chunks/node_modules_next_dist_compiled_react-dom_096_9a-._.js:9230:86)
    at Object.scheduleRefresh (http://localhost:3000/_next/static/chunks/node_modules_next_dist_compiled_react-dom_096_9a-._.js:299:13)
    at http://localhost:3000/_next/static/chunks/node_modules_next_dist_compiled_1amofcm._.js:391:33
    at Set.forEach (<anonymous>)
    at Object.performReactRefresh (http://localhost:3000/_next/static/chunks/node_modules_next_dist_compiled_1amofcm._.js:384:38)
    at applyUpdate (http://localhost:3000/_next/static/chunks/node_modules_next_dist_compiled_1amofcm._.js:878:31)
    at http://localhost:3000/_next/static/chunks/node_modules_next_dist_compiled_1amofcm._.js:886:13 The above error occurred in the <MissionBrief> component. It was handled by the <ErrorBoundary> error boundary. @ http://localhost:3000/_next/static/chunks/node_modules_next_dist_client_0r5nbpw._.js:1998
[  816466ms] [ERROR] [eow] boundary caught: ReferenceError: elRef is not defined
    at MissionBrief (http://localhost:3000/_next/static/chunks/src_0t0g3nm._.js?id=%255Bproject%255D%252Fsrc%252Fui%252FMissionBrief.tsx+%255Bapp-client%255D+%2528ecmascript%2529:315:22)
    at Object.react_stack_bottom_frame (http://localhost:3000/_next/static/chunks/node_modules_next_dist_compiled_react-dom_096_9a-._.js:15037:24)
    at renderWithHooks (http://localhost:3000/_next/static/chunks/node_modules_next_dist_compiled_react-dom_096_9a-._.js:4620:24)
    at updateFunctionComponent (http://localhost:3000/_next/static/chunks/node_modules_next_dist_compiled_react-dom_096_9a-._.js:6081:21)
    at beginWork (http://localhost:3000/_next/static/chunks/node_modules_next_dist_compiled_react-dom_096_9a-._.js:6691:24)
    at runWithFiberInDEV (http://localhost:3000/_next/static/chunks/node_modules_next_dist_compiled_react-dom_096_9a-._.js:965:74)
    at performUnitOfWork (http://localhost:3000/_next/static/chunks/node_modules_next_dist_compiled_react-dom_096_9a-._.js:9555:97)
    at workLoopSync (http://localhost:3000/_next/static/chunks/node_modules_next_dist_compiled_react-dom_096_9a-._.js:9449:40)
    at renderRootSync (http://localhost:3000/_next/static/chunks/node_modules_next_dist_compiled_react-dom_096_9a-._.js:9433:13)
    at performWorkOnRoot (http://localhost:3000/_next/static/chunks/node_modules_next_dist_compiled_react-dom_096_9a-._.js:9098:47)
    at performSyncWorkOnRoot (http://localhost:3000/_next/static/chunks/node_modules_next_dist_compiled_react-dom_096_9a-._.js:10263:9)
    at flushSyncWorkAcrossRoots_impl (http://localhost:3000/_next/static/chunks/node_modules_next_dist_compiled_react-dom_096_9a-._.js:10179:316)
    at flushSyncWork$1 (http://localhost:3000/_next/static/chunks/node_modules_next_dist_compiled_react-dom_096_9a-._.js:9230:86)
    at Object.scheduleRefresh (http://localhost:3000/_next/static/chunks/node_modules_next_dist_compiled_react-dom_096_9a-._.js:299:13)
    at http://localhost:3000/_next/static/chunks/node_modules_next_dist_compiled_1amofcm._.js:391:33
    at Set.forEach (<anonymous>)
    at Object.performReactRefresh (http://localhost:3000/_next/static/chunks/node_modules_next_dist_compiled_1amofcm._.js:384:38)
    at applyUpdate (http://localhost:3000/_next/static/chunks/node_modules_next_dist_compiled_1amofcm._.js:878:31)
    at http://localhost:3000/_next/static/chunks/node_modules_next_dist_compiled_1amofcm._.js:886:13 @ http://localhost:3000/_next/static/chunks/node_modules_next_dist_1ybzpk2._.js:3330
[  816516ms] [LOG] [Fast Refresh] done in 33ms @ http://localhost:3000/_next/static/chunks/node_modules_next_dist_1ybzpk2._.js:2489
[  832869ms] [LOG] [Fast Refresh] rebuilding @ http://localhost:3000/_next/static/chunks/node_modules_next_dist_1ybzpk2._.js:2489
[  833223ms] [ERROR] %o

%s ReferenceError: elRef is not defined
    at MissionBrief.useEffect (http://localhost:3000/_next/static/chunks/src_0t0g3nm._.js?id=%255Bproject%255D%252Fsrc%252Fui%252FMissionBrief.tsx+%255Bapp-client%255D+%2528ecmascript%2529:287:24)
    at Object.react_stack_bottom_frame (http://localhost:3000/_next/static/chunks/node_modules_next_dist_compiled_react-dom_096_9a-._.js:15087:22)
    at runWithFiberInDEV (http://localhost:3000/_next/static/chunks/node_modules_next_dist_compiled_react-dom_096_9a-._.js:965:74)
    at commitHookEffectListMount (http://localhost:3000/_next/static/chunks/node_modules_next_dist_compiled_react-dom_096_9a-._.js:7255:167)
    at commitHookPassiveMountEffects (http://localhost:3000/_next/static/chunks/node_modules_next_dist_compiled_react-dom_096_9a-._.js:7290:60)
    at commitPassiveMountOnFiber (http://localhost:3000/_next/static/chunks/node_modules_next_dist_compiled_react-dom_096_9a-._.js:8689:33)
    at recursivelyTraversePassiveMountEffects (http://localhost:3000/_next/static/chunks/node_modules_next_dist_compiled_react-dom_096_9a-._.js:8676:316)
    at commitPassiveMountOnFiber (http://localhost:3000/_next/static/chunks/node_modules_next_dist_compiled_react-dom_096_9a-._.js:8750:17)
    at recursivelyTraversePassiveMountEffects (http://localhost:3000/_next/static/chunks/node_modules_next_dist_compiled_react-dom_096_9a-._.js:8676:316)
    at commitPassiveMountOnFiber (http://localhost:3000/_next/static/chunks/node_modules_next_dist_compiled_react-dom_096_9a-._.js:8693:17)
    at recursivelyTraversePassiveMountEffects (http://localhost:3000/_next/static/chunks/node_modules_next_dist_compiled_react-dom_096_9a-._.js:8676:316)
    at commitPassiveMountOnFiber (http://localhost:3000/_next/static/chunks/node_modules_next_dist_compiled_react-dom_096_9a-._.js:8688:17)
    at recursivelyTraversePassiveMountEffects (http://localhost:3000/_next/static/chunks/node_modules_next_dist_compiled_react-dom_096_9a-._.js:8676:316)
    at commitPassiveMountOnFiber (http://localhost:3000/_next/static/chunks/node_modules_next_dist_compiled_react-dom_096_9a-._.js:8750:17)
    at recursivelyTraversePassiveMountEffects (http://localhost:3000/_next/static/chunks/node_modules_next_dist_compiled_react-dom_096_9a-._.js:8676:316)
    at commitPassiveMountOnFiber (http://localhost:3000/_next/static/chunks/node_modules_next_dist_compiled_react-dom_096_9a-._.js:8688:17)
    at recursivelyTraversePassiveMountEffects (http://localhost:3000/_next/static/chunks/node_modules_next_dist_compiled_react-dom_096_9a-._.js:8676:316)
    at commitPassiveMountOnFiber (http://localhost:3000/_next/static/chunks/node_modules_next_dist_compiled_react-dom_096_9a-._.js:8750:17)
    at recursivelyTraversePassiveMountEffects (http://localhost:3000/_next/static/chunks/node_modules_next_dist_compiled_react-dom_096_9a-._.js:8676:316)
    at commitPassiveMountOnFiber (http://localhost:3000/_next/static/chunks/node_modules_next_dist_compiled_react-dom_096_9a-._.js:8693:17)
    at recursivelyTraversePassiveMountEffects (http://localhost:3000/_next/static/chunks/node_modules_next_dist_compiled_react-dom_096_9a-._.js:8676:316)
    at commitPassiveMountOnFiber (http://localhost:3000/_next/static/chunks/node_modules_next_dist_compiled_react-dom_096_9a-._.js:8688:17)
    at recursivelyTraversePassiveMountEffects (http://localhost:3000/_next/static/chunks/node_modules_next_dist_compiled_react-dom_096_9a-._.js:8676:316)
    at commitPassiveMountOnFiber (http://localhost:3000/_next/static/chunks/node_modules_next_dist_compiled_react-dom_096_9a-._.js:8688:17)
    at recursivelyTraversePassiveMountEffects (http://localhost:3000/_next/static/chunks/node_modules_next_dist_compiled_react-dom_096_9a-._.js:8676:316)
    at commitPassiveMountOnFiber (http://localhost:3000/_next/static/chunks/node_modules_next_dist_compiled_react-dom_096_9a-._.js:8738:783)
    at recursivelyTraversePassiveMountEffects (http://localhost:3000/_next/static/chunks/node_modules_next_dist_compiled_react-dom_096_9a-._.js:8676:316)
    at commitPassiveMountOnFiber (http://localhost:3000/_next/static/chunks/node_modules_next_dist_compiled_react-dom_096_9a-._.js:8730:17)
    at recursivelyTraversePassiveMountEffects (http://localhost:3000/_next/static/chunks/node_modules_next_dist_compiled_react-dom_096_9a-._.js:8676:316)
    at commitPassiveMountOnFiber (http://localhost:3000/_next/static/chunks/node_modules_next_dist_compiled_react-dom_096_9a-._.js:8688:17)
    at recursivelyTraversePassiveMountEffects (http://localhost:3000/_next/static/chunks/node_modules_next_dist_compiled_react-dom_096_9a-._.js:8676:316)
    at commitPassiveMountOnFiber (http://localhost:3000/_next/static/chunks/node_modules_next_dist_compiled_react-dom_096_9a-._.js:8688:17)
    at recursivelyTraversePassiveMountEffects (http://localhost:3000/_next/static/chunks/node_modules_next_dist_compiled_react-dom_096_9a-._.js:8676:316)
    at commitPassiveMountOnFiber (http://localhost:3000/_next/static/chunks/node_modules_next_dist_compiled_react-dom_096_9a-._.js:8688:17)
    at recursivelyTraversePassiveMountEffects (http://localhost:3000/_next/static/chunks/node_modules_next_dist_compiled_react-dom_096_9a-._.js:8676:316)
    at commitPassiveMountOnFiber (http://localhost:3000/_next/static/chunks/node_modules_next_dist_compiled_react-dom_096_9a-._.js:8688:17)
    at recursivelyTraversePassiveMountEffects (http://localhost:3000/_next/static/chunks/node_modules_next_dist_compiled_react-dom_096_9a-._.js:8676:316)
    at commitPassiveMountOnFiber (http://localhost:3000/_next/static/chunks/node_modules_next_dist_compiled_react-dom_096_9a-._.js:8750:17)
    at recursivelyTraversePassiveMountEffects (http://localhost:3000/_next/static/chunks/node_modules_next_dist_compiled_react-dom_096_9a-._.js:8676:316)
    at commitPassiveMountOnFiber (http://localhost:3000/_next/static/chunks/node_modules_next_dist_compiled_react-dom_096_9a-._.js:8750:17)
    at recursivelyTraversePassiveMountEffects (http://localhost:3000/_next/static/chunks/node_modules_next_dist_compiled_react-dom_096_9a-._.js:8676:316)
    at commitPassiveMountOnFiber (http://localhost:3000/_next/static/chunks/node_modules_next_dist_compiled_react-dom_096_9a-._.js:8688:17)
    at recursivelyTraversePassiveMountEffects (http://localhost:3000/_next/static/chunks/node_modules_next_dist_compiled_react-dom_096_9a-._.js:8676:316)
    at commitPassiveMountOnFiber (http://localhost:3000/_next/static/chunks/node_modules_next_dist_compiled_react-dom_096_9a-._.js:8693:17)
    at recursivelyTraversePassiveMountEffects (http://localhost:3000/_next/static/chunks/node_modules_next_dist_compiled_react-dom_096_9a-._.js:8676:316)
    at commitPassiveMountOnFiber (http://localhost:3000/_next/static/chunks/node_modules_next_dist_compiled_react-dom_096_9a-._.js:8688:17)
    at recursivelyTraversePassiveMountEffects (http://localhost:3000/_next/static/chunks/node_modules_next_dist_compiled_react-dom_096_9a-._.js:8676:316)
    at commitPassiveMountOnFiber (http://localhost:3000/_next/static/chunks/node_modules_next_dist_compiled_react-dom_096_9a-._.js:8693:17)
    at recursivelyTraversePassiveMountEffects (http://localhost:3000/_next/static/chunks/node_modules_next_dist_compiled_react-dom_096_9a-._.js:8676:316)
    at commitPassiveMountOnFiber (http://localhost:3000/_next/static/chunks/node_modules_next_dist_compiled_react-dom_096_9a-._.js:8688:17) The above error occurred in the <MissionBrief> component. It was handled by the <ErrorBoundary> error boundary. @ http://localhost:3000/_next/static/chunks/node_modules_next_dist_client_0r5nbpw._.js:1998
[  833224ms] [ERROR] [eow] boundary caught: ReferenceError: elRef is not defined
    at MissionBrief.useEffect (http://localhost:3000/_next/static/chunks/src_0t0g3nm._.js?id=%255Bproject%255D%252Fsrc%252Fui%252FMissionBrief.tsx+%255Bapp-client%255D+%2528ecmascript%2529:287:24)
    at Object.react_stack_bottom_frame (http://localhost:3000/_next/static/chunks/node_modules_next_dist_compiled_react-dom_096_9a-._.js:15087:22)
    at runWithFiberInDEV (http://localhost:3000/_next/static/chunks/node_modules_next_dist_compiled_react-dom_096_9a-._.js:965:74)
    at commitHookEffectListMount (http://localhost:3000/_next/static/chunks/node_modules_next_dist_compiled_react-dom_096_9a-._.js:7255:167)
    at commitHookPassiveMountEffects (http://localhost:3000/_next/static/chunks/node_modules_next_dist_compiled_react-dom_096_9a-._.js:7290:60)
    at commitPassiveMountOnFiber (http://localhost:3000/_next/static/chunks/node_modules_next_dist_compiled_react-dom_096_9a-._.js:8689:33)
    at recursivelyTraversePassiveMountEffects (http://localhost:3000/_next/static/chunks/node_modules_next_dist_compiled_react-dom_096_9a-._.js:8676:316)
    at commitPassiveMountOnFiber (http://localhost:3000/_next/static/chunks/node_modules_next_dist_compiled_react-dom_096_9a-._.js:8750:17)
    at recursivelyTraversePassiveMountEffects (http://localhost:3000/_next/static/chunks/node_modules_next_dist_compiled_react-dom_096_9a-._.js:8676:316)
    at commitPassiveMountOnFiber (http://localhost:3000/_next/static/chunks/node_modules_next_dist_compiled_react-dom_096_9a-._.js:8693:17)
    at recursivelyTraversePassiveMountEffects (http://localhost:3000/_next/static/chunks/node_modules_next_dist_compiled_react-dom_096_9a-._.js:8676:316)
    at commitPassiveMountOnFiber (http://localhost:3000/_next/static/chunks/node_modules_next_dist_compiled_react-dom_096_9a-._.js:8688:17)
    at recursivelyTraversePassiveMountEffects (http://localhost:3000/_next/static/chunks/node_modules_next_dist_compiled_react-dom_096_9a-._.js:8676:316)
    at commitPassiveMountOnFiber (http://localhost:3000/_next/static/chunks/node_modules_next_dist_compiled_react-dom_096_9a-._.js:8750:17)
    at recursivelyTraversePassiveMountEffects (http://localhost:3000/_next/static/chunks/node_modules_next_dist_compiled_react-dom_096_9a-._.js:8676:316)
    at commitPassiveMountOnFiber (http://localhost:3000/_next/static/chunks/node_modules_next_dist_compiled_react-dom_096_9a-._.js:8688:17)
    at recursivelyTraversePassiveMountEffects (http://localhost:3000/_next/static/chunks/node_modules_next_dist_compiled_react-dom_096_9a-._.js:8676:316)
    at commitPassiveMountOnFiber (http://localhost:3000/_next/static/chunks/node_modules_next_dist_compiled_react-dom_096_9a-._.js:8750:17)
    at recursivelyTraversePassiveMountEffects (http://localhost:3000/_next/static/chunks/node_modules_next_dist_compiled_react-dom_096_9a-._.js:8676:316)
    at commitPassiveMountOnFiber (http://localhost:3000/_next/static/chunks/node_modules_next_dist_compiled_react-dom_096_9a-._.js:8693:17)
    at recursivelyTraversePassiveMountEffects (http://localhost:3000/_next/static/chunks/node_modules_next_dist_compiled_react-dom_096_9a-._.js:8676:316)
    at commitPassiveMountOnFiber (http://localhost:3000/_next/static/chunks/node_modules_next_dist_compiled_react-dom_096_9a-._.js:8688:17)
    at recursivelyTraversePassiveMountEffects (http://localhost:3000/_next/static/chunks/node_modules_next_dist_compiled_react-dom_096_9a-._.js:8676:316)
    at commitPassiveMountOnFiber (http://localhost:3000/_next/static/chunks/node_modules_next_dist_compiled_react-dom_096_9a-._.js:8688:17)
    at recursivelyTraversePassiveMountEffects (http://localhost:3000/_next/static/chunks/node_modules_next_dist_compiled_react-dom_096_9a-._.js:8676:316)
    at commitPassiveMountOnFiber (http://localhost:3000/_next/static/chunks/node_modules_next_dist_compiled_react-dom_096_9a-._.js:8738:783)
    at recursivelyTraversePassiveMountEffects (http://localhost:3000/_next/static/chunks/node_modules_next_dist_compiled_react-dom_096_9a-._.js:8676:316)
    at commitPassiveMountOnFiber (http://localhost:3000/_next/static/chunks/node_modules_next_dist_compiled_react-dom_096_9a-._.js:8730:17)
    at recursivelyTraversePassiveMountEffects (http://localhost:3000/_next/static/chunks/node_modules_next_dist_compiled_react-dom_096_9a-._.js:8676:316)
    at commitPassiveMountOnFiber (http://localhost:3000/_next/static/chunks/node_modules_next_dist_compiled_react-dom_096_9a-._.js:8688:17)
    at recursivelyTraversePassiveMountEffects (http://localhost:3000/_next/static/chunks/node_modules_next_dist_compiled_react-dom_096_9a-._.js:8676:316)
    at commitPassiveMountOnFiber (http://localhost:3000/_next/static/chunks/node_modules_next_dist_compiled_react-dom_096_9a-._.js:8688:17)
    at recursivelyTraversePassiveMountEffects (http://localhost:3000/_next/static/chunks/node_modules_next_dist_compiled_react-dom_096_9a-._.js:8676:316)
    at commitPassiveMountOnFiber (http://localhost:3000/_next/static/chunks/node_modules_next_dist_compiled_react-dom_096_9a-._.js:8688:17)
    at recursivelyTraversePassiveMountEffects (http://localhost:3000/_next/static/chunks/node_modules_next_dist_compiled_react-dom_096_9a-._.js:8676:316)
    at commitPassiveMountOnFiber (http://localhost:3000/_next/static/chunks/node_modules_next_dist_compiled_react-dom_096_9a-._.js:8688:17)
    at recursivelyTraversePassiveMountEffects (http://localhost:3000/_next/static/chunks/node_modules_next_dist_compiled_react-dom_096_9a-._.js:8676:316)
    at commitPassiveMountOnFiber (http://localhost:3000/_next/static/chunks/node_modules_next_dist_compiled_react-dom_096_9a-._.js:8750:17)
    at recursivelyTraversePassiveMountEffects (http://localhost:3000/_next/static/chunks/node_modules_next_dist_compiled_react-dom_096_9a-._.js:8676:316)
    at commitPassiveMountOnFiber (http://localhost:3000/_next/static/chunks/node_modules_next_dist_compiled_react-dom_096_9a-._.js:8750:17)
    at recursivelyTraversePassiveMountEffects (http://localhost:3000/_next/static/chunks/node_modules_next_dist_compiled_react-dom_096_9a-._.js:8676:316)
    at commitPassiveMountOnFiber (http://localhost:3000/_next/static/chunks/node_modules_next_dist_compiled_react-dom_096_9a-._.js:8688:17)
    at recursivelyTraversePassiveMountEffects (http://localhost:3000/_next/static/chunks/node_modules_next_dist_compiled_react-dom_096_9a-._.js:8676:316)
    at commitPassiveMountOnFiber (http://localhost:3000/_next/static/chunks/node_modules_next_dist_compiled_react-dom_096_9a-._.js:8693:17)
    at recursivelyTraversePassiveMountEffects (http://localhost:3000/_next/static/chunks/node_modules_next_dist_compiled_react-dom_096_9a-._.js:8676:316)
    at commitPassiveMountOnFiber (http://localhost:3000/_next/static/chunks/node_modules_next_dist_compiled_react-dom_096_9a-._.js:8688:17)
    at recursivelyTraversePassiveMountEffects (http://localhost:3000/_next/static/chunks/node_modules_next_dist_compiled_react-dom_096_9a-._.js:8676:316)
    at commitPassiveMountOnFiber (http://localhost:3000/_next/static/chunks/node_modules_next_dist_compiled_react-dom_096_9a-._.js:8693:17)
    at recursivelyTraversePassiveMountEffects (http://localhost:3000/_next/static/chunks/node_modules_next_dist_compiled_react-dom_096_9a-._.js:8676:316)
    at commitPassiveMountOnFiber (http://localhost:3000/_next/static/chunks/node_modules_next_dist_compiled_react-dom_096_9a-._.js:8688:17) @ http://localhost:3000/_next/static/chunks/node_modules_next_dist_1ybzpk2._.js:3330
[  833246ms] [LOG] [Fast Refresh] done in 451ms @ http://localhost:3000/_next/static/chunks/node_modules_next_dist_1ybzpk2._.js:2489
[  844420ms] [LOG] [Fast Refresh] rebuilding @ http://localhost:3000/_next/static/chunks/node_modules_next_dist_1ybzpk2._.js:2489
[  844425ms] [ERROR] %o

%s ReferenceError: elRef is not defined
    at MissionBrief.useEffect (http://localhost:3000/_next/static/chunks/src_0t0g3nm._.js?id=%255Bproject%255D%252Fsrc%252Fui%252FMissionBrief.tsx+%255Bapp-client%255D+%2528ecmascript%2529:287:24)
    at Object.react_stack_bottom_frame (http://localhost:3000/_next/static/chunks/node_modules_next_dist_compiled_react-dom_096_9a-._.js:15087:22)
    at runWithFiberInDEV (http://localhost:3000/_next/static/chunks/node_modules_next_dist_compiled_react-dom_096_9a-._.js:965:74)
    at commitHookEffectListMount (http://localhost:3000/_next/static/chunks/node_modules_next_dist_compiled_react-dom_096_9a-._.js:7255:167)
    at commitHookPassiveMountEffects (http://localhost:3000/_next/static/chunks/node_modules_next_dist_compiled_react-dom_096_9a-._.js:7290:60)
    at commitPassiveMountOnFiber (http://localhost:3000/_next/static/chunks/node_modules_next_dist_compiled_react-dom_096_9a-._.js:8689:33)
    at recursivelyTraversePassiveMountEffects (http://localhost:3000/_next/static/chunks/node_modules_next_dist_compiled_react-dom_096_9a-._.js:8676:316)
    at commitPassiveMountOnFiber (http://localhost:3000/_next/static/chunks/node_modules_next_dist_compiled_react-dom_096_9a-._.js:8750:17)
    at recursivelyTraversePassiveMountEffects (http://localhost:3000/_next/static/chunks/node_modules_next_dist_compiled_react-dom_096_9a-._.js:8676:316)
    at commitPassiveMountOnFiber (http://localhost:3000/_next/static/chunks/node_modules_next_dist_compiled_react-dom_096_9a-._.js:8693:17)
    at recursivelyTraversePassiveMountEffects (http://localhost:3000/_next/static/chunks/node_modules_next_dist_compiled_react-dom_096_9a-._.js:8676:316)
    at commitPassiveMountOnFiber (http://localhost:3000/_next/static/chunks/node_modules_next_dist_compiled_react-dom_096_9a-._.js:8688:17)
    at recursivelyTraversePassiveMountEffects (http://localhost:3000/_next/static/chunks/node_modules_next_dist_compiled_react-dom_096_9a-._.js:8676:316)
    at commitPassiveMountOnFiber (http://localhost:3000/_next/static/chunks/node_modules_next_dist_compiled_react-dom_096_9a-._.js:8750:17)
    at recursivelyTraversePassiveMountEffects (http://localhost:3000/_next/static/chunks/node_modules_next_dist_compiled_react-dom_096_9a-._.js:8676:316)
    at commitPassiveMountOnFiber (http://localhost:3000/_next/static/chunks/node_modules_next_dist_compiled_react-dom_096_9a-._.js:8688:17)
    at recursivelyTraversePassiveMountEffects (http://localhost:3000/_next/static/chunks/node_modules_next_dist_compiled_react-dom_096_9a-._.js:8676:316)
    at commitPassiveMountOnFiber (http://localhost:3000/_next/static/chunks/node_modules_next_dist_compiled_react-dom_096_9a-._.js:8750:17)
    at recursivelyTraversePassiveMountEffects (http://localhost:3000/_next/static/chunks/node_modules_next_dist_compiled_react-dom_096_9a-._.js:8676:316)
    at commitPassiveMountOnFiber (http://localhost:3000/_next/static/chunks/node_modules_next_dist_compiled_react-dom_096_9a-._.js:8693:17)
    at recursivelyTraversePassiveMountEffects (http://localhost:3000/_next/static/chunks/node_modules_next_dist_compiled_react-dom_096_9a-._.js:8676:316)
    at commitPassiveMountOnFiber (http://localhost:3000/_next/static/chunks/node_modules_next_dist_compiled_react-dom_096_9a-._.js:8688:17)
    at recursivelyTraversePassiveMountEffects (http://localhost:3000/_next/static/chunks/node_modules_next_dist_compiled_react-dom_096_9a-._.js:8676:316)
    at commitPassiveMountOnFiber (http://localhost:3000/_next/static/chunks/node_modules_next_dist_compiled_react-dom_096_9a-._.js:8688:17)
    at recursivelyTraversePassiveMountEffects (http://localhost:3000/_next/static/chunks/node_modules_next_dist_compiled_react-dom_096_9a-._.js:8676:316)
    at commitPassiveMountOnFiber (http://localhost:3000/_next/static/chunks/node_modules_next_dist_compiled_react-dom_096_9a-._.js:8738:783)
    at recursivelyTraversePassiveMountEffects (http://localhost:3000/_next/static/chunks/node_modules_next_dist_compiled_react-dom_096_9a-._.js:8676:316)
    at commitPassiveMountOnFiber (http://localhost:3000/_next/static/chunks/node_modules_next_dist_compiled_react-dom_096_9a-._.js:8730:17)
    at recursivelyTraversePassiveMountEffects (http://localhost:3000/_next/static/chunks/node_modules_next_dist_compiled_react-dom_096_9a-._.js:8676:316)
    at commitPassiveMountOnFiber (http://localhost:3000/_next/static/chunks/node_modules_next_dist_compiled_react-dom_096_9a-._.js:8688:17)
    at recursivelyTraversePassiveMountEffects (http://localhost:3000/_next/static/chunks/node_modules_next_dist_compiled_react-dom_096_9a-._.js:8676:316)
    at commitPassiveMountOnFiber (http://localhost:3000/_next/static/chunks/node_modules_next_dist_compiled_react-dom_096_9a-._.js:8688:17)
    at recursivelyTraversePassiveMountEffects (http://localhost:3000/_next/static/chunks/node_modules_next_dist_compiled_react-dom_096_9a-._.js:8676:316)
    at commitPassiveMountOnFiber (http://localhost:3000/_next/static/chunks/node_modules_next_dist_compiled_react-dom_096_9a-._.js:8688:17)
    at recursivelyTraversePassiveMountEffects (http://localhost:3000/_next/static/chunks/node_modules_next_dist_compiled_react-dom_096_9a-._.js:8676:316)
    at commitPassiveMountOnFiber (http://localhost:3000/_next/static/chunks/node_modules_next_dist_compiled_react-dom_096_9a-._.js:8688:17)
    at recursivelyTraversePassiveMountEffects (http://localhost:3000/_next/static/chunks/node_modules_next_dist_compiled_react-dom_096_9a-._.js:8676:316)
    at commitPassiveMountOnFiber (http://localhost:3000/_next/static/chunks/node_modules_next_dist_compiled_react-dom_096_9a-._.js:8750:17)
    at recursivelyTraversePassiveMountEffects (http://localhost:3000/_next/static/chunks/node_modules_next_dist_compiled_react-dom_096_9a-._.js:8676:316)
    at commitPassiveMountOnFiber (http://localhost:3000/_next/static/chunks/node_modules_next_dist_compiled_react-dom_096_9a-._.js:8750:17)
    at recursivelyTraversePassiveMountEffects (http://localhost:3000/_next/static/chunks/node_modules_next_dist_compiled_react-dom_096_9a-._.js:8676:316)
    at commitPassiveMountOnFiber (http://localhost:3000/_next/static/chunks/node_modules_next_dist_compiled_react-dom_096_9a-._.js:8688:17)
    at recursivelyTraversePassiveMountEffects (http://localhost:3000/_next/static/chunks/node_modules_next_dist_compiled_react-dom_096_9a-._.js:8676:316)
    at commitPassiveMountOnFiber (http://localhost:3000/_next/static/chunks/node_modules_next_dist_compiled_react-dom_096_9a-._.js:8693:17)
    at recursivelyTraversePassiveMountEffects (http://localhost:3000/_next/static/chunks/node_modules_next_dist_compiled_react-dom_096_9a-._.js:8676:316)
    at commitPassiveMountOnFiber (http://localhost:3000/_next/static/chunks/node_modules_next_dist_compiled_react-dom_096_9a-._.js:8688:17)
    at recursivelyTraversePassiveMountEffects (http://localhost:3000/_next/static/chunks/node_modules_next_dist_compiled_react-dom_096_9a-._.js:8676:316)
    at commitPassiveMountOnFiber (http://localhost:3000/_next/static/chunks/node_modules_next_dist_compiled_react-dom_096_9a-._.js:8693:17)
    at recursivelyTraversePassiveMountEffects (http://localhost:3000/_next/static/chunks/node_modules_next_dist_compiled_react-dom_096_9a-._.js:8676:316)
    at commitPassiveMountOnFiber (http://localhost:3000/_next/static/chunks/node_modules_next_dist_compiled_react-dom_096_9a-._.js:8688:17) The above error occurred in the <MissionBrief> component. It was handled by the <ErrorBoundary> error boundary. @ http://localhost:3000/_next/static/chunks/node_modules_next_dist_client_0r5nbpw._.js:1998
[  844426ms] [ERROR] [eow] boundary caught: ReferenceError: elRef is not defined
    at MissionBrief.useEffect (http://localhost:3000/_next/static/chunks/src_0t0g3nm._.js?id=%255Bproject%255D%252Fsrc%252Fui%252FMissionBrief.tsx+%255Bapp-client%255D+%2528ecmascript%2529:287:24)
    at Object.react_stack_bottom_frame (http://localhost:3000/_next/static/chunks/node_modules_next_dist_compiled_react-dom_096_9a-._.js:15087:22)
    at runWithFiberInDEV (http://localhost:3000/_next/static/chunks/node_modules_next_dist_compiled_react-dom_096_9a-._.js:965:74)
    at commitHookEffectListMount (http://localhost:3000/_next/static/chunks/node_modules_next_dist_compiled_react-dom_096_9a-._.js:7255:167)
    at commitHookPassiveMountEffects (http://localhost:3000/_next/static/chunks/node_modules_next_dist_compiled_react-dom_096_9a-._.js:7290:60)
    at commitPassiveMountOnFiber (http://localhost:3000/_next/static/chunks/node_modules_next_dist_compiled_react-dom_096_9a-._.js:8689:33)
    at recursivelyTraversePassiveMountEffects (http://localhost:3000/_next/static/chunks/node_modules_next_dist_compiled_react-dom_096_9a-._.js:8676:316)
    at commitPassiveMountOnFiber (http://localhost:3000/_next/static/chunks/node_modules_next_dist_compiled_react-dom_096_9a-._.js:8750:17)
    at recursivelyTraversePassiveMountEffects (http://localhost:3000/_next/static/chunks/node_modules_next_dist_compiled_react-dom_096_9a-._.js:8676:316)
    at commitPassiveMountOnFiber (http://localhost:3000/_next/static/chunks/node_modules_next_dist_compiled_react-dom_096_9a-._.js:8693:17)
    at recursivelyTraversePassiveMountEffects (http://localhost:3000/_next/static/chunks/node_modules_next_dist_compiled_react-dom_096_9a-._.js:8676:316)
    at commitPassiveMountOnFiber (http://localhost:3000/_next/static/chunks/node_modules_next_dist_compiled_react-dom_096_9a-._.js:8688:17)
    at recursivelyTraversePassiveMountEffects (http://localhost:3000/_next/static/chunks/node_modules_next_dist_compiled_react-dom_096_9a-._.js:8676:316)
    at commitPassiveMountOnFiber (http://localhost:3000/_next/static/chunks/node_modules_next_dist_compiled_react-dom_096_9a-._.js:8750:17)
    at recursivelyTraversePassiveMountEffects (http://localhost:3000/_next/static/chunks/node_modules_next_dist_compiled_react-dom_096_9a-._.js:8676:316)
    at commitPassiveMountOnFiber (http://localhost:3000/_next/static/chunks/node_modules_next_dist_compiled_react-dom_096_9a-._.js:8688:17)
    at recursivelyTraversePassiveMountEffects (http://localhost:3000/_next/static/chunks/node_modules_next_dist_compiled_react-dom_096_9a-._.js:8676:316)
    at commitPassiveMountOnFiber (http://localhost:3000/_next/static/chunks/node_modules_next_dist_compiled_react-dom_096_9a-._.js:8750:17)
    at recursivelyTraversePassiveMountEffects (http://localhost:3000/_next/static/chunks/node_modules_next_dist_compiled_react-dom_096_9a-._.js:8676:316)
    at commitPassiveMountOnFiber (http://localhost:3000/_next/static/chunks/node_modules_next_dist_compiled_react-dom_096_9a-._.js:8693:17)
    at recursivelyTraversePassiveMountEffects (http://localhost:3000/_next/static/chunks/node_modules_next_dist_compiled_react-dom_096_9a-._.js:8676:316)
    at commitPassiveMountOnFiber (http://localhost:3000/_next/static/chunks/node_modules_next_dist_compiled_react-dom_096_9a-._.js:8688:17)
    at recursivelyTraversePassiveMountEffects (http://localhost:3000/_next/static/chunks/node_modules_next_dist_compiled_react-dom_096_9a-._.js:8676:316)
    at commitPassiveMountOnFiber (http://localhost:3000/_next/static/chunks/node_modules_next_dist_compiled_react-dom_096_9a-._.js:8688:17)
    at recursivelyTraversePassiveMountEffects (http://localhost:3000/_next/static/chunks/node_modules_next_dist_compiled_react-dom_096_9a-._.js:8676:316)
    at commitPassiveMountOnFiber (http://localhost:3000/_next/static/chunks/node_modules_next_dist_compiled_react-dom_096_9a-._.js:8738:783)
    at recursivelyTraversePassiveMountEffects (http://localhost:3000/_next/static/chunks/node_modules_next_dist_compiled_react-dom_096_9a-._.js:8676:316)
    at commitPassiveMountOnFiber (http://localhost:3000/_next/static/chunks/node_modules_next_dist_compiled_react-dom_096_9a-._.js:8730:17)
    at recursivelyTraversePassiveMountEffects (http://localhost:3000/_next/static/chunks/node_modules_next_dist_compiled_react-dom_096_9a-._.js:8676:316)
    at commitPassiveMountOnFiber (http://localhost:3000/_next/static/chunks/node_modules_next_dist_compiled_react-dom_096_9a-._.js:8688:17)
    at recursivelyTraversePassiveMountEffects (http://localhost:3000/_next/static/chunks/node_modules_next_dist_compiled_react-dom_096_9a-._.js:8676:316)
    at commitPassiveMountOnFiber (http://localhost:3000/_next/static/chunks/node_modules_next_dist_compiled_react-dom_096_9a-._.js:8688:17)
    at recursivelyTraversePassiveMountEffects (http://localhost:3000/_next/static/chunks/node_modules_next_dist_compiled_react-dom_096_9a-._.js:8676:316)
    at commitPassiveMountOnFiber (http://localhost:3000/_next/static/chunks/node_modules_next_dist_compiled_react-dom_096_9a-._.js:8688:17)
    at recursivelyTraversePassiveMountEffects (http://localhost:3000/_next/static/chunks/node_modules_next_dist_compiled_react-dom_096_9a-._.js:8676:316)
    at commitPassiveMountOnFiber (http://localhost:3000/_next/static/chunks/node_modules_next_dist_compiled_react-dom_096_9a-._.js:8688:17)
    at recursivelyTraversePassiveMountEffects (http://localhost:3000/_next/static/chunks/node_modules_next_dist_compiled_react-dom_096_9a-._.js:8676:316)
    at commitPassiveMountOnFiber (http://localhost:3000/_next/static/chunks/node_modules_next_dist_compiled_react-dom_096_9a-._.js:8750:17)
    at recursivelyTraversePassiveMountEffects (http://localhost:3000/_next/static/chunks/node_modules_next_dist_compiled_react-dom_096_9a-._.js:8676:316)
    at commitPassiveMountOnFiber (http://localhost:3000/_next/static/chunks/node_modules_next_dist_compiled_react-dom_096_9a-._.js:8750:17)
    at recursivelyTraversePassiveMountEffects (http://localhost:3000/_next/static/chunks/node_modules_next_dist_compiled_react-dom_096_9a-._.js:8676:316)
    at commitPassiveMountOnFiber (http://localhost:3000/_next/static/chunks/node_modules_next_dist_compiled_react-dom_096_9a-._.js:8688:17)
    at recursivelyTraversePassiveMountEffects (http://localhost:3000/_next/static/chunks/node_modules_next_dist_compiled_react-dom_096_9a-._.js:8676:316)
    at commitPassiveMountOnFiber (http://localhost:3000/_next/static/chunks/node_modules_next_dist_compiled_react-dom_096_9a-._.js:8693:17)
    at recursivelyTraversePassiveMountEffects (http://localhost:3000/_next/static/chunks/node_modules_next_dist_compiled_react-dom_096_9a-._.js:8676:316)
    at commitPassiveMountOnFiber (http://localhost:3000/_next/static/chunks/node_modules_next_dist_compiled_react-dom_096_9a-._.js:8688:17)
    at recursivelyTraversePassiveMountEffects (http://localhost:3000/_next/static/chunks/node_modules_next_dist_compiled_react-dom_096_9a-._.js:8676:316)
    at commitPassiveMountOnFiber (http://localhost:3000/_next/static/chunks/node_modules_next_dist_compiled_react-dom_096_9a-._.js:8693:17)
    at recursivelyTraversePassiveMountEffects (http://localhost:3000/_next/static/chunks/node_modules_next_dist_compiled_react-dom_096_9a-._.js:8676:316)
    at commitPassiveMountOnFiber (http://localhost:3000/_next/static/chunks/node_modules_next_dist_compiled_react-dom_096_9a-._.js:8688:17) @ http://localhost:3000/_next/static/chunks/node_modules_next_dist_1ybzpk2._.js:3330
[  844483ms] [LOG] [Fast Refresh] done in 43ms @ http://localhost:3000/_next/static/chunks/node_modules_next_dist_1ybzpk2._.js:2489
[  857589ms] [LOG] [Fast Refresh] rebuilding @ http://localhost:3000/_next/static/chunks/node_modules_next_dist_1ybzpk2._.js:2489
[  857594ms] [ERROR] %o

%s ReferenceError: elRef is not defined
    at MissionBrief.useEffect (http://localhost:3000/_next/static/chunks/src_0t0g3nm._.js?id=%255Bproject%255D%252Fsrc%252Fui%252FMissionBrief.tsx+%255Bapp-client%255D+%2528ecmascript%2529:287:24)
    at Object.react_stack_bottom_frame (http://localhost:3000/_next/static/chunks/node_modules_next_dist_compiled_react-dom_096_9a-._.js:15087:22)
    at runWithFiberInDEV (http://localhost:3000/_next/static/chunks/node_modules_next_dist_compiled_react-dom_096_9a-._.js:965:74)
    at commitHookEffectListMount (http://localhost:3000/_next/static/chunks/node_modules_next_dist_compiled_react-dom_096_9a-._.js:7255:167)
    at commitHookPassiveMountEffects (http://localhost:3000/_next/static/chunks/node_modules_next_dist_compiled_react-dom_096_9a-._.js:7290:60)
    at commitPassiveMountOnFiber (http://localhost:3000/_next/static/chunks/node_modules_next_dist_compiled_react-dom_096_9a-._.js:8689:33)
    at recursivelyTraversePassiveMountEffects (http://localhost:3000/_next/static/chunks/node_modules_next_dist_compiled_react-dom_096_9a-._.js:8676:316)
    at commitPassiveMountOnFiber (http://localhost:3000/_next/static/chunks/node_modules_next_dist_compiled_react-dom_096_9a-._.js:8750:17)
    at recursivelyTraversePassiveMountEffects (http://localhost:3000/_next/static/chunks/node_modules_next_dist_compiled_react-dom_096_9a-._.js:8676:316)
    at commitPassiveMountOnFiber (http://localhost:3000/_next/static/chunks/node_modules_next_dist_compiled_react-dom_096_9a-._.js:8693:17)
    at recursivelyTraversePassiveMountEffects (http://localhost:3000/_next/static/chunks/node_modules_next_dist_compiled_react-dom_096_9a-._.js:8676:316)
    at commitPassiveMountOnFiber (http://localhost:3000/_next/static/chunks/node_modules_next_dist_compiled_react-dom_096_9a-._.js:8688:17)
    at recursivelyTraversePassiveMountEffects (http://localhost:3000/_next/static/chunks/node_modules_next_dist_compiled_react-dom_096_9a-._.js:8676:316)
    at commitPassiveMountOnFiber (http://localhost:3000/_next/static/chunks/node_modules_next_dist_compiled_react-dom_096_9a-._.js:8750:17)
    at recursivelyTraversePassiveMountEffects (http://localhost:3000/_next/static/chunks/node_modules_next_dist_compiled_react-dom_096_9a-._.js:8676:316)
    at commitPassiveMountOnFiber (http://localhost:3000/_next/static/chunks/node_modules_next_dist_compiled_react-dom_096_9a-._.js:8688:17)
    at recursivelyTraversePassiveMountEffects (http://localhost:3000/_next/static/chunks/node_modules_next_dist_compiled_react-dom_096_9a-._.js:8676:316)
    at commitPassiveMountOnFiber (http://localhost:3000/_next/static/chunks/node_modules_next_dist_compiled_react-dom_096_9a-._.js:8750:17)
    at recursivelyTraversePassiveMountEffects (http://localhost:3000/_next/static/chunks/node_modules_next_dist_compiled_react-dom_096_9a-._.js:8676:316)
    at commitPassiveMountOnFiber (http://localhost:3000/_next/static/chunks/node_modules_next_dist_compiled_react-dom_096_9a-._.js:8693:17)
    at recursivelyTraversePassiveMountEffects (http://localhost:3000/_next/static/chunks/node_modules_next_dist_compiled_react-dom_096_9a-._.js:8676:316)
    at commitPassiveMountOnFiber (http://localhost:3000/_next/static/chunks/node_modules_next_dist_compiled_react-dom_096_9a-._.js:8688:17)
    at recursivelyTraversePassiveMountEffects (http://localhost:3000/_next/static/chunks/node_modules_next_dist_compiled_react-dom_096_9a-._.js:8676:316)
    at commitPassiveMountOnFiber (http://localhost:3000/_next/static/chunks/node_modules_next_dist_compiled_react-dom_096_9a-._.js:8688:17)
    at recursivelyTraversePassiveMountEffects (http://localhost:3000/_next/static/chunks/node_modules_next_dist_compiled_react-dom_096_9a-._.js:8676:316)
    at commitPassiveMountOnFiber (http://localhost:3000/_next/static/chunks/node_modules_next_dist_compiled_react-dom_096_9a-._.js:8738:783)
    at recursivelyTraversePassiveMountEffects (http://localhost:3000/_next/static/chunks/node_modules_next_dist_compiled_react-dom_096_9a-._.js:8676:316)
    at commitPassiveMountOnFiber (http://localhost:3000/_next/static/chunks/node_modules_next_dist_compiled_react-dom_096_9a-._.js:8730:17)
    at recursivelyTraversePassiveMountEffects (http://localhost:3000/_next/static/chunks/node_modules_next_dist_compiled_react-dom_096_9a-._.js:8676:316)
    at commitPassiveMountOnFiber (http://localhost:3000/_next/static/chunks/node_modules_next_dist_compiled_react-dom_096_9a-._.js:8688:17)
    at recursivelyTraversePassiveMountEffects (http://localhost:3000/_next/static/chunks/node_modules_next_dist_compiled_react-dom_096_9a-._.js:8676:316)
    at commitPassiveMountOnFiber (http://localhost:3000/_next/static/chunks/node_modules_next_dist_compiled_react-dom_096_9a-._.js:8688:17)
    at recursivelyTraversePassiveMountEffects (http://localhost:3000/_next/static/chunks/node_modules_next_dist_compiled_react-dom_096_9a-._.js:8676:316)
    at commitPassiveMountOnFiber (http://localhost:3000/_next/static/chunks/node_modules_next_dist_compiled_react-dom_096_9a-._.js:8688:17)
    at recursivelyTraversePassiveMountEffects (http://localhost:3000/_next/static/chunks/node_modules_next_dist_compiled_react-dom_096_9a-._.js:8676:316)
    at commitPassiveMountOnFiber (http://localhost:3000/_next/static/chunks/node_modules_next_dist_compiled_react-dom_096_9a-._.js:8688:17)
    at recursivelyTraversePassiveMountEffects (http://localhost:3000/_next/static/chunks/node_modules_next_dist_compiled_react-dom_096_9a-._.js:8676:316)
    at commitPassiveMountOnFiber (http://localhost:3000/_next/static/chunks/node_modules_next_dist_compiled_react-dom_096_9a-._.js:8750:17)
    at recursivelyTraversePassiveMountEffects (http://localhost:3000/_next/static/chunks/node_modules_next_dist_compiled_react-dom_096_9a-._.js:8676:316)
    at commitPassiveMountOnFiber (http://localhost:3000/_next/static/chunks/node_modules_next_dist_compiled_react-dom_096_9a-._.js:8750:17)
    at recursivelyTraversePassiveMountEffects (http://localhost:3000/_next/static/chunks/node_modules_next_dist_compiled_react-dom_096_9a-._.js:8676:316)
    at commitPassiveMountOnFiber (http://localhost:3000/_next/static/chunks/node_modules_next_dist_compiled_react-dom_096_9a-._.js:8688:17)
    at recursivelyTraversePassiveMountEffects (http://localhost:3000/_next/static/chunks/node_modules_next_dist_compiled_react-dom_096_9a-._.js:8676:316)
    at commitPassiveMountOnFiber (http://localhost:3000/_next/static/chunks/node_modules_next_dist_compiled_react-dom_096_9a-._.js:8693:17)
    at recursivelyTraversePassiveMountEffects (http://localhost:3000/_next/static/chunks/node_modules_next_dist_compiled_react-dom_096_9a-._.js:8676:316)
    at commitPassiveMountOnFiber (http://localhost:3000/_next/static/chunks/node_modules_next_dist_compiled_react-dom_096_9a-._.js:8688:17)
    at recursivelyTraversePassiveMountEffects (http://localhost:3000/_next/static/chunks/node_modules_next_dist_compiled_react-dom_096_9a-._.js:8676:316)
    at commitPassiveMountOnFiber (http://localhost:3000/_next/static/chunks/node_modules_next_dist_compiled_react-dom_096_9a-._.js:8693:17)
    at recursivelyTraversePassiveMountEffects (http://localhost:3000/_next/static/chunks/node_modules_next_dist_compiled_react-dom_096_9a-._.js:8676:316)
    at commitPassiveMountOnFiber (http://localhost:3000/_next/static/chunks/node_modules_next_dist_compiled_react-dom_096_9a-._.js:8688:17) The above error occurred in the <MissionBrief> component. It was handled by the <ErrorBoundary> error boundary. @ http://localhost:3000/_next/static/chunks/node_modules_next_dist_client_0r5nbpw._.js:1998
[  857594ms] [ERROR] [eow] boundary caught: ReferenceError: elRef is not defined
    at MissionBrief.useEffect (http://localhost:3000/_next/static/chunks/src_0t0g3nm._.js?id=%255Bproject%255D%252Fsrc%252Fui%252FMissionBrief.tsx+%255Bapp-client%255D+%2528ecmascript%2529:287:24)
    at Object.react_stack_bottom_frame (http://localhost:3000/_next/static/chunks/node_modules_next_dist_compiled_react-dom_096_9a-._.js:15087:22)
    at runWithFiberInDEV (http://localhost:3000/_next/static/chunks/node_modules_next_dist_compiled_react-dom_096_9a-._.js:965:74)
    at commitHookEffectListMount (http://localhost:3000/_next/static/chunks/node_modules_next_dist_compiled_react-dom_096_9a-._.js:7255:167)
    at commitHookPassiveMountEffects (http://localhost:3000/_next/static/chunks/node_modules_next_dist_compiled_react-dom_096_9a-._.js:7290:60)
    at commitPassiveMountOnFiber (http://localhost:3000/_next/static/chunks/node_modules_next_dist_compiled_react-dom_096_9a-._.js:8689:33)
    at recursivelyTraversePassiveMountEffects (http://localhost:3000/_next/static/chunks/node_modules_next_dist_compiled_react-dom_096_9a-._.js:8676:316)
    at commitPassiveMountOnFiber (http://localhost:3000/_next/static/chunks/node_modules_next_dist_compiled_react-dom_096_9a-._.js:8750:17)
    at recursivelyTraversePassiveMountEffects (http://localhost:3000/_next/static/chunks/node_modules_next_dist_compiled_react-dom_096_9a-._.js:8676:316)
    at commitPassiveMountOnFiber (http://localhost:3000/_next/static/chunks/node_modules_next_dist_compiled_react-dom_096_9a-._.js:8693:17)
    at recursivelyTraversePassiveMountEffects (http://localhost:3000/_next/static/chunks/node_modules_next_dist_compiled_react-dom_096_9a-._.js:8676:316)
    at commitPassiveMountOnFiber (http://localhost:3000/_next/static/chunks/node_modules_next_dist_compiled_react-dom_096_9a-._.js:8688:17)
    at recursivelyTraversePassiveMountEffects (http://localhost:3000/_next/static/chunks/node_modules_next_dist_compiled_react-dom_096_9a-._.js:8676:316)
    at commitPassiveMountOnFiber (http://localhost:3000/_next/static/chunks/node_modules_next_dist_compiled_react-dom_096_9a-._.js:8750:17)
    at recursivelyTraversePassiveMountEffects (http://localhost:3000/_next/static/chunks/node_modules_next_dist_compiled_react-dom_096_9a-._.js:8676:316)
    at commitPassiveMountOnFiber (http://localhost:3000/_next/static/chunks/node_modules_next_dist_compiled_react-dom_096_9a-._.js:8688:17)
    at recursivelyTraversePassiveMountEffects (http://localhost:3000/_next/static/chunks/node_modules_next_dist_compiled_react-dom_096_9a-._.js:8676:316)
    at commitPassiveMountOnFiber (http://localhost:3000/_next/static/chunks/node_modules_next_dist_compiled_react-dom_096_9a-._.js:8750:17)
    at recursivelyTraversePassiveMountEffects (http://localhost:3000/_next/static/chunks/node_modules_next_dist_compiled_react-dom_096_9a-._.js:8676:316)
    at commitPassiveMountOnFiber (http://localhost:3000/_next/static/chunks/node_modules_next_dist_compiled_react-dom_096_9a-._.js:8693:17)
    at recursivelyTraversePassiveMountEffects (http://localhost:3000/_next/static/chunks/node_modules_next_dist_compiled_react-dom_096_9a-._.js:8676:316)
    at commitPassiveMountOnFiber (http://localhost:3000/_next/static/chunks/node_modules_next_dist_compiled_react-dom_096_9a-._.js:8688:17)
    at recursivelyTraversePassiveMountEffects (http://localhost:3000/_next/static/chunks/node_modules_next_dist_compiled_react-dom_096_9a-._.js:8676:316)
    at commitPassiveMountOnFiber (http://localhost:3000/_next/static/chunks/node_modules_next_dist_compiled_react-dom_096_9a-._.js:8688:17)
    at recursivelyTraversePassiveMountEffects (http://localhost:3000/_next/static/chunks/node_modules_next_dist_compiled_react-dom_096_9a-._.js:8676:316)
    at commitPassiveMountOnFiber (http://localhost:3000/_next/static/chunks/node_modules_next_dist_compiled_react-dom_096_9a-._.js:8738:783)
    at recursivelyTraversePassiveMountEffects (http://localhost:3000/_next/static/chunks/node_modules_next_dist_compiled_react-dom_096_9a-._.js:8676:316)
    at commitPassiveMountOnFiber (http://localhost:3000/_next/static/chunks/node_modules_next_dist_compiled_react-dom_096_9a-._.js:8730:17)
    at recursivelyTraversePassiveMountEffects (http://localhost:3000/_next/static/chunks/node_modules_next_dist_compiled_react-dom_096_9a-._.js:8676:316)
    at commitPassiveMountOnFiber (http://localhost:3000/_next/static/chunks/node_modules_next_dist_compiled_react-dom_096_9a-._.js:8688:17)
    at recursivelyTraversePassiveMountEffects (http://localhost:3000/_next/static/chunks/node_modules_next_dist_compiled_react-dom_096_9a-._.js:8676:316)
    at commitPassiveMountOnFiber (http://localhost:3000/_next/static/chunks/node_modules_next_dist_compiled_react-dom_096_9a-._.js:8688:17)
    at recursivelyTraversePassiveMountEffects (http://localhost:3000/_next/static/chunks/node_modules_next_dist_compiled_react-dom_096_9a-._.js:8676:316)
    at commitPassiveMountOnFiber (http://localhost:3000/_next/static/chunks/node_modules_next_dist_compiled_react-dom_096_9a-._.js:8688:17)
    at recursivelyTraversePassiveMountEffects (http://localhost:3000/_next/static/chunks/node_modules_next_dist_compiled_react-dom_096_9a-._.js:8676:316)
    at commitPassiveMountOnFiber (http://localhost:3000/_next/static/chunks/node_modules_next_dist_compiled_react-dom_096_9a-._.js:8688:17)
    at recursivelyTraversePassiveMountEffects (http://localhost:3000/_next/static/chunks/node_modules_next_dist_compiled_react-dom_096_9a-._.js:8676:316)
    at commitPassiveMountOnFiber (http://localhost:3000/_next/static/chunks/node_modules_next_dist_compiled_react-dom_096_9a-._.js:8750:17)
    at recursivelyTraversePassiveMountEffects (http://localhost:3000/_next/static/chunks/node_modules_next_dist_compiled_react-dom_096_9a-._.js:8676:316)
    at commitPassiveMountOnFiber (http://localhost:3000/_next/static/chunks/node_modules_next_dist_compiled_react-dom_096_9a-._.js:8750:17)
    at recursivelyTraversePassiveMountEffects (http://localhost:3000/_next/static/chunks/node_modules_next_dist_compiled_react-dom_096_9a-._.js:8676:316)
    at commitPassiveMountOnFiber (http://localhost:3000/_next/static/chunks/node_modules_next_dist_compiled_react-dom_096_9a-._.js:8688:17)
    at recursivelyTraversePassiveMountEffects (http://localhost:3000/_next/static/chunks/node_modules_next_dist_compiled_react-dom_096_9a-._.js:8676:316)
    at commitPassiveMountOnFiber (http://localhost:3000/_next/static/chunks/node_modules_next_dist_compiled_react-dom_096_9a-._.js:8693:17)
    at recursivelyTraversePassiveMountEffects (http://localhost:3000/_next/static/chunks/node_modules_next_dist_compiled_react-dom_096_9a-._.js:8676:316)
    at commitPassiveMountOnFiber (http://localhost:3000/_next/static/chunks/node_modules_next_dist_compiled_react-dom_096_9a-._.js:8688:17)
    at recursivelyTraversePassiveMountEffects (http://localhost:3000/_next/static/chunks/node_modules_next_dist_compiled_react-dom_096_9a-._.js:8676:316)
    at commitPassiveMountOnFiber (http://localhost:3000/_next/static/chunks/node_modules_next_dist_compiled_react-dom_096_9a-._.js:8693:17)
    at recursivelyTraversePassiveMountEffects (http://localhost:3000/_next/static/chunks/node_modules_next_dist_compiled_react-dom_096_9a-._.js:8676:316)
    at commitPassiveMountOnFiber (http://localhost:3000/_next/static/chunks/node_modules_next_dist_compiled_react-dom_096_9a-._.js:8688:17) @ http://localhost:3000/_next/static/chunks/node_modules_next_dist_1ybzpk2._.js:3330
[  857643ms] [LOG] [Fast Refresh] done in 39ms @ http://localhost:3000/_next/static/chunks/node_modules_next_dist_1ybzpk2._.js:2489
[  887868ms] [LOG] [Fast Refresh] rebuilding @ http://localhost:3000/_next/static/chunks/node_modules_next_dist_1ybzpk2._.js:2489
[  887879ms] [ERROR] %o

%s ReferenceError: narrationAudio is not defined
    at MissionBrief.useEffect (http://localhost:3000/_next/static/chunks/src_0t0g3nm._.js?id=%255Bproject%255D%252Fsrc%252Fui%252FMissionBrief.tsx+%255Bapp-client%255D+%2528ecmascript%2529:129:24)
    at Object.react_stack_bottom_frame (http://localhost:3000/_next/static/chunks/node_modules_next_dist_compiled_react-dom_096_9a-._.js:15087:22)
    at runWithFiberInDEV (http://localhost:3000/_next/static/chunks/node_modules_next_dist_compiled_react-dom_096_9a-._.js:965:74)
    at commitHookEffectListMount (http://localhost:3000/_next/static/chunks/node_modules_next_dist_compiled_react-dom_096_9a-._.js:7255:167)
    at commitHookPassiveMountEffects (http://localhost:3000/_next/static/chunks/node_modules_next_dist_compiled_react-dom_096_9a-._.js:7290:60)
    at commitPassiveMountOnFiber (http://localhost:3000/_next/static/chunks/node_modules_next_dist_compiled_react-dom_096_9a-._.js:8689:33)
    at recursivelyTraversePassiveMountEffects (http://localhost:3000/_next/static/chunks/node_modules_next_dist_compiled_react-dom_096_9a-._.js:8676:316)
    at commitPassiveMountOnFiber (http://localhost:3000/_next/static/chunks/node_modules_next_dist_compiled_react-dom_096_9a-._.js:8750:17)
    at recursivelyTraversePassiveMountEffects (http://localhost:3000/_next/static/chunks/node_modules_next_dist_compiled_react-dom_096_9a-._.js:8676:316)
    at commitPassiveMountOnFiber (http://localhost:3000/_next/static/chunks/node_modules_next_dist_compiled_react-dom_096_9a-._.js:8693:17)
    at recursivelyTraversePassiveMountEffects (http://localhost:3000/_next/static/chunks/node_modules_next_dist_compiled_react-dom_096_9a-._.js:8676:316)
    at commitPassiveMountOnFiber (http://localhost:3000/_next/static/chunks/node_modules_next_dist_compiled_react-dom_096_9a-._.js:8688:17)
    at recursivelyTraversePassiveMountEffects (http://localhost:3000/_next/static/chunks/node_modules_next_dist_compiled_react-dom_096_9a-._.js:8676:316)
    at commitPassiveMountOnFiber (http://localhost:3000/_next/static/chunks/node_modules_next_dist_compiled_react-dom_096_9a-._.js:8750:17)
    at recursivelyTraversePassiveMountEffects (http://localhost:3000/_next/static/chunks/node_modules_next_dist_compiled_react-dom_096_9a-._.js:8676:316)
    at commitPassiveMountOnFiber (http://localhost:3000/_next/static/chunks/node_modules_next_dist_compiled_react-dom_096_9a-._.js:8688:17)
    at recursivelyTraversePassiveMountEffects (http://localhost:3000/_next/static/chunks/node_modules_next_dist_compiled_react-dom_096_9a-._.js:8676:316)
    at commitPassiveMountOnFiber (http://localhost:3000/_next/static/chunks/node_modules_next_dist_compiled_react-dom_096_9a-._.js:8750:17)
    at recursivelyTraversePassiveMountEffects (http://localhost:3000/_next/static/chunks/node_modules_next_dist_compiled_react-dom_096_9a-._.js:8676:316)
    at commitPassiveMountOnFiber (http://localhost:3000/_next/static/chunks/node_modules_next_dist_compiled_react-dom_096_9a-._.js:8693:17)
    at recursivelyTraversePassiveMountEffects (http://localhost:3000/_next/static/chunks/node_modules_next_dist_compiled_react-dom_096_9a-._.js:8676:316)
    at commitPassiveMountOnFiber (http://localhost:3000/_next/static/chunks/node_modules_next_dist_compiled_react-dom_096_9a-._.js:8688:17)
    at recursivelyTraversePassiveMountEffects (http://localhost:3000/_next/static/chunks/node_modules_next_dist_compiled_react-dom_096_9a-._.js:8676:316)
    at commitPassiveMountOnFiber (http://localhost:3000/_next/static/chunks/node_modules_next_dist_compiled_react-dom_096_9a-._.js:8688:17)
    at recursivelyTraversePassiveMountEffects (http://localhost:3000/_next/static/chunks/node_modules_next_dist_compiled_react-dom_096_9a-._.js:8676:316)
    at commitPassiveMountOnFiber (http://localhost:3000/_next/static/chunks/node_modules_next_dist_compiled_react-dom_096_9a-._.js:8738:783)
    at recursivelyTraversePassiveMountEffects (http://localhost:3000/_next/static/chunks/node_modules_next_dist_compiled_react-dom_096_9a-._.js:8676:316)
    at commitPassiveMountOnFiber (http://localhost:3000/_next/static/chunks/node_modules_next_dist_compiled_react-dom_096_9a-._.js:8730:17)
    at recursivelyTraversePassiveMountEffects (http://localhost:3000/_next/static/chunks/node_modules_next_dist_compiled_react-dom_096_9a-._.js:8676:316)
    at commitPassiveMountOnFiber (http://localhost:3000/_next/static/chunks/node_modules_next_dist_compiled_react-dom_096_9a-._.js:8688:17)
    at recursivelyTraversePassiveMountEffects (http://localhost:3000/_next/static/chunks/node_modules_next_dist_compiled_react-dom_096_9a-._.js:8676:316)
    at commitPassiveMountOnFiber (http://localhost:3000/_next/static/chunks/node_modules_next_dist_compiled_react-dom_096_9a-._.js:8688:17)
    at recursivelyTraversePassiveMountEffects (http://localhost:3000/_next/static/chunks/node_modules_next_dist_compiled_react-dom_096_9a-._.js:8676:316)
    at commitPassiveMountOnFiber (http://localhost:3000/_next/static/chunks/node_modules_next_dist_compiled_react-dom_096_9a-._.js:8688:17)
    at recursivelyTraversePassiveMountEffects (http://localhost:3000/_next/static/chunks/node_modules_next_dist_compiled_react-dom_096_9a-._.js:8676:316)
    at commitPassiveMountOnFiber (http://localhost:3000/_next/static/chunks/node_modules_next_dist_compiled_react-dom_096_9a-._.js:8688:17)
    at recursivelyTraversePassiveMountEffects (http://localhost:3000/_next/static/chunks/node_modules_next_dist_compiled_react-dom_096_9a-._.js:8676:316)
    at commitPassiveMountOnFiber (http://localhost:3000/_next/static/chunks/node_modules_next_dist_compiled_react-dom_096_9a-._.js:8750:17)
    at recursivelyTraversePassiveMountEffects (http://localhost:3000/_next/static/chunks/node_modules_next_dist_compiled_react-dom_096_9a-._.js:8676:316)
    at commitPassiveMountOnFiber (http://localhost:3000/_next/static/chunks/node_modules_next_dist_compiled_react-dom_096_9a-._.js:8750:17)
    at recursivelyTraversePassiveMountEffects (http://localhost:3000/_next/static/chunks/node_modules_next_dist_compiled_react-dom_096_9a-._.js:8676:316)
    at commitPassiveMountOnFiber (http://localhost:3000/_next/static/chunks/node_modules_next_dist_compiled_react-dom_096_9a-._.js:8688:17)
    at recursivelyTraversePassiveMountEffects (http://localhost:3000/_next/static/chunks/node_modules_next_dist_compiled_react-dom_096_9a-._.js:8676:316)
    at commitPassiveMountOnFiber (http://localhost:3000/_next/static/chunks/node_modules_next_dist_compiled_react-dom_096_9a-._.js:8693:17)
    at recursivelyTraversePassiveMountEffects (http://localhost:3000/_next/static/chunks/node_modules_next_dist_compiled_react-dom_096_9a-._.js:8676:316)
    at commitPassiveMountOnFiber (http://localhost:3000/_next/static/chunks/node_modules_next_dist_compiled_react-dom_096_9a-._.js:8688:17)
    at recursivelyTraversePassiveMountEffects (http://localhost:3000/_next/static/chunks/node_modules_next_dist_compiled_react-dom_096_9a-._.js:8676:316)
    at commitPassiveMountOnFiber (http://localhost:3000/_next/static/chunks/node_modules_next_dist_compiled_react-dom_096_9a-._.js:8693:17)
    at recursivelyTraversePassiveMountEffects (http://localhost:3000/_next/static/chunks/node_modules_next_dist_compiled_react-dom_096_9a-._.js:8676:316)
    at commitPassiveMountOnFiber (http://localhost:3000/_next/static/chunks/node_modules_next_dist_compiled_react-dom_096_9a-._.js:8688:17) The above error occurred in the <MissionBrief> component. It was handled by the <ErrorBoundary> error boundary. @ http://localhost:3000/_next/static/chunks/node_modules_next_dist_client_0r5nbpw._.js:1998
[  887879ms] [ERROR] [eow] boundary caught: ReferenceError: narrationAudio is not defined
    at MissionBrief.useEffect (http://localhost:3000/_next/static/chunks/src_0t0g3nm._.js?id=%255Bproject%255D%252Fsrc%252Fui%252FMissionBrief.tsx+%255Bapp-client%255D+%2528ecmascript%2529:129:24)
    at Object.react_stack_bottom_frame (http://localhost:3000/_next/static/chunks/node_modules_next_dist_compiled_react-dom_096_9a-._.js:15087:22)
    at runWithFiberInDEV (http://localhost:3000/_next/static/chunks/node_modules_next_dist_compiled_react-dom_096_9a-._.js:965:74)
    at commitHookEffectListMount (http://localhost:3000/_next/static/chunks/node_modules_next_dist_compiled_react-dom_096_9a-._.js:7255:167)
    at commitHookPassiveMountEffects (http://localhost:3000/_next/static/chunks/node_modules_next_dist_compiled_react-dom_096_9a-._.js:7290:60)
    at commitPassiveMountOnFiber (http://localhost:3000/_next/static/chunks/node_modules_next_dist_compiled_react-dom_096_9a-._.js:8689:33)
    at recursivelyTraversePassiveMountEffects (http://localhost:3000/_next/static/chunks/node_modules_next_dist_compiled_react-dom_096_9a-._.js:8676:316)
    at commitPassiveMountOnFiber (http://localhost:3000/_next/static/chunks/node_modules_next_dist_compiled_react-dom_096_9a-._.js:8750:17)
    at recursivelyTraversePassiveMountEffects (http://localhost:3000/_next/static/chunks/node_modules_next_dist_compiled_react-dom_096_9a-._.js:8676:316)
    at commitPassiveMountOnFiber (http://localhost:3000/_next/static/chunks/node_modules_next_dist_compiled_react-dom_096_9a-._.js:8693:17)
    at recursivelyTraversePassiveMountEffects (http://localhost:3000/_next/static/chunks/node_modules_next_dist_compiled_react-dom_096_9a-._.js:8676:316)
    at commitPassiveMountOnFiber (http://localhost:3000/_next/static/chunks/node_modules_next_dist_compiled_react-dom_096_9a-._.js:8688:17)
    at recursivelyTraversePassiveMountEffects (http://localhost:3000/_next/static/chunks/node_modules_next_dist_compiled_react-dom_096_9a-._.js:8676:316)
    at commitPassiveMountOnFiber (http://localhost:3000/_next/static/chunks/node_modules_next_dist_compiled_react-dom_096_9a-._.js:8750:17)
    at recursivelyTraversePassiveMountEffects (http://localhost:3000/_next/static/chunks/node_modules_next_dist_compiled_react-dom_096_9a-._.js:8676:316)
    at commitPassiveMountOnFiber (http://localhost:3000/_next/static/chunks/node_modules_next_dist_compiled_react-dom_096_9a-._.js:8688:17)
    at recursivelyTraversePassiveMountEffects (http://localhost:3000/_next/static/chunks/node_modules_next_dist_compiled_react-dom_096_9a-._.js:8676:316)
    at commitPassiveMountOnFiber (http://localhost:3000/_next/static/chunks/node_modules_next_dist_compiled_react-dom_096_9a-._.js:8750:17)
    at recursivelyTraversePassiveMountEffects (http://localhost:3000/_next/static/chunks/node_modules_next_dist_compiled_react-dom_096_9a-._.js:8676:316)
    at commitPassiveMountOnFiber (http://localhost:3000/_next/static/chunks/node_modules_next_dist_compiled_react-dom_096_9a-._.js:8693:17)
    at recursivelyTraversePassiveMountEffects (http://localhost:3000/_next/static/chunks/node_modules_next_dist_compiled_react-dom_096_9a-._.js:8676:316)
    at commitPassiveMountOnFiber (http://localhost:3000/_next/static/chunks/node_modules_next_dist_compiled_react-dom_096_9a-._.js:8688:17)
    at recursivelyTraversePassiveMountEffects (http://localhost:3000/_next/static/chunks/node_modules_next_dist_compiled_react-dom_096_9a-._.js:8676:316)
    at commitPassiveMountOnFiber (http://localhost:3000/_next/static/chunks/node_modules_next_dist_compiled_react-dom_096_9a-._.js:8688:17)
    at recursivelyTraversePassiveMountEffects (http://localhost:3000/_next/static/chunks/node_modules_next_dist_compiled_react-dom_096_9a-._.js:8676:316)
    at commitPassiveMountOnFiber (http://localhost:3000/_next/static/chunks/node_modules_next_dist_compiled_react-dom_096_9a-._.js:8738:783)
    at recursivelyTraversePassiveMountEffects (http://localhost:3000/_next/static/chunks/node_modules_next_dist_compiled_react-dom_096_9a-._.js:8676:316)
    at commitPassiveMountOnFiber (http://localhost:3000/_next/static/chunks/node_modules_next_dist_compiled_react-dom_096_9a-._.js:8730:17)
    at recursivelyTraversePassiveMountEffects (http://localhost:3000/_next/static/chunks/node_modules_next_dist_compiled_react-dom_096_9a-._.js:8676:316)
    at commitPassiveMountOnFiber (http://localhost:3000/_next/static/chunks/node_modules_next_dist_compiled_react-dom_096_9a-._.js:8688:17)
    at recursivelyTraversePassiveMountEffects (http://localhost:3000/_next/static/chunks/node_modules_next_dist_compiled_react-dom_096_9a-._.js:8676:316)
    at commitPassiveMountOnFiber (http://localhost:3000/_next/static/chunks/node_modules_next_dist_compiled_react-dom_096_9a-._.js:8688:17)
    at recursivelyTraversePassiveMountEffects (http://localhost:3000/_next/static/chunks/node_modules_next_dist_compiled_react-dom_096_9a-._.js:8676:316)
    at commitPassiveMountOnFiber (http://localhost:3000/_next/static/chunks/node_modules_next_dist_compiled_react-dom_096_9a-._.js:8688:17)
    at recursivelyTraversePassiveMountEffects (http://localhost:3000/_next/static/chunks/node_modules_next_dist_compiled_react-dom_096_9a-._.js:8676:316)
    at commitPassiveMountOnFiber (http://localhost:3000/_next/static/chunks/node_modules_next_dist_compiled_react-dom_096_9a-._.js:8688:17)
    at recursivelyTraversePassiveMountEffects (http://localhost:3000/_next/static/chunks/node_modules_next_dist_compiled_react-dom_096_9a-._.js:8676:316)
    at commitPassiveMountOnFiber (http://localhost:3000/_next/static/chunks/node_modules_next_dist_compiled_react-dom_096_9a-._.js:8750:17)
    at recursivelyTraversePassiveMountEffects (http://localhost:3000/_next/static/chunks/node_modules_next_dist_compiled_react-dom_096_9a-._.js:8676:316)
    at commitPassiveMountOnFiber (http://localhost:3000/_next/static/chunks/node_modules_next_dist_compiled_react-dom_096_9a-._.js:8750:17)
    at recursivelyTraversePassiveMountEffects (http://localhost:3000/_next/static/chunks/node_modules_next_dist_compiled_react-dom_096_9a-._.js:8676:316)
    at commitPassiveMountOnFiber (http://localhost:3000/_next/static/chunks/node_modules_next_dist_compiled_react-dom_096_9a-._.js:8688:17)
    at recursivelyTraversePassiveMountEffects (http://localhost:3000/_next/static/chunks/node_modules_next_dist_compiled_react-dom_096_9a-._.js:8676:316)
    at commitPassiveMountOnFiber (http://localhost:3000/_next/static/chunks/node_modules_next_dist_compiled_react-dom_096_9a-._.js:8693:17)
    at recursivelyTraversePassiveMountEffects (http://localhost:3000/_next/static/chunks/node_modules_next_dist_compiled_react-dom_096_9a-._.js:8676:316)
    at commitPassiveMountOnFiber (http://localhost:3000/_next/static/chunks/node_modules_next_dist_compiled_react-dom_096_9a-._.js:8688:17)
    at recursivelyTraversePassiveMountEffects (http://localhost:3000/_next/static/chunks/node_modules_next_dist_compiled_react-dom_096_9a-._.js:8676:316)
    at commitPassiveMountOnFiber (http://localhost:3000/_next/static/chunks/node_modules_next_dist_compiled_react-dom_096_9a-._.js:8693:17)
    at recursivelyTraversePassiveMountEffects (http://localhost:3000/_next/static/chunks/node_modules_next_dist_compiled_react-dom_096_9a-._.js:8676:316)
    at commitPassiveMountOnFiber (http://localhost:3000/_next/static/chunks/node_modules_next_dist_compiled_react-dom_096_9a-._.js:8688:17) @ http://localhost:3000/_next/static/chunks/node_modules_next_dist_1ybzpk2._.js:3330
[  887880ms] [ERROR] %o

%s ReferenceError: narrationAudio is not defined
    at MissionBrief.useEffect (http://localhost:3000/_next/static/chunks/src_0t0g3nm._.js?id=%255Bproject%255D%252Fsrc%252Fui%252FMissionBrief.tsx+%255Bapp-client%255D+%2528ecmascript%2529:1:1)
    at Object.react_stack_bottom_frame (http://localhost:3000/_next/static/chunks/node_modules_next_dist_compiled_react-dom_096_9a-._.js:15093:17)
    at runWithFiberInDEV (http://localhost:3000/_next/static/chunks/node_modules_next_dist_compiled_react-dom_096_9a-._.js:965:74)
    at commitHookEffectListUnmount (http://localhost:3000/_next/static/chunks/node_modules_next_dist_compiled_react-dom_096_9a-._.js:7280:166)
    at commitHookPassiveUnmountEffects (http://localhost:3000/_next/static/chunks/node_modules_next_dist_compiled_react-dom_096_9a-._.js:7293:60)
    at commitPassiveUnmountEffectsInsideOfDeletedTree_begin (http://localhost:3000/_next/static/chunks/node_modules_next_dist_compiled_react-dom_096_9a-._.js:8957:21)
    at recursivelyTraversePassiveUnmountEffects (http://localhost:3000/_next/static/chunks/node_modules_next_dist_compiled_react-dom_096_9a-._.js:8874:17)
    at commitPassiveUnmountOnFiber (http://localhost:3000/_next/static/chunks/node_modules_next_dist_compiled_react-dom_096_9a-._.js:8906:17)
    at recursivelyTraversePassiveUnmountEffects (http://localhost:3000/_next/static/chunks/node_modules_next_dist_compiled_react-dom_096_9a-._.js:8880:106)
    at commitPassiveUnmountOnFiber (http://localhost:3000/_next/static/chunks/node_modules_next_dist_compiled_react-dom_096_9a-._.js:8888:17)
    at recursivelyTraversePassiveUnmountEffects (http://localhost:3000/_next/static/chunks/node_modules_next_dist_compiled_react-dom_096_9a-._.js:8880:106)
    at commitPassiveUnmountOnFiber (http://localhost:3000/_next/static/chunks/node_modules_next_dist_compiled_react-dom_096_9a-._.js:8906:17)
    at recursivelyTraversePassiveUnmountEffects (http://localhost:3000/_next/static/chunks/node_modules_next_dist_compiled_react-dom_096_9a-._.js:8880:106)
    at commitPassiveUnmountOnFiber (http://localhost:3000/_next/static/chunks/node_modules_next_dist_compiled_react-dom_096_9a-._.js:8888:17)
    at recursivelyTraversePassiveUnmountEffects (http://localhost:3000/_next/static/chunks/node_modules_next_dist_compiled_react-dom_096_9a-._.js:8880:106)
    at commitPassiveUnmountOnFiber (http://localhost:3000/_next/static/chunks/node_modules_next_dist_compiled_react-dom_096_9a-._.js:8906:17)
    at recursivelyTraversePassiveUnmountEffects (http://localhost:3000/_next/static/chunks/node_modules_next_dist_compiled_react-dom_096_9a-._.js:8880:106)
    at commitPassiveUnmountOnFiber (http://localhost:3000/_next/static/chunks/node_modules_next_dist_compiled_react-dom_096_9a-._.js:8906:17)
    at recursivelyTraversePassiveUnmountEffects (http://localhost:3000/_next/static/chunks/node_modules_next_dist_compiled_react-dom_096_9a-._.js:8880:106)
    at commitPassiveUnmountOnFiber (http://localhost:3000/_next/static/chunks/node_modules_next_dist_compiled_react-dom_096_9a-._.js:8888:17)
    at recursivelyTraversePassiveUnmountEffects (http://localhost:3000/_next/static/chunks/node_modules_next_dist_compiled_react-dom_096_9a-._.js:8880:106)
    at commitPassiveUnmountOnFiber (http://localhost:3000/_next/static/chunks/node_modules_next_dist_compiled_react-dom_096_9a-._.js:8888:17)
    at recursivelyTraversePassiveUnmountEffects (http://localhost:3000/_next/static/chunks/node_modules_next_dist_compiled_react-dom_096_9a-._.js:8880:106)
    at commitPassiveUnmountOnFiber (http://localhost:3000/_next/static/chunks/node_modules_next_dist_compiled_react-dom_096_9a-._.js:8903:610)
    at recursivelyTraversePassiveUnmountEffects (http://localhost:3000/_next/static/chunks/node_modules_next_dist_compiled_react-dom_096_9a-._.js:8880:106)
    at commitPassiveUnmountOnFiber (http://localhost:3000/_next/static/chunks/node_modules_next_dist_compiled_react-dom_096_9a-._.js:8906:17)
    at recursivelyTraversePassiveUnmountEffects (http://localhost:3000/_next/static/chunks/node_modules_next_dist_compiled_react-dom_096_9a-._.js:8880:106)
    at commitPassiveUnmountOnFiber (http://localhost:3000/_next/static/chunks/node_modules_next_dist_compiled_react-dom_096_9a-._.js:8888:17)
    at recursivelyTraversePassiveUnmountEffects (http://localhost:3000/_next/static/chunks/node_modules_next_dist_compiled_react-dom_096_9a-._.js:8880:106)
    at commitPassiveUnmountOnFiber (http://localhost:3000/_next/static/chunks/node_modules_next_dist_compiled_react-dom_096_9a-._.js:8888:17)
    at recursivelyTraversePassiveUnmountEffects (http://localhost:3000/_next/static/chunks/node_modules_next_dist_compiled_react-dom_096_9a-._.js:8880:106)
    at commitPassiveUnmountOnFiber (http://localhost:3000/_next/static/chunks/node_modules_next_dist_compiled_react-dom_096_9a-._.js:8888:17)
    at recursivelyTraversePassiveUnmountEffects (http://localhost:3000/_next/static/chunks/node_modules_next_dist_compiled_react-dom_096_9a-._.js:8880:106)
    at commitPassiveUnmountOnFiber (http://localhost:3000/_next/static/chunks/node_modules_next_dist_compiled_react-dom_096_9a-._.js:8888:17)
    at recursivelyTraversePassiveUnmountEffects (http://localhost:3000/_next/static/chunks/node_modules_next_dist_compiled_react-dom_096_9a-._.js:8880:106)
    at commitPassiveUnmountOnFiber (http://localhost:3000/_next/static/chunks/node_modules_next_dist_compiled_react-dom_096_9a-._.js:8906:17)
    at recursivelyTraversePassiveUnmountEffects (http://localhost:3000/_next/static/chunks/node_modules_next_dist_compiled_react-dom_096_9a-._.js:8880:106)
    at commitPassiveUnmountOnFiber (http://localhost:3000/_next/static/chunks/node_modules_next_dist_compiled_react-dom_096_9a-._.js:8906:17)
    at recursivelyTraversePassiveUnmountEffects (http://localhost:3000/_next/static/chunks/node_modules_next_dist_compiled_react-dom_096_9a-._.js:8880:106)
    at commitPassiveUnmountOnFiber (http://localhost:3000/_next/static/chunks/node_modules_next_dist_compiled_react-dom_096_9a-._.js:8888:17)
    at recursivelyTraversePassiveUnmountEffects (http://localhost:3000/_next/static/chunks/node_modules_next_dist_compiled_react-dom_096_9a-._.js:8880:106)
    at commitPassiveUnmountOnFiber (http://localhost:3000/_next/static/chunks/node_modules_next_dist_compiled_react-dom_096_9a-._.js:8906:17)
    at recursivelyTraversePassiveUnmountEffects (http://localhost:3000/_next/static/chunks/node_modules_next_dist_compiled_react-dom_096_9a-._.js:8880:106)
    at commitPassiveUnmountOnFiber (http://localhost:3000/_next/static/chunks/node_modules_next_dist_compiled_react-dom_096_9a-._.js:8888:17)
    at recursivelyTraversePassiveUnmountEffects (http://localhost:3000/_next/static/chunks/node_modules_next_dist_compiled_react-dom_096_9a-._.js:8880:106)
    at commitPassiveUnmountOnFiber (http://localhost:3000/_next/static/chunks/node_modules_next_dist_compiled_react-dom_096_9a-._.js:8906:17)
    at recursivelyTraversePassiveUnmountEffects (http://localhost:3000/_next/static/chunks/node_modules_next_dist_compiled_react-dom_096_9a-._.js:8880:106)
    at commitPassiveUnmountOnFiber (http://localhost:3000/_next/static/chunks/node_modules_next_dist_compiled_react-dom_096_9a-._.js:8888:17)
    at recursivelyTraversePassiveUnmountEffects (http://localhost:3000/_next/static/chunks/node_modules_next_dist_compiled_react-dom_096_9a-._.js:8880:106)
    at commitPassiveUnmountOnFiber (http://localhost:3000/_next/static/chunks/node_modules_next_dist_compiled_react-dom_096_9a-._.js:8888:17) The above error occurred in the <MissionBrief> component. It was handled by the <ErrorBoundary> error boundary. @ http://localhost:3000/_next/static/chunks/node_modules_next_dist_client_0r5nbpw._.js:1998
[  887880ms] [ERROR] [eow] boundary caught: ReferenceError: narrationAudio is not defined
    at MissionBrief.useEffect (http://localhost:3000/_next/static/chunks/src_0t0g3nm._.js?id=%255Bproject%255D%252Fsrc%252Fui%252FMissionBrief.tsx+%255Bapp-client%255D+%2528ecmascript%2529:1:1)
    at Object.react_stack_bottom_frame (http://localhost:3000/_next/static/chunks/node_modules_next_dist_compiled_react-dom_096_9a-._.js:15093:17)
    at runWithFiberInDEV (http://localhost:3000/_next/static/chunks/node_modules_next_dist_compiled_react-dom_096_9a-._.js:965:74)
    at commitHookEffectListUnmount (http://localhost:3000/_next/static/chunks/node_modules_next_dist_compiled_react-dom_096_9a-._.js:7280:166)
    at commitHookPassiveUnmountEffects (http://localhost:3000/_next/static/chunks/node_modules_next_dist_compiled_react-dom_096_9a-._.js:7293:60)
    at commitPassiveUnmountEffectsInsideOfDeletedTree_begin (http://localhost:3000/_next/static/chunks/node_modules_next_dist_compiled_react-dom_096_9a-._.js:8957:21)
    at recursivelyTraversePassiveUnmountEffects (http://localhost:3000/_next/static/chunks/node_modules_next_dist_compiled_react-dom_096_9a-._.js:8874:17)
    at commitPassiveUnmountOnFiber (http://localhost:3000/_next/static/chunks/node_modules_next_dist_compiled_react-dom_096_9a-._.js:8906:17)
    at recursivelyTraversePassiveUnmountEffects (http://localhost:3000/_next/static/chunks/node_modules_next_dist_compiled_react-dom_096_9a-._.js:8880:106)
    at commitPassiveUnmountOnFiber (http://localhost:3000/_next/static/chunks/node_modules_next_dist_compiled_react-dom_096_9a-._.js:8888:17)
    at recursivelyTraversePassiveUnmountEffects (http://localhost:3000/_next/static/chunks/node_modules_next_dist_compiled_react-dom_096_9a-._.js:8880:106)
    at commitPassiveUnmountOnFiber (http://localhost:3000/_next/static/chunks/node_modules_next_dist_compiled_react-dom_096_9a-._.js:8906:17)
    at recursivelyTraversePassiveUnmountEffects (http://localhost:3000/_next/static/chunks/node_modules_next_dist_compiled_react-dom_096_9a-._.js:8880:106)
    at commitPassiveUnmountOnFiber (http://localhost:3000/_next/static/chunks/node_modules_next_dist_compiled_react-dom_096_9a-._.js:8888:17)
    at recursivelyTraversePassiveUnmountEffects (http://localhost:3000/_next/static/chunks/node_modules_next_dist_compiled_react-dom_096_9a-._.js:8880:106)
    at commitPassiveUnmountOnFiber (http://localhost:3000/_next/static/chunks/node_modules_next_dist_compiled_react-dom_096_9a-._.js:8906:17)
    at recursivelyTraversePassiveUnmountEffects (http://localhost:3000/_next/static/chunks/node_modules_next_dist_compiled_react-dom_096_9a-._.js:8880:106)
    at commitPassiveUnmountOnFiber (http://localhost:3000/_next/static/chunks/node_modules_next_dist_compiled_react-dom_096_9a-._.js:8906:17)
    at recursivelyTraversePassiveUnmountEffects (http://localhost:3000/_next/static/chunks/node_modules_next_dist_compiled_react-dom_096_9a-._.js:8880:106)
    at commitPassiveUnmountOnFiber (http://localhost:3000/_next/static/chunks/node_modules_next_dist_compiled_react-dom_096_9a-._.js:8888:17)
    at recursivelyTraversePassiveUnmountEffects (http://localhost:3000/_next/static/chunks/node_modules_next_dist_compiled_react-dom_096_9a-._.js:8880:106)
    at commitPassiveUnmountOnFiber (http://localhost:3000/_next/static/chunks/node_modules_next_dist_compiled_react-dom_096_9a-._.js:8888:17)
    at recursivelyTraversePassiveUnmountEffects (http://localhost:3000/_next/static/chunks/node_modules_next_dist_compiled_react-dom_096_9a-._.js:8880:106)
    at commitPassiveUnmountOnFiber (http://localhost:3000/_next/static/chunks/node_modules_next_dist_compiled_react-dom_096_9a-._.js:8903:610)
    at recursivelyTraversePassiveUnmountEffects (http://localhost:3000/_next/static/chunks/node_modules_next_dist_compiled_react-dom_096_9a-._.js:8880:106)
    at commitPassiveUnmountOnFiber (http://localhost:3000/_next/static/chunks/node_modules_next_dist_compiled_react-dom_096_9a-._.js:8906:17)
    at recursivelyTraversePassiveUnmountEffects (http://localhost:3000/_next/static/chunks/node_modules_next_dist_compiled_react-dom_096_9a-._.js:8880:106)
    at commitPassiveUnmountOnFiber (http://localhost:3000/_next/static/chunks/node_modules_next_dist_compiled_react-dom_096_9a-._.js:8888:17)
    at recursivelyTraversePassiveUnmountEffects (http://localhost:3000/_next/static/chunks/node_modules_next_dist_compiled_react-dom_096_9a-._.js:8880:106)
    at commitPassiveUnmountOnFiber (http://localhost:3000/_next/static/chunks/node_modules_next_dist_compiled_react-dom_096_9a-._.js:8888:17)
    at recursivelyTraversePassiveUnmountEffects (http://localhost:3000/_next/static/chunks/node_modules_next_dist_compiled_react-dom_096_9a-._.js:8880:106)
    at commitPassiveUnmountOnFiber (http://localhost:3000/_next/static/chunks/node_modules_next_dist_compiled_react-dom_096_9a-._.js:8888:17)
    at recursivelyTraversePassiveUnmountEffects (http://localhost:3000/_next/static/chunks/node_modules_next_dist_compiled_react-dom_096_9a-._.js:8880:106)
    at commitPassiveUnmountOnFiber (http://localhost:3000/_next/static/chunks/node_modules_next_dist_compiled_react-dom_096_9a-._.js:8888:17)
    at recursivelyTraversePassiveUnmountEffects (http://localhost:3000/_next/static/chunks/node_modules_next_dist_compiled_react-dom_096_9a-._.js:8880:106)
    at commitPassiveUnmountOnFiber (http://localhost:3000/_next/static/chunks/node_modules_next_dist_compiled_react-dom_096_9a-._.js:8906:17)
    at recursivelyTraversePassiveUnmountEffects (http://localhost:3000/_next/static/chunks/node_modules_next_dist_compiled_react-dom_096_9a-._.js:8880:106)
    at commitPassiveUnmountOnFiber (http://localhost:3000/_next/static/chunks/node_modules_next_dist_compiled_react-dom_096_9a-._.js:8906:17)
    at recursivelyTraversePassiveUnmountEffects (http://localhost:3000/_next/static/chunks/node_modules_next_dist_compiled_react-dom_096_9a-._.js:8880:106)
    at commitPassiveUnmountOnFiber (http://localhost:3000/_next/static/chunks/node_modules_next_dist_compiled_react-dom_096_9a-._.js:8888:17)
    at recursivelyTraversePassiveUnmountEffects (http://localhost:3000/_next/static/chunks/node_modules_next_dist_compiled_react-dom_096_9a-._.js:8880:106)
    at commitPassiveUnmountOnFiber (http://localhost:3000/_next/static/chunks/node_modules_next_dist_compiled_react-dom_096_9a-._.js:8906:17)
    at recursivelyTraversePassiveUnmountEffects (http://localhost:3000/_next/static/chunks/node_modules_next_dist_compiled_react-dom_096_9a-._.js:8880:106)
    at commitPassiveUnmountOnFiber (http://localhost:3000/_next/static/chunks/node_modules_next_dist_compiled_react-dom_096_9a-._.js:8888:17)
    at recursivelyTraversePassiveUnmountEffects (http://localhost:3000/_next/static/chunks/node_modules_next_dist_compiled_react-dom_096_9a-._.js:8880:106)
    at commitPassiveUnmountOnFiber (http://localhost:3000/_next/static/chunks/node_modules_next_dist_compiled_react-dom_096_9a-._.js:8906:17)
    at recursivelyTraversePassiveUnmountEffects (http://localhost:3000/_next/static/chunks/node_modules_next_dist_compiled_react-dom_096_9a-._.js:8880:106)
    at commitPassiveUnmountOnFiber (http://localhost:3000/_next/static/chunks/node_modules_next_dist_compiled_react-dom_096_9a-._.js:8888:17)
    at recursivelyTraversePassiveUnmountEffects (http://localhost:3000/_next/static/chunks/node_modules_next_dist_compiled_react-dom_096_9a-._.js:8880:106)
    at commitPassiveUnmountOnFiber (http://localhost:3000/_next/static/chunks/node_modules_next_dist_compiled_react-dom_096_9a-._.js:8888:17) @ http://localhost:3000/_next/static/chunks/node_modules_next_dist_1ybzpk2._.js:3330
[  887896ms] [LOG] [Fast Refresh] done in 34ms @ http://localhost:3000/_next/static/chunks/node_modules_next_dist_1ybzpk2._.js:2489
[  897800ms] [LOG] [Fast Refresh] rebuilding @ http://localhost:3000/_next/static/chunks/node_modules_next_dist_1ybzpk2._.js:2489
[  898366ms] [LOG] [Fast Refresh] done in 643ms @ http://localhost:3000/_next/static/chunks/node_modules_next_dist_1ybzpk2._.js:2489
[  898463ms] [WARNING] THREE.WebGLShadowMap: PCFSoftShadowMap has been deprecated. Using PCFShadowMap instead. @ http://localhost:3000/_next/static/chunks/node_modules_next_dist_1ybzpk2._.js:2489
[  898909ms] [LOG] THREE.WebGLRenderer: Context Lost. @ http://localhost:3000/_next/static/chunks/node_modules_next_dist_1ybzpk2._.js:2489
[  945014ms] [INFO] %cDownload the React DevTools for a better development experience: https://react.dev/link/react-devtools font-weight:bold @ http://localhost:3000/_next/static/chunks/node_modules_next_dist_1ybzpk2._.js:2489
[  945020ms] [LOG] [HMR] connected @ http://localhost:3000/_next/static/chunks/node_modules_next_dist_1ybzpk2._.js:2489
[  945262ms] [WARNING] THREE.Clock: This module has been deprecated. Please use THREE.Timer instead. @ http://localhost:3000/_next/static/chunks/node_modules_next_dist_1ybzpk2._.js:2489
[  945272ms] [ERROR] Failed to load resource: the server responded with a status of 404 (Not Found) @ http://localhost:3000/video/ch2-intro.mp4:0
[  945281ms] [WARNING] THREE.WebGLShadowMap: PCFSoftShadowMap has been deprecated. Using PCFShadowMap instead. @ http://localhost:3000/_next/static/chunks/node_modules_next_dist_1ybzpk2._.js:2489
[  945355ms] [ERROR] Failed to load resource: the server responded with a status of 404 (Not Found) @ http://localhost:3000/video/ch3-intro.mp4:0
[  947150ms] [INFO] %cDownload the React DevTools for a better development experience: https://react.dev/link/react-devtools font-weight:bold @ http://localhost:3000/_next/static/chunks/node_modules_next_dist_1ybzpk2._.js:2489
[  947158ms] [LOG] [HMR] connected @ http://localhost:3000/_next/static/chunks/node_modules_next_dist_1ybzpk2._.js:2489
[  947412ms] [ERROR] Failed to load resource: the server responded with a status of 404 (Not Found) @ http://localhost:3000/video/ch2-intro.mp4:0
[  947422ms] [WARNING] THREE.Clock: This module has been deprecated. Please use THREE.Timer instead. @ http://localhost:3000/_next/static/chunks/node_modules_next_dist_1ybzpk2._.js:2489
[  947432ms] [ERROR] Failed to load resource: the server responded with a status of 404 (Not Found) @ http://localhost:3000/video/ch3-intro.mp4:0
[  947439ms] [WARNING] THREE.WebGLShadowMap: PCFSoftShadowMap has been deprecated. Using PCFShadowMap instead. @ http://localhost:3000/_next/static/chunks/node_modules_next_dist_1ybzpk2._.js:2489
[  949709ms] [WARNING] THREE.WebGLShadowMap: PCFSoftShadowMap has been deprecated. Using PCFShadowMap instead. @ http://localhost:3000/_next/static/chunks/node_modules_next_dist_1ybzpk2._.js:2489
[  952476ms] [WARNING] THREE.WebGLShadowMap: PCFSoftShadowMap has been deprecated. Using PCFShadowMap instead. @ http://localhost:3000/_next/static/chunks/node_modules_next_dist_1ybzpk2._.js:2489
[  953382ms] [WARNING] THREE.WebGLShadowMap: PCFSoftShadowMap has been deprecated. Using PCFShadowMap instead. @ http://localhost:3000/_next/static/chunks/node_modules_next_dist_1ybzpk2._.js:2489
[  954251ms] [WARNING] THREE.WebGLShadowMap: PCFSoftShadowMap has been deprecated. Using PCFShadowMap instead. @ http://localhost:3000/_next/static/chunks/node_modules_next_dist_1ybzpk2._.js:2489
[  956474ms] [WARNING] THREE.WebGLShadowMap: PCFSoftShadowMap has been deprecated. Using PCFShadowMap instead. @ http://localhost:3000/_next/static/chunks/node_modules_next_dist_1ybzpk2._.js:2489
[  956515ms] [WARNING] THREE.WebGLShadowMap: PCFSoftShadowMap has been deprecated. Using PCFShadowMap instead. @ http://localhost:3000/_next/static/chunks/node_modules_next_dist_1ybzpk2._.js:2489
[  957372ms] [WARNING] THREE.WebGLShadowMap: PCFSoftShadowMap has been deprecated. Using PCFShadowMap instead. @ http://localhost:3000/_next/static/chunks/node_modules_next_dist_1ybzpk2._.js:2489
[  967397ms] [WARNING] THREE.WebGLShadowMap: PCFSoftShadowMap has been deprecated. Using PCFShadowMap instead. @ http://localhost:3000/_next/static/chunks/node_modules_next_dist_1ybzpk2._.js:2489
[  967408ms] [WARNING] THREE.WebGLShadowMap: PCFSoftShadowMap has been deprecated. Using PCFShadowMap instead. @ http://localhost:3000/_next/static/chunks/node_modules_next_dist_1ybzpk2._.js:2489
[ 1054330ms] [INFO] %cDownload the React DevTools for a better development experience: https://react.dev/link/react-devtools font-weight:bold @ http://localhost:3000/_next/static/chunks/node_modules_next_dist_1ybzpk2._.js:2489
[ 1054336ms] [LOG] [HMR] connected @ http://localhost:3000/_next/static/chunks/node_modules_next_dist_1ybzpk2._.js:2489
[ 1054597ms] [ERROR] Failed to load resource: the server responded with a status of 404 (Not Found) @ http://localhost:3000/video/ch2-intro.mp4:0
[ 1054603ms] [WARNING] THREE.Clock: This module has been deprecated. Please use THREE.Timer instead. @ http://localhost:3000/_next/static/chunks/node_modules_next_dist_1ybzpk2._.js:2489
[ 1054619ms] [WARNING] THREE.WebGLShadowMap: PCFSoftShadowMap has been deprecated. Using PCFShadowMap instead. @ http://localhost:3000/_next/static/chunks/node_modules_next_dist_1ybzpk2._.js:2489
[ 1054622ms] [ERROR] Failed to load resource: the server responded with a status of 404 (Not Found) @ http://localhost:3000/video/ch3-intro.mp4:0
[ 1056426ms] [INFO] %cDownload the React DevTools for a better development experience: https://react.dev/link/react-devtools font-weight:bold @ http://localhost:3000/_next/static/chunks/node_modules_next_dist_1ybzpk2._.js:2489
[ 1056434ms] [LOG] [HMR] connected @ http://localhost:3000/_next/static/chunks/node_modules_next_dist_1ybzpk2._.js:2489
[ 1056687ms] [ERROR] Failed to load resource: the server responded with a status of 404 (Not Found) @ http://localhost:3000/video/ch2-intro.mp4:0
[ 1056703ms] [WARNING] THREE.Clock: This module has been deprecated. Please use THREE.Timer instead. @ http://localhost:3000/_next/static/chunks/node_modules_next_dist_1ybzpk2._.js:2489
[ 1056712ms] [ERROR] Failed to load resource: the server responded with a status of 404 (Not Found) @ http://localhost:3000/video/ch3-intro.mp4:0
[ 1056718ms] [WARNING] THREE.WebGLShadowMap: PCFSoftShadowMap has been deprecated. Using PCFShadowMap instead. @ http://localhost:3000/_next/static/chunks/node_modules_next_dist_1ybzpk2._.js:2489
[ 1058984ms] [WARNING] THREE.WebGLShadowMap: PCFSoftShadowMap has been deprecated. Using PCFShadowMap instead. @ http://localhost:3000/_next/static/chunks/node_modules_next_dist_1ybzpk2._.js:2489
[ 1061748ms] [WARNING] THREE.WebGLShadowMap: PCFSoftShadowMap has been deprecated. Using PCFShadowMap instead. @ http://localhost:3000/_next/static/chunks/node_modules_next_dist_1ybzpk2._.js:2489
[ 1062655ms] [WARNING] THREE.WebGLShadowMap: PCFSoftShadowMap has been deprecated. Using PCFShadowMap instead. @ http://localhost:3000/_next/static/chunks/node_modules_next_dist_1ybzpk2._.js:2489
[ 1063527ms] [WARNING] THREE.WebGLShadowMap: PCFSoftShadowMap has been deprecated. Using PCFShadowMap instead. @ http://localhost:3000/_next/static/chunks/node_modules_next_dist_1ybzpk2._.js:2489
[ 1065742ms] [WARNING] THREE.WebGLShadowMap: PCFSoftShadowMap has been deprecated. Using PCFShadowMap instead. @ http://localhost:3000/_next/static/chunks/node_modules_next_dist_1ybzpk2._.js:2489
[ 1065779ms] [WARNING] THREE.WebGLShadowMap: PCFSoftShadowMap has been deprecated. Using PCFShadowMap instead. @ http://localhost:3000/_next/static/chunks/node_modules_next_dist_1ybzpk2._.js:2489
[ 1066642ms] [WARNING] THREE.WebGLShadowMap: PCFSoftShadowMap has been deprecated. Using PCFShadowMap instead. @ http://localhost:3000/_next/static/chunks/node_modules_next_dist_1ybzpk2._.js:2489
[ 1076662ms] [WARNING] THREE.WebGLShadowMap: PCFSoftShadowMap has been deprecated. Using PCFShadowMap instead. @ http://localhost:3000/_next/static/chunks/node_modules_next_dist_1ybzpk2._.js:2489
[ 1076674ms] [WARNING] THREE.WebGLShadowMap: PCFSoftShadowMap has been deprecated. Using PCFShadowMap instead. @ http://localhost:3000/_next/static/chunks/node_modules_next_dist_1ybzpk2._.js:2489
[ 1109938ms] [INFO] %cDownload the React DevTools for a better development experience: https://react.dev/link/react-devtools font-weight:bold @ http://localhost:3000/_next/static/chunks/node_modules_next_dist_1ybzpk2._.js:2489
[ 1109945ms] [LOG] [HMR] connected @ http://localhost:3000/_next/static/chunks/node_modules_next_dist_1ybzpk2._.js:2489
[ 1110198ms] [ERROR] Failed to load resource: the server responded with a status of 404 (Not Found) @ http://localhost:3000/video/ch2-intro.mp4:0
[ 1110199ms] [WARNING] THREE.Clock: This module has been deprecated. Please use THREE.Timer instead. @ http://localhost:3000/_next/static/chunks/node_modules_next_dist_1ybzpk2._.js:2489
[ 1110216ms] [WARNING] THREE.WebGLShadowMap: PCFSoftShadowMap has been deprecated. Using PCFShadowMap instead. @ http://localhost:3000/_next/static/chunks/node_modules_next_dist_1ybzpk2._.js:2489
[ 1110266ms] [ERROR] Failed to load resource: the server responded with a status of 404 (Not Found) @ http://localhost:3000/video/ch3-intro.mp4:0
[ 1112995ms] [WARNING] THREE.WebGLShadowMap: PCFSoftShadowMap has been deprecated. Using PCFShadowMap instead. @ http://localhost:3000/_next/static/chunks/node_modules_next_dist_1ybzpk2._.js:2489
[ 1115760ms] [WARNING] THREE.WebGLShadowMap: PCFSoftShadowMap has been deprecated. Using PCFShadowMap instead. @ http://localhost:3000/_next/static/chunks/node_modules_next_dist_1ybzpk2._.js:2489
[ 1116664ms] [WARNING] THREE.WebGLShadowMap: PCFSoftShadowMap has been deprecated. Using PCFShadowMap instead. @ http://localhost:3000/_next/static/chunks/node_modules_next_dist_1ybzpk2._.js:2489
[ 1151695ms] [INFO] %cDownload the React DevTools for a better development experience: https://react.dev/link/react-devtools font-weight:bold @ http://localhost:3000/_next/static/chunks/node_modules_next_dist_1ybzpk2._.js:2489
[ 1151703ms] [LOG] [HMR] connected @ http://localhost:3000/_next/static/chunks/node_modules_next_dist_1ybzpk2._.js:2489
[ 1151958ms] [ERROR] Failed to load resource: the server responded with a status of 404 (Not Found) @ http://localhost:3000/video/ch2-intro.mp4:0
[ 1151965ms] [WARNING] THREE.Clock: This module has been deprecated. Please use THREE.Timer instead. @ http://localhost:3000/_next/static/chunks/node_modules_next_dist_1ybzpk2._.js:2489
[ 1151982ms] [WARNING] THREE.WebGLShadowMap: PCFSoftShadowMap has been deprecated. Using PCFShadowMap instead. @ http://localhost:3000/_next/static/chunks/node_modules_next_dist_1ybzpk2._.js:2489
[ 1151985ms] [ERROR] Failed to load resource: the server responded with a status of 404 (Not Found) @ http://localhost:3000/video/ch3-intro.mp4:0
[ 1153796ms] [INFO] %cDownload the React DevTools for a better development experience: https://react.dev/link/react-devtools font-weight:bold @ http://localhost:3000/_next/static/chunks/node_modules_next_dist_1ybzpk2._.js:2489
[ 1153807ms] [LOG] [HMR] connected @ http://localhost:3000/_next/static/chunks/node_modules_next_dist_1ybzpk2._.js:2489
[ 1154055ms] [ERROR] Failed to load resource: the server responded with a status of 404 (Not Found) @ http://localhost:3000/video/ch2-intro.mp4:0
[ 1154073ms] [WARNING] THREE.Clock: This module has been deprecated. Please use THREE.Timer instead. @ http://localhost:3000/_next/static/chunks/node_modules_next_dist_1ybzpk2._.js:2489
[ 1154081ms] [ERROR] Failed to load resource: the server responded with a status of 404 (Not Found) @ http://localhost:3000/video/ch3-intro.mp4:0
[ 1154088ms] [WARNING] THREE.WebGLShadowMap: PCFSoftShadowMap has been deprecated. Using PCFShadowMap instead. @ http://localhost:3000/_next/static/chunks/node_modules_next_dist_1ybzpk2._.js:2489
[ 1156378ms] [WARNING] THREE.WebGLShadowMap: PCFSoftShadowMap has been deprecated. Using PCFShadowMap instead. @ http://localhost:3000/_next/static/chunks/node_modules_next_dist_1ybzpk2._.js:2489
[ 1159140ms] [WARNING] THREE.WebGLShadowMap: PCFSoftShadowMap has been deprecated. Using PCFShadowMap instead. @ http://localhost:3000/_next/static/chunks/node_modules_next_dist_1ybzpk2._.js:2489
[ 1160054ms] [WARNING] THREE.WebGLShadowMap: PCFSoftShadowMap has been deprecated. Using PCFShadowMap instead. @ http://localhost:3000/_next/static/chunks/node_modules_next_dist_1ybzpk2._.js:2489
[ 1160919ms] [WARNING] THREE.WebGLShadowMap: PCFSoftShadowMap has been deprecated. Using PCFShadowMap instead. @ http://localhost:3000/_next/static/chunks/node_modules_next_dist_1ybzpk2._.js:2489
[ 1163128ms] [WARNING] THREE.WebGLShadowMap: PCFSoftShadowMap has been deprecated. Using PCFShadowMap instead. @ http://localhost:3000/_next/static/chunks/node_modules_next_dist_1ybzpk2._.js:2489
[ 1163172ms] [WARNING] THREE.WebGLShadowMap: PCFSoftShadowMap has been deprecated. Using PCFShadowMap instead. @ http://localhost:3000/_next/static/chunks/node_modules_next_dist_1ybzpk2._.js:2489
[ 1164032ms] [WARNING] THREE.WebGLShadowMap: PCFSoftShadowMap has been deprecated. Using PCFShadowMap instead. @ http://localhost:3000/_next/static/chunks/node_modules_next_dist_1ybzpk2._.js:2489
[ 1174063ms] [WARNING] THREE.WebGLShadowMap: PCFSoftShadowMap has been deprecated. Using PCFShadowMap instead. @ http://localhost:3000/_next/static/chunks/node_modules_next_dist_1ybzpk2._.js:2489
[ 1174076ms] [WARNING] THREE.WebGLShadowMap: PCFSoftShadowMap has been deprecated. Using PCFShadowMap instead. @ http://localhost:3000/_next/static/chunks/node_modules_next_dist_1ybzpk2._.js:2489
[ 1233399ms] [LOG] [Fast Refresh] rebuilding @ http://localhost:3000/_next/static/chunks/node_modules_next_dist_1ybzpk2._.js:2489
[ 1233562ms] [LOG] [Fast Refresh] done in 237ms @ http://localhost:3000/_next/static/chunks/node_modules_next_dist_1ybzpk2._.js:2489
[ 1245590ms] [LOG] [Fast Refresh] rebuilding @ http://localhost:3000/_next/static/chunks/node_modules_next_dist_1ybzpk2._.js:2489
[ 1245614ms] [LOG] [Fast Refresh] done in 43ms @ http://localhost:3000/_next/static/chunks/node_modules_next_dist_1ybzpk2._.js:2489
[ 1286516ms] [INFO] %cDownload the React DevTools for a better development experience: https://react.dev/link/react-devtools font-weight:bold @ http://localhost:3000/_next/static/chunks/node_modules_next_dist_1ybzpk2._.js:2489
[ 1286526ms] [LOG] [HMR] connected @ http://localhost:3000/_next/static/chunks/node_modules_next_dist_1ybzpk2._.js:2489
[ 1286755ms] [ERROR] Failed to load resource: the server responded with a status of 404 (Not Found) @ http://localhost:3000/video/ch2-intro.mp4:0
[ 1286764ms] [WARNING] THREE.Clock: This module has been deprecated. Please use THREE.Timer instead. @ http://localhost:3000/_next/static/chunks/node_modules_next_dist_1ybzpk2._.js:2489
[ 1286773ms] [ERROR] Failed to load resource: the server responded with a status of 404 (Not Found) @ http://localhost:3000/video/ch3-intro.mp4:0
[ 1286784ms] [WARNING] THREE.WebGLShadowMap: PCFSoftShadowMap has been deprecated. Using PCFShadowMap instead. @ http://localhost:3000/_next/static/chunks/node_modules_next_dist_1ybzpk2._.js:2489
[ 1288617ms] [INFO] %cDownload the React DevTools for a better development experience: https://react.dev/link/react-devtools font-weight:bold @ http://localhost:3000/_next/static/chunks/node_modules_next_dist_1ybzpk2._.js:2489
[ 1288625ms] [LOG] [HMR] connected @ http://localhost:3000/_next/static/chunks/node_modules_next_dist_1ybzpk2._.js:2489
[ 1288880ms] [ERROR] Failed to load resource: the server responded with a status of 404 (Not Found) @ http://localhost:3000/video/ch2-intro.mp4:0
[ 1288894ms] [WARNING] THREE.Clock: This module has been deprecated. Please use THREE.Timer instead. @ http://localhost:3000/_next/static/chunks/node_modules_next_dist_1ybzpk2._.js:2489
[ 1288902ms] [ERROR] Failed to load resource: the server responded with a status of 404 (Not Found) @ http://localhost:3000/video/ch3-intro.mp4:0
[ 1288910ms] [WARNING] THREE.WebGLShadowMap: PCFSoftShadowMap has been deprecated. Using PCFShadowMap instead. @ http://localhost:3000/_next/static/chunks/node_modules_next_dist_1ybzpk2._.js:2489
[ 1291170ms] [WARNING] THREE.WebGLShadowMap: PCFSoftShadowMap has been deprecated. Using PCFShadowMap instead. @ http://localhost:3000/_next/static/chunks/node_modules_next_dist_1ybzpk2._.js:2489
[ 1293934ms] [WARNING] THREE.WebGLShadowMap: PCFSoftShadowMap has been deprecated. Using PCFShadowMap instead. @ http://localhost:3000/_next/static/chunks/node_modules_next_dist_1ybzpk2._.js:2489
[ 1294843ms] [WARNING] THREE.WebGLShadowMap: PCFSoftShadowMap has been deprecated. Using PCFShadowMap instead. @ http://localhost:3000/_next/static/chunks/node_modules_next_dist_1ybzpk2._.js:2489
[ 1295711ms] [WARNING] THREE.WebGLShadowMap: PCFSoftShadowMap has been deprecated. Using PCFShadowMap instead. @ http://localhost:3000/_next/static/chunks/node_modules_next_dist_1ybzpk2._.js:2489
[ 1297931ms] [WARNING] THREE.WebGLShadowMap: PCFSoftShadowMap has been deprecated. Using PCFShadowMap instead. @ http://localhost:3000/_next/static/chunks/node_modules_next_dist_1ybzpk2._.js:2489
[ 1297972ms] [WARNING] THREE.WebGLShadowMap: PCFSoftShadowMap has been deprecated. Using PCFShadowMap instead. @ http://localhost:3000/_next/static/chunks/node_modules_next_dist_1ybzpk2._.js:2489
[ 1298829ms] [WARNING] THREE.WebGLShadowMap: PCFSoftShadowMap has been deprecated. Using PCFShadowMap instead. @ http://localhost:3000/_next/static/chunks/node_modules_next_dist_1ybzpk2._.js:2489
[ 1308850ms] [WARNING] THREE.WebGLShadowMap: PCFSoftShadowMap has been deprecated. Using PCFShadowMap instead. @ http://localhost:3000/_next/static/chunks/node_modules_next_dist_1ybzpk2._.js:2489
[ 1308865ms] [WARNING] THREE.WebGLShadowMap: PCFSoftShadowMap has been deprecated. Using PCFShadowMap instead. @ http://localhost:3000/_next/static/chunks/node_modules_next_dist_1ybzpk2._.js:2489
[ 1358072ms] [INFO] %cDownload the React DevTools for a better development experience: https://react.dev/link/react-devtools font-weight:bold @ http://localhost:3000/_next/static/chunks/node_modules_next_dist_1ybzpk2._.js:2489
[ 1358081ms] [LOG] [HMR] connected @ http://localhost:3000/_next/static/chunks/node_modules_next_dist_1ybzpk2._.js:2489
[ 1358285ms] [ERROR] Failed to load resource: the server responded with a status of 404 (Not Found) @ http://localhost:3000/video/ch2-intro.mp4:0
[ 1358290ms] [WARNING] THREE.Clock: This module has been deprecated. Please use THREE.Timer instead. @ http://localhost:3000/_next/static/chunks/node_modules_next_dist_1ybzpk2._.js:2489
[ 1358307ms] [WARNING] THREE.WebGLShadowMap: PCFSoftShadowMap has been deprecated. Using PCFShadowMap instead. @ http://localhost:3000/_next/static/chunks/node_modules_next_dist_1ybzpk2._.js:2489
[ 1358310ms] [ERROR] Failed to load resource: the server responded with a status of 404 (Not Found) @ http://localhost:3000/video/ch3-intro.mp4:0
[ 1360175ms] [INFO] %cDownload the React DevTools for a better development experience: https://react.dev/link/react-devtools font-weight:bold @ http://localhost:3000/_next/static/chunks/node_modules_next_dist_1ybzpk2._.js:2489
[ 1360183ms] [LOG] [HMR] connected @ http://localhost:3000/_next/static/chunks/node_modules_next_dist_1ybzpk2._.js:2489
[ 1360432ms] [ERROR] Failed to load resource: the server responded with a status of 404 (Not Found) @ http://localhost:3000/video/ch2-intro.mp4:0
[ 1360449ms] [WARNING] THREE.Clock: This module has been deprecated. Please use THREE.Timer instead. @ http://localhost:3000/_next/static/chunks/node_modules_next_dist_1ybzpk2._.js:2489
[ 1360458ms] [ERROR] Failed to load resource: the server responded with a status of 404 (Not Found) @ http://localhost:3000/video/ch3-intro.mp4:0
[ 1360465ms] [WARNING] THREE.WebGLShadowMap: PCFSoftShadowMap has been deprecated. Using PCFShadowMap instead. @ http://localhost:3000/_next/static/chunks/node_modules_next_dist_1ybzpk2._.js:2489
[ 1363682ms] [WARNING] THREE.WebGLShadowMap: PCFSoftShadowMap has been deprecated. Using PCFShadowMap instead. @ http://localhost:3000/_next/static/chunks/node_modules_next_dist_1ybzpk2._.js:2489
[ 1406085ms] [LOG] [Fast Refresh] rebuilding @ http://localhost:3000/_next/static/chunks/node_modules_next_dist_1ybzpk2._.js:2489
[ 1406103ms] [LOG] [Fast Refresh] done in 95ms @ http://localhost:3000/_next/static/chunks/node_modules_next_dist_1ybzpk2._.js:2489
[ 1416510ms] [LOG] [Fast Refresh] rebuilding @ http://localhost:3000/_next/static/chunks/node_modules_next_dist_1ybzpk2._.js:2489
[ 1416532ms] [LOG] [Fast Refresh] done in 43ms @ http://localhost:3000/_next/static/chunks/node_modules_next_dist_1ybzpk2._.js:2489
[ 1427534ms] [LOG] [Fast Refresh] rebuilding @ http://localhost:3000/_next/static/chunks/node_modules_next_dist_1ybzpk2._.js:2489
[ 1427558ms] [LOG] [Fast Refresh] done in 80ms @ http://localhost:3000/_next/static/chunks/node_modules_next_dist_1ybzpk2._.js:2489
[ 1459046ms] [INFO] %cDownload the React DevTools for a better development experience: https://react.dev/link/react-devtools font-weight:bold @ http://localhost:3000/_next/static/chunks/node_modules_next_dist_1ybzpk2._.js:2489
[ 1459055ms] [LOG] [HMR] connected @ http://localhost:3000/_next/static/chunks/node_modules_next_dist_1ybzpk2._.js:2489
[ 1459270ms] [WARNING] THREE.Clock: This module has been deprecated. Please use THREE.Timer instead. @ http://localhost:3000/_next/static/chunks/node_modules_next_dist_1ybzpk2._.js:2489
[ 1459301ms] [WARNING] THREE.WebGLShadowMap: PCFSoftShadowMap has been deprecated. Using PCFShadowMap instead. @ http://localhost:3000/_next/static/chunks/node_modules_next_dist_1ybzpk2._.js:2489
[ 1459327ms] [ERROR] Failed to load resource: the server responded with a status of 404 (Not Found) @ http://localhost:3000/video/ch2-intro.mp4:0
[ 1459384ms] [ERROR] Failed to load resource: the server responded with a status of 404 (Not Found) @ http://localhost:3000/video/ch3-intro.mp4:0
[ 1461146ms] [INFO] %cDownload the React DevTools for a better development experience: https://react.dev/link/react-devtools font-weight:bold @ http://localhost:3000/_next/static/chunks/node_modules_next_dist_1ybzpk2._.js:2489
[ 1461153ms] [LOG] [HMR] connected @ http://localhost:3000/_next/static/chunks/node_modules_next_dist_1ybzpk2._.js:2489
[ 1461415ms] [ERROR] Failed to load resource: the server responded with a status of 404 (Not Found) @ http://localhost:3000/video/ch2-intro.mp4:0
[ 1461425ms] [WARNING] THREE.Clock: This module has been deprecated. Please use THREE.Timer instead. @ http://localhost:3000/_next/static/chunks/node_modules_next_dist_1ybzpk2._.js:2489
[ 1461434ms] [ERROR] Failed to load resource: the server responded with a status of 404 (Not Found) @ http://localhost:3000/video/ch3-intro.mp4:0
[ 1461441ms] [WARNING] THREE.WebGLShadowMap: PCFSoftShadowMap has been deprecated. Using PCFShadowMap instead. @ http://localhost:3000/_next/static/chunks/node_modules_next_dist_1ybzpk2._.js:2489
[ 1463695ms] [WARNING] THREE.WebGLShadowMap: PCFSoftShadowMap has been deprecated. Using PCFShadowMap instead. @ http://localhost:3000/_next/static/chunks/node_modules_next_dist_1ybzpk2._.js:2489
[ 1466458ms] [WARNING] THREE.WebGLShadowMap: PCFSoftShadowMap has been deprecated. Using PCFShadowMap instead. @ http://localhost:3000/_next/static/chunks/node_modules_next_dist_1ybzpk2._.js:2489
[ 1467369ms] [WARNING] THREE.WebGLShadowMap: PCFSoftShadowMap has been deprecated. Using PCFShadowMap instead. @ http://localhost:3000/_next/static/chunks/node_modules_next_dist_1ybzpk2._.js:2489
[ 1468236ms] [WARNING] THREE.WebGLShadowMap: PCFSoftShadowMap has been deprecated. Using PCFShadowMap instead. @ http://localhost:3000/_next/static/chunks/node_modules_next_dist_1ybzpk2._.js:2489
[ 1470446ms] [WARNING] THREE.WebGLShadowMap: PCFSoftShadowMap has been deprecated. Using PCFShadowMap instead. @ http://localhost:3000/_next/static/chunks/node_modules_next_dist_1ybzpk2._.js:2489
[ 1470477ms] [WARNING] THREE.WebGLShadowMap: PCFSoftShadowMap has been deprecated. Using PCFShadowMap instead. @ http://localhost:3000/_next/static/chunks/node_modules_next_dist_1ybzpk2._.js:2489
[ 1471347ms] [WARNING] THREE.WebGLShadowMap: PCFSoftShadowMap has been deprecated. Using PCFShadowMap instead. @ http://localhost:3000/_next/static/chunks/node_modules_next_dist_1ybzpk2._.js:2489
[ 1481373ms] [WARNING] THREE.WebGLShadowMap: PCFSoftShadowMap has been deprecated. Using PCFShadowMap instead. @ http://localhost:3000/_next/static/chunks/node_modules_next_dist_1ybzpk2._.js:2489
[ 1481384ms] [WARNING] THREE.WebGLShadowMap: PCFSoftShadowMap has been deprecated. Using PCFShadowMap instead. @ http://localhost:3000/_next/static/chunks/node_modules_next_dist_1ybzpk2._.js:2489
